source,name,state,postcode,website,sectors
qsec,"Ability Enterprises",QLD,4350,,""
qsec,"Animal Instincts Australia",QLD,4354,,""
qsec,"Aqua Ubique",QLD,4575,,""
qsec,"Australian Spatial Analytics",QLD,4006,,""
qsec,"Australian Urban Growers",QLD,4034,,""
qsec,"Avodah Global Pty Ltd",QLD,4006,,""
qsec,"Bama Facilities Maintenance Pty Ltd",QLD,4870,,""
qsec,"Better Merch",QLD,4006,,""
qsec,"Bloom Cycle",QLD,4173,,""
qsec,"Brandkind",NSW,2000,,""
qsec,"Brick and Block Careers",QLD,4000,,""
qsec,"Bush Clinicians Group",QLD,4557,,""
qsec,"Central Highlands Healthcare",QLD,4720,,""
qsec,"Champion Life Education",QLD,4006,,""
qsec,"CHRRUP Limited",QLD,4720,,""
qsec,"Elevate Residential",QLD,4000,,""
qsec,"Empathy First Pty Ltd",QLD,4054,,""
qsec,"Enablen Pty Ltd",QLD,4812,,""
qsec,"everyBody eBikes",QLD,4051,,""
qsec,"Foodbank Queensland",QLD,4170,,""
qsec,"Fruit2Work",QLD,4108,,""
qsec,"Future Anything Pty Ltd",QLD,4005,,""
qsec,"Give Industries",QLD,4170,,""
qsec,"Green Fox Studio",QLD,4107,,""
qsec,"Happy Paws Happy Hearts Ltd",QLD,4076,,""
qsec,"Hope Street Cafe",QLD,4101,,""
qsec,"Institute for Healthy Communities Australia Limited",QLD,4066,,""
qsec,"Lagoon Creek Cafe",QLD,4510,,""
qsec,"Learn Grow Become",QLD,4702,,""
qsec,"Little Change Creators",QLD,4170,,""
qsec,"Lovewell Cafe",QLD,4122,,""
qsec,"Marhaba Cafe",QLD,4000,,""
qsec,"Mob Box Containers",QLD,4280,,""
qsec,"Natura Pacific Pty Ltd",QLD,4220,,""
qsec,"Neighbours Aid Ltd",QLD,4560,,""
qsec,"Nundah Community Enterprises Co-op",QLD,4012,,""
qsec,"People Power Services Ltd",QLD,4064,,""
qsec,"People With Purpose Pty Ltd",QLD,4068,,""
qsec,"Possums (NDC Institute Pty Ltd)",QLD,4068,,""
qsec,"Social Scaffolding",QLD,4069,,""
qsec,"Spotscreen Pty Ltd",WA,6018,,""
qsec,"Spouse Force",QLD,4055,,""
qsec,"Stirling & Truffles",QLD,4352,,""
qsec,"Strong Communities",QLD,4680,,""
qsec,"The Neurodiverse Safe Work Initiative",QLD,4019,,""
qsec,"TradeMutt Pty Ltd",QLD,4076,,""
qsec,"Untapped Customer",QLD,4127,,""
qsec,"Vanguard Laundry",QLD,4350,,""
qsec,"Wheelnutz Garage",QLD,4131,,""
qsec,"Whitsunday Community Services Inc",QLD,4802,,""
qsec,"WV Technologies",ACT,2609,,""
qsec,"Yoga on the Inside",QLD,4107,,""
qsec,"Young Change Agents Ltd",NSW,2046,,""
senvic,"(Think) Enough",VIC,3158,https://www.thinkenough.com/,""
senvic,"#GoKindly",VIC,3058,https://www.gokindly.com.au/,""
senvic,"100 Coffee Movement",VIC,3142,,""
senvic,"100 Mile Foodie",VIC,,,""
senvic,"100 Story Building",VIC,3011,https://www.100storybuilding.org.au,"Arts and culture; Education and training"
senvic,"A Fitting Connection",VIC,3088,https://afittingconnection.com.au/,"education and training; festivals and events; community & cultural development"
senvic,"A Pot of Courage",VIC,3350,https://www.apotofcourage.com.au,""
senvic,"AAA Adventure holidays",VIC,3698,,""
senvic,"Ability Works Australia",VIC,3101,https://www.abilityworks.com.au/,"Business services; Employment; Manufacturing; Packaging; distribution and storage"
senvic,"AbilityMade",VIC,3002,https://www.abilitymade.com/,""
senvic,"Aboriginal Housing Victoria Ltd",VIC,3350,https://www.ahvic.org.au,""
senvic,"Access Australia Group",VIC,3550,https://aag.org.au,"Catering; cafe; restaurant; bar; baker; Education and training; Employment; Festivals and events; Food and beverage products; Gardening; landscaping; fencing; Social Enterprise Groups; Tourism"
senvic,"ACE Gear Bags",VIC,,,""
senvic,"ACSO",VIC,3400,,""
senvic,"ActionSkills",VIC,3971,,"IT and web design; Media and communications"
senvic,"AgBiz Assist Ltd",VIC,3690,http://www.agbizassist.org.au,""
senvic,"Agency 357",VIC,,,"business services"
senvic,"Alepp Project",VIC,,,""
senvic,"Alisoun Neville Expressive Arts Therapy",VIC,3072,https://www.alisounneville.com.au/,""
senvic,"All Things Equal",VIC,3183,https://www.allthingsequal.com.au,"Catering; cafe; restaurant; bar; baker; Education and training; Employment"
senvic,"Anika Legal",VIC,3000,https://www.anikalegal.com/,"Education and training; Legal services"
senvic,"Anne Pang Self Defence",VIC,3142,,"Arts and culture; Community & Cultural Development; Education and training; Personal and social care; Sports and recreation"
senvic,"Anz",VIC,,,""
senvic,"Apple FM",VIC,3340,https://www.radioau.net,""
senvic,"Ararat & District U3A",VIC,3377,https://www.radioau.net,""
senvic,"Ararat Gardening Service Pinacle Inc",VIC,3377,https://www.Pinnacleinc.com.au,""
senvic,"Ararat Laundromat",VIC,3377,,""
senvic,"Ararat Live Inc",VIC,3377,,""
senvic,"Ararat Show Society Inc",VIC,3377,https://www.araratshow.com.au,""
senvic,"Arctic 90",VIC,,,""
senvic,"are-able",VIC,3280,https://www.areable.org.au/,"employment"
senvic,"AroundAgain",VIC,3500,,""
senvic,"Art Is Festival",VIC,3400,https://www.artiswimmera.com,""
senvic,"Art Resource Collective",VIC,3869,http://arc.org.au,""
senvic,"Arts Centre Melbourne",VIC,3004,,""
senvic,"Asanti",VIC,3925,http://www.asanti.com.au,"Clothing and personal accessories; Personal and social care"
senvic,"ASAP Events",VIC,,,"Festivals and events"
senvic,"ASRC Catering",VIC,3068,https://www.catering.asrc.org.au/,"Catering; cafe; restaurant; bar; baker"
senvic,"ASRC Cleaning",VIC,3011,https://www.cleaning.asrc.org.au/,"Cleaning; housekeeping & laundry services"
senvic,"Assembled Threads",VIC,3121,https://www.assembledthreads.com/,""
senvic,"Asylum Seeker Resource Centre",VIC,3011,,"Catering; cafe; restaurant; bar; baker; Cleaning; housekeeping & laundry services"
senvic,"Attwood House Community Centre",VIC,3049,http://attwoodhouse.org.au,""
senvic,"Australia Post",VIC,3000,,""
senvic,"Australian Centre for Rural Entrepreneurship",VIC,3747,http://www.acre.org.au,"Business services; Community & Cultural Development; Impact and evaluation; Social Enterprise Groups"
senvic,"Australian College Of Applied Psychology",VIC,3000,,""
senvic,"Australian Conservation Foundation",VIC,3053,,""
senvic,"Australian South Asian Centre",VIC,3125,https://australiansouthasiancentre.com/shop-online/,"Arts and culture"
senvic,"Australian Spatial Analytics",VIC,3121,https://www.asanalytics.com.au/,"Business services"
senvic,"Australian Unity Home Care",VIC,3350,https://www.australianunity.com.au,""
senvic,"Avoca District Co-operative Limited",VIC,3467,https://www.bendigobank.com.au/branch/vic/community-bank-avoca/,""
senvic,"Awakening Leadership",NSW,2483,http://www.yollana.com,""
senvic,"Aware Programs",VIC,3690,,""
senvic,"Awareaway",VIC,,,""
senvic,"AXIS Employment Ararat",VIC,3377,https://www.caei.com.au,""
senvic,"AXIS Employment Ballarat",VIC,3377,https://www.caei.com.au,""
senvic,"AXIS Employment Stawell",VIC,3380,https://www.caei.com.au,""
senvic,"AXIS Employment Wendouree West",VIC,3380,https://www.caei.com.au,""
senvic,"AXIS Worx",VIC,3400,https://www.caei.com.au,""
senvic,"B Lab Australia and New Zealand",VIC,3000,http://www.bcorporation.com.au,""
senvic,"B-Alternative",VIC,3198,https://www.b-alternative.com/,"Arts and culture; Business services; Environmental services; Festivals and events; Food and beverage products; Packaging; distribution and storage; Recycling and waste management"
senvic,"Bacchus Marsh Arts Council Inc",VIC,3340,https://www.bmaci.org.au,""
senvic,"Bacchus Marsh Community Enterprise Ltd ( Bendigo bank )",VIC,3340,https://www.bendigobank.com.au,""
senvic,"Bacchus Marsh Hospital Ladies Auxillary Op Shop",VIC,3340,,""
senvic,"Bacchus Marsh Pharmacy",VIC,3340,https://www.ufs.com.au,""
senvic,"Bacchus Marsh Salvos",VIC,3340,https://www.salvosstores.com.au,""
senvic,"Bacchus Marsh U3A Inc",VIC,3340,https://www.u3aonline.org.au,""
senvic,"Back to Back Theatre",VIC,3220,https://backtobacktheatre.com/,""
senvic,"Backyard Beekeeping Ballarat",VIC,3350,https://backyardbeesballarat.com.au/,""
senvic,"Balla Balla Community Centre",VIC,3977,https://www.ballaballa.com.au,""
senvic,"Ballan Farmers' Market",VIC,3342,https://www.ballanchamberofcommerce.com.au,""
senvic,"Ballan Pharmacy",VIC,3342,https://www.ufs.com.au,""
senvic,"Ballarat & District Trotting Club",VIC,3350,https://www.ballarattrottingclub.com.au,""
senvic,"Ballarat Agricultural & Pastoral Society Inc",VIC,3353,https://www.ballaratshow.org.au,""
senvic,"Ballarat Bargain Browser Ballarat",VIC,3350,,""
senvic,"Ballarat Bargain Browser Wendouree",VIC,3355,,""
senvic,"Ballarat Bridge Mall Farmers Market",VIC,3350,,""
senvic,"Ballarat Community Church Op Shop",VIC,3350,,""
senvic,"Ballarat Community FM Radio Co-operative Ltd",VIC,3350,https://www.voicefm.com.au,""
senvic,"Ballarat East Neighbourhood House",VIC,3354,,""
senvic,"Ballarat Farmers Market",VIC,3355,,""
senvic,"Ballarat Golf Club",VIC,3350,https://www.ballaratgolfclub.com.au,""
senvic,"Ballarat Lakeside Farmers Market",VIC,3350,,""
senvic,"Ballarat Leagues Club",VIC,3350,https://www.ballaratleaguesclub.com.au,""
senvic,"Ballarat Neighbourhood Centre Inc",VIC,3356,https://www.ballaratnc.org.au/our-kitchen.php,""
senvic,"Ballarat Red Cross",VIC,3350,https://www.redcross.org.au/support-us/red-cross-shops,""
senvic,"Ballarat Regional Industries Ballarat",VIC,3355,,""
senvic,"Ballarat Regional Industries Foundation Limited",VIC,3355,,""
senvic,"Ballarat Regional Industries Sebastopol",VIC,3356,,""
senvic,"Ballarat Symphony Orchestra",VIC,3355,,""
senvic,"Ballarat Wholefoods Collective",VIC,3350,http://ballaratwholefoodscollective.org,""
senvic,"Bank Australia",VIC,3350,,""
senvic,"Bannockburn College YMCA Before/After School Program",VIC,3331,,""
senvic,"Banyule City Council",VIC,3088,http://www.banyule.vic.gov.au,""
senvic,"Baptcare Sanctuary",VIC,3072,https://www.baptcare.org.au/services/housing/accommodation-for-people-seeking-asylum,""
senvic,"Barapa Land & Water",VIC,3556,,""
senvic,"Basic Income Australia Ltd",VIC,,,""
senvic,"Beaufort & District Op Shop",VIC,3373,,""
senvic,"Beaufort Community Financial Services Ltd",VIC,3373,https://www.bendigobank.com.au,""
senvic,"Beaufort Op Shop",VIC,3373,,""
senvic,"Beaufort Pharmacy",VIC,3373,https://www.ufs.com.au,""
senvic,"Belgium Avenue Neighbourhood House",VIC,3121,,""
senvic,"Benalla Rural City Council",VIC,3672,,""
senvic,"Benevolence Financial Group",VIC,3000,https://www.bfgloans.com.au,""
senvic,"Better Life Mobile",VIC,3192,http://betterlifemobile.com.au,""
senvic,"Beyond Bank",VIC,3090,,""
senvic,"Beyond Blue",VIC,3056,,""
senvic,"Beyond Essential Systems",VIC,3051,https://www.bes.au/,"IT and web design"
senvic,"BGT Jobs and Training",VIC,3350,https://www.bgt.org.au,""
senvic,"Big Little Brush",VIC,3977,https://www.biglittlebrush.org,""
senvic,"Big Little Stories",VIC,3135,http://www.biglittlestories.org.au,"Arts and culture"
senvic,"Billabong Garden Complex",VIC,,,""
senvic,"Birss Ministries",VIC,3020,,""
senvic,"Black Duck Foods",VIC,3891,https://www.blackduckfoods.com.au/,""
senvic,"Blaze Your Trail",VIC,3183,,"Business services; Education and training; IT and web design; Impact and evaluation; Media and communications"
senvic,"Blissful Love Photography",NSW,2640,https://blissfullovephotography.com.au/,""
senvic,"Bond Street Event Centre",VIC,3850,https://www.bondstreeteventcentre.com/,""
senvic,"Boots for All",VIC,3088,https://www.bootsforall.org.au/,"Clothing and personal accessories; Education and training; Employment; Mental health and wellbeing; Opportunity shops and secondhand shops; Recycling and waste management; Social Enterprise Groups; Sports and recreation"
senvic,"Bourke And Bouteloup Architects Pty Ltd",VIC,3205,https://bourke-bouteloup-architects.com.au/,""
senvic,"BRACE Education & Training",VIC,3350,,""
senvic,"Brambuk Living Cultural Centre Co-op Ltd",VIC,3381,https://www.brambuk.com.au,""
senvic,"BREAZE INC - BREAZE Energy Solutions",VIC,3350,,""
senvic,"Bridge Darebin",VIC,3072,https://bridgedarebin.org.au/,"Catering; cafe; restaurant; bar; baker; Community & Cultural Development; Education and training; Food and beverage products; Mental health and wellbeing; Packaging; distribution and storage; Social Enterprise Groups"
senvic,"Bridge Mall Pharmacy",VIC,3350,https://www.ufs.com.au,""
senvic,"Bridge Mall Salvos",VIC,3350,https://www.salvosstores.com.au,""
senvic,"Bridging Us",VIC,3025,http://www.bridgingus.com.au,""
senvic,"Bright Coworking",VIC,3741,,""
senvic,"Brotherhood Of St Laurence - Given the Chance - Employment with Social Impact",VIC,3065,https://giventhechance.bsl.org.au/,"Business services; Community & Cultural Development; Education and training; Employment; Impact and evaluation; Policy and research"
senvic,"Brotherhood of St Lawrence",VIC,3072,,""
senvic,"Brown Hill Community Newsletter",VIC,3354,https://www.brownhill.vic.au/newsletter/,"Community & Cultural Development; Media and communications; Printing and publishing"
senvic,"BT Novo",VIC,3892,,""
senvic,"Budja Budja Aboriginal Co-operative Ltd",VIC,3381,,""
senvic,"Buninyong & District Financial Services Ltd",VIC,3357,https://www.bendigobank.com.au,""
senvic,"Buninyong Golf Club",VIC,3357,,""
senvic,"Buninyong Good Life Festival",VIC,3357,https://www.buninyongfestival.com.au,""
senvic,"Buninyong Pharmacy",VIC,3357,https://www.ufs.com.au,""
senvic,"Bureau Of Meteorology",VIC,3000,,""
senvic,"Business Brains Australia",VIC,3922,,""
senvic,"Buttons Support Services",VIC,3162,https://www.buttonsservices.com/,""
senvic,"C4Impact",VIC,3875,https://www.c4impact.com.au,""
senvic,"Cacti Conserve",VIC,3156,,"Building and maintenance trades; Manufacturing; Packaging; distribution and storage"
senvic,"Cafe 123",VIC,3850,https://www.facebook.com/123CafeSale/,""
senvic,"Cambodian Kids Can",VIC,,,""
senvic,"Campaspe Shire Council",VIC,3564,,""
senvic,"Campus Consultancy",VIC,3182,https://www.campusconsultancy.org/,""
senvic,"Canadian Place Common Equity Housing Co-operative Ltd",VIC,3350,https://www.acnc.gov.au,""
senvic,"Canopy Accelerator Co-operative Limited",VIC,3030,,"Agriculture; Education and training; Environmental services; Gardening; landscaping; fencing; Mental health and wellbeing; Social Enterprise Groups"
senvic,"Capacity International",VIC,3124,http://capacityinternational.com,""
senvic,"Care Career Pty Ltd",VIC,3163,https://carecareer.com.au/,""
senvic,"Career Transformation Ventures",VIC,3000,https://www.careertransformationventures.com,"Education and training; Employment"
senvic,"CareerSeeker",VIC,3184,https://www.careerseekers.org.au/,""
senvic,"Carpetworld",VIC,,,""
senvic,"Catalysr",VIC,3000,https://catalysr.com.au/,"Community & Cultural Development; Education and training; Employment"
senvic,"CC - Ararat Community Enterprise",VIC,3377,https://www.araratcommunityenterprise.org.au,""
senvic,"CC - Bannockburn Community Enterprise ( Bendigo Bank)",VIC,3331,https://www.bendigobank.com.au,""
senvic,"CE - Warracknabeal Action Group",VIC,3393,,""
senvic,"Central Highlands Group Training Inc",VIC,3350,https://www.bgt.org.au,""
senvic,"Centre for Multicultural Youth",VIC,3350,https://www.cmy.net.au,""
senvic,"Centre for Participation",VIC,3400,https://centreforparticipation.org.au/,""
senvic,"Centre for Social Impact - Social Startup Studio",VIC,3122,https://www.socialstartupstudio.com.au/,""
senvic,"Centres for Craft, Creativity and Culture",VIC,3364,,"Arts and culture"
senvic,"CERES Fair Food",VIC,3072,https://www.ceresfairfood.org.au,"Food and beverage products"
senvic,"CERES Fair Wood",VIC,3072,https://www.ceresfairwood.org.au,"Building and maintenance trades; Gardening; landscaping; fencing"
senvic,"CERES Grocery",VIC,3057,,"Food and beverage products"
senvic,"CERES Merri Cafe",VIC,3057,,"Catering; cafe; restaurant; bar; baker"
senvic,"CERES Nursery",VIC,3057,,"Gardening; landscaping; fencing"
senvic,"CERES Propagation",VIC,,,""
senvic,"Change Coffee",VIC,3130,https://www.changecoffee.com.au,"Food and beverage products"
senvic,"Changemakers' Lab Pty Ltd",VIC,3056,https://changemakerslab.com.au,"Business services; Education and training; Impact and evaluation"
senvic,"Cherished Pet Care",VIC,,,""
senvic,"ChillOut Festival",VIC,3460,https://www.chilloutfestival.com.au,"Arts and culture"
senvic,"Chit Chat Coffee Cart Project",VIC,3840,https://www.latrobe.vic.gov.au/Coffee_Cart_at_Moe_Library,""
senvic,"Christie Centre Inc.",VIC,3500,https://christiecentre.com.au/,"Agriculture; Education and training; Employment; Food and beverage products; Mental health and wellbeing; Opportunity shops and secondhand shops; Personal and social care; Recycling and waste management; Social Enterprise Groups"
senvic,"CIRCLE ALLIANCE BANK",VIC,3023,http://www.circle.com.au,""
senvic,"City Of Ballarat",VIC,3350,,""
senvic,"City of Whittlesea",VIC,3752,https://www.whittlesea.vic.gov.au/,""
senvic,"City Of Yarra",VIC,3068,,""
senvic,"City U",VIC,,,""
senvic,"City University In Canada",VIC,,,""
senvic,"City University Of Seattle",VIC,,,""
senvic,"Clann Australia Pty Ltd",VIC,3215,https://clann.com.au,""
senvic,"Clean Force",VIC,3072,https://www.cleanforce.com.au,""
senvic,"Cleanable Property Maintenance Services",VIC,3011,https://www.cleanable.com.au/,"Cleaning; housekeeping & laundry services"
senvic,"Clear Cut Terang",VIC,3264,https://www.wdeaworks.org.au/ndis-social-enterprises/clear-cut,"Gardening; landscaping; fencing"
senvic,"Climate Hug",VIC,3810,https://climatehug.com/,"Education and training"
senvic,"Climate Resource",VIC,3065,https://www.climate-resource.com/,"environmental services"
senvic,"Clothing the Gaps - Brunswick",VIC,,https://www.clothingthegaps.com.au,"Arts and culture; Clothing and personal accessories; Community & Cultural Development; Education and training; Employment"
senvic,"Clunes Neighbourhood House",VIC,3370,https://www.clunesnh.org,""
senvic,"Co-Labs Melbourne",VIC,3056,http://www.colabs.melbourne,""
senvic,"Code for Australia",VIC,3065,https://codeforaustralia.org,""
senvic,"Coffee for Change",VIC,3000,,"Catering; cafe; restaurant; bar; baker"
senvic,"CoHoots Coworking",VIC,3450,https://www.cohoots.info,""
senvic,"Cohuna Neighbourhood House",VIC,3568,https://www.cnh.org.au/,""
senvic,"Collective Impact Loop",VIC,3058,,""
senvic,"College of Education and Training Geelong",VIC,3321,https://www.encompass-cs.org.au,""
senvic,"Collingwood & Friends Feed",VIC,3066,http://www.toasta.com.au/community-meals,""
senvic,"Collingwood Children's Farm",VIC,3067,,""
senvic,"Collingwood Toy Library",VIC,3067,https://www.collingwoodtoylibrary.net.au/,"Community & Cultural Development"
senvic,"Common Ground Project",VIC,3217,https://www.commongroundproject.com.au/,"Agriculture; Catering; cafe; restaurant; bar; baker; Education and training; Employment"
senvic,"Common Rooms - Melbourne Fringe",VIC,3006,,""
senvic,"Common Times Ltd",VIC,3960,https://commontimes.com.au/,""
senvic,"Commonsight",WA,6122,http://www.commonsight.co,"education and training; business services"
senvic,"Commonwealth Bank",VIC,3067,,""
senvic,"Community Housing Ltd",VIC,3350,,""
senvic,"Community Living & Respite Services",VIC,3564,https://www.clrs.org.au,"Clothing and personal accessories; Food and beverage products"
senvic,"Complex Behaviour Change",VIC,3451,https://www.cbchange.org/,""
senvic,"Concern Australia - fiXit Social Enterprise",VIC,3019,,"Bicycle and vehicle sales and repair"
senvic,"Connect the Plots",VIC,3960,https://www.facebook.com/profile.php?id=100068776714473,""
senvic,"ConnectGV",VIC,3630,https://connectgv.com.au,"Gardening; landscaping; fencing"
senvic,"Connecting 2 Communities",VIC,3810,https://www.connecting2communities.com.au,"Community & Cultural Development; Education and training; Packaging; distribution and storage"
senvic,"Connecting2Ability",VIC,3199,,"agriculture; environmental services"
senvic,"Connecting2Australia Bellfield",VIC,,,""
senvic,"Connecting2Australia Bendigo",VIC,3550,,"Employment"
senvic,"Connecting2Australia Brunswick",VIC,,,""
senvic,"Connecting2Australia Mildura",VIC,3500,,"Social Enterprise Groups"
senvic,"Connecting2Australia Seaford",VIC,,,""
senvic,"Connecting2Australia Thomastown",VIC,,,""
senvic,"Connecting2Australia Wonthaggi",VIC,3995,,"Employment"
senvic,"Conscious Combat Club",VIC,3205,,"Mental health and wellbeing; Sports and recreation"
senvic,"Consent Cleaning",VIC,,,"cleaning; housekeeping & laundry services"
senvic,"Conservation Ecology Centre",VIC,3233,https://www.conservationecologycentre.org/,""
senvic,"Conservation Management",VIC,3058,https://www.conservationmanagement.com.au,""
senvic,"Corryong Neighbourhood Centre",VIC,3707,,""
senvic,"CQU",VIC,,,""
senvic,"Cquniversity",QLD,4017,,""
senvic,"Crashendo Bairnsdale!",VIC,3875,https://www.crashendo-eg.org.au/,""
senvic,"Creative Community Space",VIC,3088,https://creativecommunityspace.com.au/,"arts and culture"
senvic,"Crepes for Change",VIC,3004,,"Catering; cafe; restaurant; bar; baker; Festivals and events; Food and beverage products"
senvic,"Creswick & District Financial Services Ltd",VIC,3363,,""
senvic,"Creswick and Dictrict U3A Inc",VIC,3363,http://creswicku3a.com,""
senvic,"Creswick Neighbourhood Centre",VIC,3363,https://creswicknc.org.au/,""
senvic,"CrimCheck",VIC,3171,https://www.crimcheck.org.au/,"Business services; Employment"
senvic,"CRSE Group",VIC,3820,https://www.crsegroup.com,"Business services; Community & Cultural Development; Education and training; Employment; Impact and evaluation"
senvic,"CSI Swinburne",VIC,3122,https://www.swinburne.edu.au/research/social-impact/,""
senvic,"Cue Divergent Pty Ltd",VIC,3132,https://www.cuedivergent.org/,""
senvic,"Cultivating Community",VIC,3121,https://www.cultivatingcommunity.org.au,"Agriculture; Catering; cafe; restaurant; bar; baker; Community & Cultural Development; Education and training; Employment; Food and beverage products; Gardening; landscaping; fencing; Mental health and wellbeing"
senvic,"Cultura",VIC,3214,https://www.cultura.org.au/,""
senvic,"Cultural Catering Social Enterprise",VIC,3121,https://www.culturalcatering.org.au/,"Catering; cafe; restaurant; bar; baker"
senvic,"Culture Cure",VIC,3142,https://www.culture-cure.com/,""
senvic,"Curate Space",VIC,3000,,""
senvic,"Darebin City Council",VIC,3072,http://www.darebin.vic.gov.au/,""
senvic,"Day seven Australia",VIC,3058,https://www.dayseven.com.au/,""
senvic,"Daylesford Community Cinema",VIC,3460,https://www.daylesfordcinema.org.au/,""
senvic,"Daylesford Community Op Shop",VIC,3460,,""
senvic,"Daylesford District Community Developments Ltd",VIC,3460,,""
senvic,"Daylesford Neighbourhood Centre",VIC,3460,https://dncentre.org.au/index.php,""
senvic,"Daylesford Region Ceramics Co-op Ltd",VIC,3460,https://www.cemi.com.au,""
senvic,"Deadly Sports Plus Aboriginal Corporation",VIC,3129,,""
senvic,"Deadly Wears",VIC,3875,http://www.deadlywears.com.au,"Clothing and personal accessories"
senvic,"Deans Marsh Community Cottage",VIC,3235,https://deansmarsh.org.au,""
senvic,"DEAR DYSLEXIC",VIC,3055,https://www.deardyslexic.com/,""
senvic,"Delacombe Pharmacy",VIC,3356,https://www.ufs.com.au,""
senvic,"Department of Jobs, Precincts and Regions",VIC,3000,http://djpr.vic.gov.au/,""
senvic,"Diet to Save Earth",VIC,3000,https://bit.ly/DTSELI,""
senvic,"Different Journeys",VIC,3134,https://www.differentjourneysautism.com,"personal and social care"
senvic,"Digital Video Vault",VIC,3218,,""
senvic,"Dimboola & District Financial Services Ltd",VIC,3414,https://www.bendigobank.com.au,""
senvic,"Dinidae",VIC,3182,,""
senvic,"Djambana Catering",VIC,3199,https://www.djambana.org.au/catering/,"Catering; cafe; restaurant; bar; baker"
senvic,"DJPR",VIC,,,""
senvic,"DNA PATHWAYS PTY LTD",NSW,2482,https://dnapathways.io/,""
senvic,"Doing Something Good",VIC,3000,,""
senvic,"DoughingNuts",VIC,,,""
senvic,"Dovetail Social Enterprises",VIC,3205,https://www.dovetailsocialenterprises.com.au/,"Business services; Impact and evaluation"
senvic,"Doveton Street Pharmacy",VIC,3350,https://www.ufs.com.au,""
senvic,"driverED",VIC,3076,https://www.whittleseacommunityconnections.org.au/community-enterprises/drivered-2/,"Employment; Social Enterprise Groups"
senvic,"Dsc",VIC,3067,https://teamdsc.com.au/,""
senvic,"Dumu",VIC,3741,https://www.dumubalconycafe.com,"Catering; cafe; restaurant; bar; baker"
senvic,"Dunmunkle U3A",VIC,3390,https://www.u3aonline.org.au,""
senvic,"E-Worx",VIC,3318,https://www.caei.com.au,""
senvic,"E.C. Op Shop",VIC,3355,https://www.facebook.com/EcOpShop/,""
senvic,"Eagle Eye Guards & Services Pty Ltd",VIC,3056,https://eagleeyeguards.com.au/,"Cleaning; housekeeping & laundry services"
senvic,"Eaglehawk UFS Dispensary",VIC,3556,https://www.eufs.com.au/,""
senvic,"Eagles Corner",VIC,3552,https://eaglescorner.org/,"Business services; Community & Cultural Development; Education and training; Mental health and wellbeing; Personal and social care; Sports and recreation"
senvic,"Earlvention",VIC,,,""
senvic,"Easy Tech Living",VIC,3350,,""
senvic,"Eat Me Chutneys",VIC,3056,,""
senvic,"Ebony Harrison",VIC,3182,,""
senvic,"Ebos Group",VIC,3008,,""
senvic,"Ebos Group Limited",VIC,3008,,""
senvic,"Edenhope & District Financial Services Ltd",VIC,3318,https://www.bendigobank.com.au,""
senvic,"Edenhope Anglican Church Op Shop",VIC,3318,,""
senvic,"Edenhope P&A Society Inc",VIC,3318,,""
senvic,"Elato Ice Cream",VIC,,,""
senvic,"Elato Ice Cream Apollo Bay Foodworks",VIC,3233,,""
senvic,"Elato Pty Ltd",VIC,3000,https://www.elato.com.au,"food and beverage products"
senvic,"Elbow Community Building",VIC,3862,,""
senvic,"enable",VIC,3047,https://www.enableaustralia.org.au/,"employment"
senvic,"Enable Social Enterprises Limited t/as In the Click",VIC,3047,https://www.enableaustralia.org.au,"Business services; Education and training; Environmental services; Opportunity shops and secondhand shops; Packaging; distribution and storage; Recycling and waste management"
senvic,"Endangered Animals Australia",VIC,3941,https://endangeredanimalsaustralia.com.au/,"Manufacturing"
senvic,"Enso",VIC,3066,https://www.ensorefugeeconnect.com/,""
senvic,"Enterprise Learning Projects",VIC,,http://elp.org.au,""
senvic,"Ernst & Young",VIC,3149,,""
senvic,"Ethan Indigneous",VIC,3000,,"IT and web design"
senvic,"EthicalJobs.com.au",VIC,3070,https://www.EthicalJobs.com.au,""
senvic,"Etiko Pty Ltd",VIC,3155,https://etiko.com.au/,""
senvic,"Fabric of Humanity",VIC,3228,https://fabricofhumanity.com/,""
senvic,"Family Life",VIC,3191,https://www.familylife.com.au/,""
senvic,"Family Safety Victoria",VIC,3350,,""
senvic,"Farmwell",VIC,,,""
senvic,"Fawkner Food Bowls Inc.",VIC,3060,https://fawknerfoodbowls.com/,""
senvic,"Festival of St Arnaud",VIC,3478,https://www.starnaudfestival.com.au,""
senvic,"Fieri Consulting Pty Ltd",VIC,3031,,""
senvic,"Financial Literacy Australia",VIC,3400,https://www.flaus.com.au/,"finance and insurance"
senvic,"Financial Resilience Australia",VIC,3006,https://financialresilience.com.au/,""
senvic,"Firekeepers Incorporated",VIC,3127,https://www.firekeepers.com.au,""
senvic,"First Person Consulting Pty Ltd",VIC,3000,https://www.fpconsulting.com.au,""
senvic,"First State Super",VIC,3350,,""
senvic,"Fitted for Work",VIC,3000,https://fittedforwork.org/,""
senvic,"Flash Drive Beyond the Classroom",VIC,3350,,""
senvic,"Flinders University",VIC,3220,,""
senvic,"FLOAT",VIC,3909,http://www.float3909.com,""
senvic,"Flourish After Fifty",VIC,3071,http://flourishafter50.com.au/,"Community & Cultural Development"
senvic,"Flow Outdoors",VIC,3058,,""
senvic,"Flower Power",VIC,,,""
senvic,"Food Next Door Co-op",VIC,3502,https://www.foodnextdoor.org.au/,"Agriculture; Community & Cultural Development; Food and beverage products; Tourism"
senvic,"Food Works Australia Pty",VIC,3103,http://kitchenchallenge.com.au,""
senvic,"Footscray Community Arts Centre",VIC,3011,http://footscrayarts.com/,""
senvic,"For Change Cafe, Bellfield",VIC,3081,,"Catering; cafe; restaurant; bar; baker"
senvic,"For Change Cafe, Brunswick",VIC,3056,,"Catering; cafe; restaurant; bar; baker"
senvic,"For Change Cafe, Melbourne Uni",VIC,3502,,"Catering; cafe; restaurant; bar; baker"
senvic,"For Change Cafe, Middle Park",VIC,3004,,"Catering; cafe; restaurant; bar; baker"
senvic,"For Change Co.",VIC,3000,https://www.forchangeco.com.au,"Catering; cafe; restaurant; bar; baker; Education and training; Employment; Food and beverage products; Social Enterprise Groups"
senvic,"For Dignity",VIC,3130,https://www.fordignity.com.au/,"Clothing and personal accessories"
senvic,"Forward Thinking Design Pty Ltd",NSW,2763,,"environmental services; business services; education and training"
senvic,"Foundry",VIC,3875,http://www.ifoundthefoundry.com,""
senvic,"Free 3D Hands",VIC,3922,,""
senvic,"Free to Feed",VIC,3070,https://www.freetofeed.org.au,""
senvic,"Friends of Hospice Op Shop Ballarat",VIC,3350,https://www.opshop.org,""
senvic,"Friends of Hospice Op Shop South Ballarat",VIC,3350,https://www.opshop.org,""
senvic,"Friends with honey",VIC,3187,https://www.friendswithhoney.com.au,"Education and training"
senvic,"Fruit2Work",VIC,3026,https://fruit2work.com.au/,"transport; education and training; employment; food and beverage products"
senvic,"Fullness Social Enterprises Society",VIC,,,""
senvic,"Fungi Solutions",VIC,3071,http://www.fungisolutions.com.au,"Manufacturing"
senvic,"Futures Common Equity Housing Co-operative Ltd",VIC,3355,https://www.cehl.com.au,""
senvic,"Game Traffic & Contracting Shepparton",VIC,,https://www.game.org.au,"Building and maintenance trades; Employment; Gardening; landscaping; fencing"
senvic,"Gang-Gang Arts",VIC,3380,https://gggallery.com.au/,""
senvic,"Gardening on Country",VIC,3875,https://www.gardeningoncountry.com,"Gardening; landscaping; fencing; Manufacturing; Recycling and waste management"
senvic,"Geelong Region Local Learning & Employment Network",VIC,3217,,""
senvic,"GELLEN",VIC,3909,https://gellen.org.au,""
senvic,"Gforce Corporate & Finance Pty Ltd",VIC,3350,,""
senvic,"Gippsland East Llen",VIC,,,""
senvic,"GippsTech",VIC,3818,,""
senvic,"Give Industries",VIC,,https://www.giveindustries.com.au,""
senvic,"Give Where You Live Incorporated (GWYL)",VIC,3220,https://www.givewhereyoulive.com.au/,"food and beverage products; employment"
senvic,"Givvable",NSW,2088,,""
senvic,"Glittering Minds",VIC,3204,https://www.glitteringminds.com.au/,""
senvic,"GMHBA Health Insurance",VIC,3350,,""
senvic,"Goddess Cleaning Group",VIC,3178,http://www.goddesscleaninggroup.com.au,""
senvic,"Golden Plains Council",VIC,3331,,""
senvic,"Golden Plains Farmers' Market",VIC,3331,https://www.goldenplainsfarmersmarket.com.au,""
senvic,"Good Cycles",VIC,3133,https://www.goodcycles.org.au/,""
senvic,"Good Grown",VIC,3072,https://goodgrown.co/,"Packaging; distribution and storage"
senvic,"Good Intentions Camping",VIC,,https://www.goodintentionscamping.org/,""
senvic,"Good News Radio",VIC,3355,https://www.goodnewsradio.org.au,""
senvic,"Goods 4 Good",NSW,2015,,"Clothing and personal accessories; Food and beverage products; Furniture and home goods; Social Enterprise Groups"
senvic,"GOODSERCLE - Making Whitegoods Circular",VIC,3071,,"Education and training; Furniture and home goods; Opportunity shops and secondhand shops; Recycling and waste management"
senvic,"Goodsmiths",VIC,3067,http://www.goodsmiths.org,""
senvic,"Goodstart Early Learning (Child care Wendouree)",VIC,3355,https://www.goodstart.org.au,""
senvic,"Goodstart Early Learning (Goodstart Alfredton)",VIC,3350,https://www.goodstart.org.au,""
senvic,"Goodstart Early Learning (Goodstart Mount Helen)",VIC,3355,https://www.goodstart.org.au,""
senvic,"Goodstart Early Learning Ballarat",VIC,3355,https://www.goodstart.org.au,""
senvic,"Goodstart Early Learning Delacombe",VIC,3356,https://www.goodstart.org.au,""
senvic,"Goodstart Early Learning Horsham",VIC,3400,https://www.goodstart.org.au,""
senvic,"Goodtel Communications Pty Ltd",VIC,3205,https://goodtel.com.au,""
senvic,"Goodwill Wine",VIC,3438,https://goodwillwine.com.au,"Food and beverage products"
senvic,"Goolum Goolum Aboriginal Co-operative",VIC,3400,https://www.goolumgoolum.org.au,""
senvic,"GrampianArts",VIC,3402,https://www.grampianarts.com.au,""
senvic,"Great South Coast Economic Migration Project",VIC,3283,https://www.facebook.com/gscemp,""
senvic,"Green Collect",VIC,3019,https://www.greencollect.org/,"Recycling and waste management"
senvic,"Green Lab Futures",VIC,3820,https://www.greenlabfutures.com.au,"Education and training"
senvic,"Greenfingers Stawell",VIC,3380,https://www.greenfingersstawell.com.au,""
senvic,"Grit Leadership",VIC,3000,https://www.gritleadership.com.au,""
senvic,"Grow Lightly Connect",VIC,3951,,""
senvic,"GrowAbility Nursery",VIC,3500,,"Agriculture"
senvic,"Growing Farmers Inc",VIC,3058,https://www.growingfarmers.org.au/,""
senvic,"Guidian Australia",VIC,3012,http://www.guidianaustralia.com,""
senvic,"GV Ragz",VIC,,,""
senvic,"Haddon & District Community House",VIC,3351,,""
senvic,"Halaxy",VIC,,http://halaxy.com,""
senvic,"Hallmark Integrated Health Services",VIC,,https://www.hallmarkoccupationaltherapy.com.au,""
senvic,"HANZA Inc",VIC,3074,https://homeshare.org.au/,""
senvic,"Happily Made",VIC,3057,https://www.happilymade.com.au,""
senvic,"Happy Brain Education",VIC,3803,http://happybrain.org.au,""
senvic,"Harbridge Optimal Performance",VIC,3204,https://www.harbridge.com.au,""
senvic,"HDCE Ltd",VIC,3079,https://www.bendigobank.com.au/branch/vic/community-bank-east-ivanhoe/,"Community & Cultural Development; Finance and insurance"
senvic,"Hepburn Energy",VIC,3460,https://www.hepburnenergy.coop,"Energy and water"
senvic,"Hepburn Springs Swiss & Italian Festa",VIC,3461,,""
senvic,"Her Majesty's Theatre Ballarat",VIC,3350,https://www.hermaj.com,""
senvic,"Her Platform",QLD,4114,https://centreforwomen.org.au,""
senvic,"Hervey Bay Neighbourhood Centre",QLD,4655,http://www.hbnc.net.au,""
senvic,"Himilo Workforce",VIC,3081,https://www.himiloworkforce.org.au/,""
senvic,"HMS community",VIC,3747,,"Medical and allied services"
senvic,"Holy Cheesus",VIC,3134,,"Catering; cafe; restaurant; bar; baker"
senvic,"HomeBase",VIC,3500,,""
senvic,"HomeGround Real Estate",VIC,3066,https://www.homegroundrealestate.com.au/,"Housing; Social Enterprise Groups"
senvic,"HoMie",VIC,3065,https://homie.com.au,"Clothing and personal accessories; Education and training; Employment"
senvic,"Honorbread",NSW,2546,,""
senvic,"Hopetoun Community Hotel Co-operative Society Ltd/Bottlemart Express - Hopetoun Community Hotel Motel",VIC,3396,,""
senvic,"Hopetoun Courier Co-operative Ltd",VIC,3396,,""
senvic,"Horizon Business Plans",VIC,3122,https://www.horizonbusinessplans.com.au/,""
senvic,"Horsham Out of School Hours Care",VIC,3400,,""
senvic,"Horsham Red Cross",VIC,3400,https://www.redcross.org.au/places/retail-store/105/horsham-vic/ Opshop.org,""
senvic,"Hot Office",VIC,3414,http://www.hotoffice.org,""
senvic,"Housing Hub",VIC,3000,http://www.housinghub.org.au,"Accommodation; Business services; Employment; Printing and publishing"
senvic,"Human Rights Arts & Film Festival",VIC,3053,https://www.hraff.org.au/,""
senvic,"Humans of Purpose",VIC,3550,https://www.humansofpurpose.com,"employment; education and training; business services"
senvic,"Humble Sampler",VIC,3442,http://www.humblesampler.com,"Food and beverage products"
senvic,"Hume Bank",NSW,2640,https://www.humebank.com.au/,""
senvic,"Hume City Council",VIC,3047,,""
senvic,"HUMIFORM",VIC,3185,https://www.humiform.org/,""
senvic,"Ifm Investors",VIC,3000,,""
senvic,"Ignite - Small Business Startups",VIC,3053,,"Business services; Community & Cultural Development"
senvic,"illuminate Education Australia",TAS,7250,https://illuminateeducation.com.au,"employment; education and training"
senvic,"Impact Evaluation",VIC,3285,https://www.linkedin.com/in/cameronpr1ce/,""
senvic,"Impact Investing Australia",VIC,3001,http://www.impactinvestingaustralia.com,""
senvic,"Impact Spender",VIC,3188,http://www.impactspender.com.au,""
senvic,"Independent",VIC,3564,,""
senvic,"Infoxchange",VIC,3121,https://www.infoxchange.org/au,"Business services; IT and web design"
senvic,"Infoxchange Social Innovation And Digital Inclusion Team",VIC,3072,,""
senvic,"Inner West Community Foundation",VIC,,,""
senvic,"Inter Club Drop-In Centre Inc",VIC,3350,https://www.interclubballarat.org.au/contact/,""
senvic,"Intrigue Lab",VIC,,,""
senvic,"IPA",VIC,3000,https://www.ipa.com.au/,"Employment"
senvic,"IPA Personnel Services Limited",VIC,3000,https://www.ipa.com.au/,"Business services; Employment"
senvic,"Isaac Jeffries Consulting",VIC,3101,https://www.isaacjeffries.com,""
senvic,"J B Crowe Pty Ltd",NSW,2734,,""
senvic,"Jackson Mcdonald",WA,6000,,""
senvic,"Jaimee Millar",VIC,3280,,""
senvic,"JIGSAW AUSTRALIA PTY LIMITED",NSW,2086,https://jigsawaustralia.com.au/,""
senvic,"Jo Cavanagh Consulting",VIC,3912,,""
senvic,"Joii Limited",QLD,4119,https://joii.org/,"building and maintenance trades"
senvic,"Jubilee Lake Co-operative Ltd",VIC,3460,https://www.jubileelake.com.au,""
senvic,"Just Gold",VIC,3000,https://justgold.net,"arts and culture; business services; community & cultural development; festivals and events; it and web design; media and communications; policy and research"
senvic,"Justice Connect Not-For-Profit Law",VIC,3000,http://www.nfplaw.org.au,"Business services; Education and training; Legal services; Policy and research"
senvic,"JustWorks Recruitment",VIC,3121,https://www.justworks.org.au,"Community & Cultural Development; Education and training; Employment"
senvic,"K&S Langley Fund",SA,5065,,""
senvic,"KANDOU, trading as a house made of wood",VIC,3370,https://www.ahousemadeofwood.com,"Education and training"
senvic,"Kaniva Community Co-operative Ltd",VIC,3419,,""
senvic,"Kaniva Link Neighbourhood House",VIC,3419,https://www.kanivanh.org.au,""
senvic,"Karkana Services",VIC,3401,,""
senvic,"Karuna Dawn",VIC,3130,https://karunadawn.com.au/,"clothing and personal accessories"
senvic,"Kazbah Egyptian Street Food",VIC,3031,,"Catering; cafe; restaurant; bar; baker"
senvic,"Kenshi Life Changing Candles",VIC,3020,,"Furniture and home goods"
senvic,"Kerang Neighbourhood House",VIC,3579,https://www.kerangnh.org.au/,""
senvic,"Kerr Capital",VIC,3065,https://www.kerrcapital.com.au,""
senvic,"kids like us australia limited",VIC,3193,http://www.kidslikeus.org.au,""
senvic,"Kinfolk",VIC,3054,http://www.kinfolk.org.au,"Food and beverage products"
senvic,"King Valley Learning Exchange",VIC,3732,https://www.kingvalleylearningexchange.org.au/,""
senvic,"KNEXT CAREER DESIGN",VIC,3003,https://knext.com.au/,""
senvic,"KNOTbound Ltd",VIC,3029,http://knotbound.com,""
senvic,"Knoxbrooke Enterprises",VIC,3796,,"Employment; Gardening; landscaping; fencing; Manufacturing"
senvic,"Kyabram Community and Learning Centre",VIC,3620,https://www.kclc.com.au/,""
senvic,"Kyneton Copy Centre",VIC,3444,https://www.kynetoncopycentre.com.au/,"Arts and culture; Business services; Employment; Printing and publishing"
senvic,"Kyneton Recycling & Maintenance",VIC,,,""
senvic,"Lady Northcote Recreation Camp",VIC,3340,,""
senvic,"Laharum Hall Committee",VIC,3401,,""
senvic,"Landsborough West Grain Co-operative Ltd",VIC,3384,,""
senvic,"Laneway - Cafe without Borders",VIC,3400,,""
senvic,"Latrobe Valley Authority",VIC,3840,,""
senvic,"Latrobe Valley Enterprises",VIC,3844,http://www.lve.com.au,""
senvic,"Launch Housing",VIC,3047,,""
senvic,"Learning Makers",VIC,3031,https://learningmakers.com,""
senvic,"Lenswap",VIC,3205,https://www.lenswap.com.au,"Medical and allied services; Opportunity shops and secondhand shops"
senvic,"Lentil As Anything",VIC,3067,http://www.lentilasanything.com,""
senvic,"Lifeline Op Shop Ballarat",VIC,3350,https://www.lifeline.org.au/gethelp,""
senvic,"Link Neighbourhood House",VIC,3419,,""
senvic,"Linton News",VIC,3360,https://www.lintoncommunity.com,""
senvic,"lisas creative hub",VIC,3995,,""
senvic,"Live Your Twenties",VIC,3000,https://www.liveyourtwenties.com/,""
senvic,"Lively",VIC,3051,https://lively.org.au,"Community & Cultural Development; Education and training; Employment; Gardening; landscaping; fencing; Medical and allied services; Mental health and wellbeing; Personal and social care"
senvic,"LiveSafe Education",VIC,3189,,"Education and training; Festivals and events; Mental health and wellbeing; Sports and recreation"
senvic,"Living Culture",VIC,3940,https://www.livingculture.org.au/,"Education and training"
senvic,"Local Impact",VIC,3013,https://localimpact.org.au/,"business services"
senvic,"Local Transit Pty Ltd",VIC,3181,https://localtransit.com.au,"Transport"
senvic,"Loconomics Australia",VIC,3070,http://coop.loconomics.com.au,""
senvic,"Lola's Garage",VIC,3418,https://www.opshop.org,""
senvic,"Lord Mayor's Charitable Foundation",VIC,3000,,""
senvic,"Lord Somers Camp & Power House",VIC,3206,http://www.lscph.org.au,""
senvic,"Louise B Creative",VIC,,https://www.louisebcreative.com/,""
senvic,"LoveLuvo",VIC,,,""
senvic,"Lumi Ride Pty Ltd",VIC,3191,https://www.lumiride.com,"Transport"
senvic,"Lumineer Academy",VIC,3016,https://www.lumineer.edu.au/,""
senvic,"Mackey Lawyers Pty Ltd",VIC,3123,,""
senvic,"MADEC Ararat",VIC,3377,https://www.madec.edu.au,""
senvic,"MADEC Horsham",VIC,3400,https://www.madec.edu.au,""
senvic,"MADEC Nhill",VIC,3400,https://www.madec.edu.au,""
senvic,"MADEC St Arnaud",VIC,3478,https://www.madec.edu.au,""
senvic,"MADEC Warracknabeal",VIC,3393,https://www.madec.edu.au,""
senvic,"Magic Valley",VIC,3056,https://www.magicvalley.com.au,""
senvic,"Magpie Goose",VIC,3056,,""
senvic,"Major Road Projects Victoria",VIC,3000,,""
senvic,"Make Studios",VIC,3000,,""
senvic,"Makers' Gallery and Studio Inc",VIC,3400,,""
senvic,"Making A Difference Trust/ Be The Difference Pty Ltd",VIC,3850,,""
senvic,"Mallee Machinery Field Days",VIC,3488,https://www.mmfd.com.au,""
senvic,"Mallee Rising",VIC,3585,https://www.malleerising.com.au,""
senvic,"Mallee Waxes",VIC,,,""
senvic,"Manna Gum Community House",VIC,3960,https://mannagumcommunityhouse.org.au/,""
senvic,"Mansfield Secondary College",VIC,3722,https://www.mansfieldsc.vic.edu.au/,""
senvic,"Marlen's Warehouse",VIC,3040,https://www.facebook.com/MarlensWarehouse/,"Packaging; distribution and storage"
senvic,"Marley St Community Hub",VIC,3850,https://marleystch.weebly.com/,""
senvic,"Marriott Support Services",VIC,3192,http://www.marriott.org.au,"Agriculture; Cleaning; housekeeping & laundry services; Employment; Environmental services; Food and beverage products; Gardening; landscaping; fencing; Manufacturing; Packaging; distribution and storage; Social Enterprise Groups"
senvic,"Marysville and Triangle Community Foundation",VIC,3779,,""
senvic,"Matchworks Bacchus Marsh",VIC,3340,https://www.matchworks.com.au,""
senvic,"MatchWorks Bannockburn",VIC,3340,https://www.matchworks.com.au,""
senvic,"Mates Gin Distillery Pty Ltd",VIC,3995,http://matesgin.com.au,"Food and beverage products"
senvic,"Maven And Muse, House Of Dan",VIC,3181,,""
senvic,"McCallum Disability Services Inc",VIC,3350,https://www.mccallum.org.au,""
senvic,"McCallum Disability Services Inc Alfredton",VIC,3350,https://www.mccallum.org.au,""
senvic,"Meaningful Ageing Australia, See Me Know Me, MAA",NSW,2041,https://www.meaningfulageing.org.au,"Community & Cultural Development; Mental health and wellbeing; Policy and research; Professional associations"
senvic,"MEGT (Australia) Ltd Ballarat",VIC,3350,https://www.mccallum.org.au,""
senvic,"MEGT (Australia) Ltd Horsham",VIC,3400,https://www.megt.com.au,""
senvic,"Melbourne Business School",VIC,3053,,"employment; education and training"
senvic,"Melbourne Coffee Project",VIC,3066,https://www.melbournecoffeeproject.com.au,""
senvic,"Melbourne Cultural Consultants",VIC,,,""
senvic,"Melbourne Farmers Market Alphington",VIC,,,""
senvic,"Melbourne Farmers Markets and Alphington Community Food Hub",VIC,3078,,"Agriculture; Business services; Catering; cafe; restaurant; bar; baker; Community & Cultural Development; Education and training; Energy and water; Environmental services; Festivals and events; Food and beverage products; Recycling and waste management; Social Enterprise Groups; Tourism"
senvic,"Melbourne Farmers Markets Carlton",VIC,3054,,""
senvic,"Melbourne Farmers' Market Coburg",VIC,,,""
senvic,"Melbourne Farmers' Market Collingwood",VIC,,,""
senvic,"Melbourne Farmers' Market University of Melbourne",VIC,,,""
senvic,"Melbourne Food Hub",VIC,3078,http://www.melbournefoodhub.org.au,""
senvic,"Melbourne Social Enterprise Village",VIC,,,""
senvic,"Melbourne SOUP",VIC,3055,https://www.facebook.com/melbournesoup/,"Festivals and events"
senvic,"Mental Health First Aid International",VIC,,,""
senvic,"Merri Creek Management Committee",VIC,3057,,"Education and training; Environmental services"
senvic,"MFM",VIC,3550,,""
senvic,"MiCare",VIC,3166,https://www.micare.com.au,""
senvic,"Midlands Golf Club",VIC,3350,https://www.golf.org.au/midlands-golf-club/,""
senvic,"Migrant Women",VIC,3936,https://mwib.com.au/,""
senvic,"Mildura Chocolate Company",VIC,3500,,""
senvic,"Mildura Riverfront Gallery",VIC,3500,http://www.mildurariverfrontgallery.com.au/,""
senvic,"MindHealthHub",VIC,3555,http://www.mindhealthhub.com.au,""
senvic,"Mindly Studio",VIC,3173,https://mindlystudio.com.au/,""
senvic,"Minerdome Sports Club (Ballarat Basketball Association)",VIC,3350,https://www.ballaratbasketball.com/sports-club/,""
senvic,"Minter Ellison",VIC,3000,,""
senvic,"Minyip Agricultural & Pastoral Society Inc",VIC,3392,,""
senvic,"Momentary",VIC,3066,http://www.momentary.com.au/,""
senvic,"Moorabool Community Enterprises Ltd/ Bendigo Bank",VIC,3342,https://www.bendigobank.com.au,""
senvic,"Moral Fairground",VIC,3056,https://moralfairground.com.au,""
senvic,"Moreland City Council",VIC,3108,,""
senvic,"Mosaik Experiences",VIC,3051,https://www.linkedin.com/company/mosaikxp,"Arts and culture; Community & Cultural Development; Education and training; Sports and recreation"
senvic,"Mount Beauty Neighbourhood Centre Inc",VIC,3699,https://www.mountbeauty.org.au/,"Education and training"
senvic,"Move for a Cause",VIC,3122,,"Sports and recreation"
senvic,"Moving Feast",VIC,3066,http://www.movingfeast.net,"Catering; cafe; restaurant; bar; baker"
senvic,"Mrpv",VIC,3000,,""
senvic,"Mt Clear Pharmacy",VIC,3350,https://www.ufs.com.au,""
senvic,"Mt Xavier Golf Club",VIC,3350,https://www.mtxaviergolfclub.com,""
senvic,"Mtime",VIC,3141,https://www.mtime.com.au,""
senvic,"Mullum Mullum Indigenous Gathering Place - Mullum Creations",VIC,3136,https://mmigp.org.au/,"Arts and culture"
senvic,"Multicultural Arts Victoria",VIC,3039,https://www.mav.org.au/,""
senvic,"Multicultural Consulting Services Pty Ltd",VIC,3011,https://www.multiculturalconsulting.com.au,"community & cultural development; employment"
senvic,"Multicultural Minds",VIC,3052,https://www.multiculturalminds.org,""
senvic,"muMEcations",VIC,3215,https://www.mumecations.com.au/,"Tourism"
senvic,"Murray River Council",NSW,2710,,""
senvic,"Murtoa A&P Society Inc",VIC,3390,,""
senvic,"Museums Victoria",VIC,3000,,""
senvic,"My Sisters' Wardrobe",VIC,3065,https://www.mysisterswardrobe.com.au,""
senvic,"Mycelia Renewables Ltd",VIC,3995,https://www.mycelia.org.au,"Community & Cultural Development; Education and training; Energy and water; Impact and evaluation; Policy and research"
senvic,"Nab",VIC,3000,,""
senvic,"Nadrasca - Industry",VIC,,,""
senvic,"Nairm Marr Djambana",VIC,,,""
senvic,"Nandaly Community Hotel",VIC,3533,https://www.facebook.com/NandalyCommunityHotel/,"Accommodation; Catering; cafe; restaurant; bar; baker; Festivals and events"
senvic,"Natimuk Farmers Market",VIC,3401,,""
senvic,"Navaroo",VIC,3179,https://www.navaroo.com.au/,""
senvic,"Need a Tutor",VIC,3186,https://www.needatutor.com.au,"Education and training"
senvic,"Neighbourhood House Murchison",VIC,3610,https://www.murchison.org.au/,""
senvic,"Neighbourhood Houses Victoria",VIC,3008,https://www.nhvic.org.au/,""
senvic,"New Tracks Local Learning Employment Network",VIC,3672,https://www.netracksllen.org.au/,""
senvic,"Newlife Shield Inc",VIC,3001,https://www.newlife-shield.org.au,"Arts and culture; Community & Cultural Development; Employment; Food and beverage products"
senvic,"NextCare",VIC,3150,,"Personal and social care"
senvic,"Nhill A&P Society Inc",VIC,3418,,""
senvic,"Nigretta",VIC,3300,https://www.wdeaworks.org.au/ndis-social-enterprises/nigretta-of-hamilton,""
senvic,"No Corners Housing",VIC,3011,,""
senvic,"No name as yet",VIC,3079,,""
senvic,"Norlane Community Initiatives",VIC,3214,https://www.norlaneci.org.au,"Catering; cafe; restaurant; bar; baker; Community & Cultural Development"
senvic,"Norris Construction Group",VIC,3216,,""
senvic,"North Ballarat Sports Club",VIC,3355,https://www.northballaratsc.com.au,""
senvic,"Northern Community CareWorks",VIC,3039,https://northerncareworks.org.au,"Community & Cultural Development; Opportunity shops and secondhand shops; Social Enterprise Groups"
senvic,"Northern Grampians Shire Council",VIC,3381,https://www.ngshire.vic.gov.au/Home,""
senvic,"Now and Not Yet Warrandyte",VIC,3113,https://www.nowandnotyet.com.au/,"Catering; cafe; restaurant; bar; baker; Food and beverage products"
senvic,"Numurkah Community Learning Centre",VIC,3636,https://nclcinc.vic.edu.au/,"Community & Cultural Development; Education and training; Mental health and wellbeing"
senvic,"Nuorder The Label",VIC,3143,,""
senvic,"nutribe",VIC,3205,https://www.linkedin.com/company/nutribeorg/?originalSubdomain=au,""
senvic,"OC Connections Enterprises",VIC,3188,,""
senvic,"OCC Enterprises",VIC,3167,https://www.occenterprises.org,"Business services; Manufacturing; Packaging; distribution and storage"
senvic,"Old Beaufort Primary School 60 (BPS60) Committee",NSW,2132,,""
senvic,"Oliver's Diner",VIC,3418,https://www.wwhs.net.au,""
senvic,"One Voice",VIC,3012,https://onevoice.org.au/,""
senvic,"Op Shop – Albert Street Sebastopol",VIC,3356,https://ballaratsouth.unitingchurch.org.au/,""
senvic,"Open Food Network",VIC,3000,http://about.openfoodnetwork.org.au,"Agriculture; Community & Cultural Development; Packaging; distribution and storage"
senvic,"Open Loans",VIC,,,""
senvic,"Opportunity on Inglis - Ballan Op Shop",VIC,3342,,""
senvic,"Our Bus",VIC,,,""
senvic,"Our Community",VIC,3051,https://www.ourcommunity.com.au/,""
senvic,"Our Kitchen - Ballarat Neighbourhood House",VIC,3356,https://www.ballaratnc.org.au/our-kitchen.php,""
senvic,"Our Songlines",VIC,,,""
senvic,"OurVoice",VIC,3121,,"Community & Cultural Development; Policy and research"
senvic,"Out of the Box Sunraysia",VIC,,https://www.facebook.com/outoftheboxsunraysia/,"Agriculture; Food and beverage products"
senvic,"Outlook",VIC,,https://www.outlookvic.org.au,"Employment; Opportunity shops and secondhand shops; Recycling and waste management"
senvic,"Outlook - Darebin",VIC,,,"Recycling and waste management"
senvic,"Outreach Furniture Shop",VIC,3350,https://www.opshop.org,""
senvic,"Pace Development Group",VIC,3182,,""
senvic,"Pages For Wisdom",VIC,3783,,""
senvic,"Pak Worx",VIC,3400,,""
senvic,"Pak360",VIC,3178,https://pak360.com.au,"food and beverage products; recycling and waste management"
senvic,"Pangerang Community House",VIC,3677,http://www.pangerang.org.au,""
senvic,"ParentMedic",VIC,,,""
senvic,"Passing the Baton",VIC,3450,http://telesis.com.au,""
senvic,"Paw Po Products (Nhill Neighbourhood House Learning Centre)",VIC,3418,http://nnhlc.org.au,""
senvic,"People@Work Recruitment",VIC,3350,,""
senvic,"People@Work Recruitment - Ballarat",VIC,,,""
senvic,"People@Work Recruitment - Geelong",VIC,3220,https://peopleatwork.com.au/,""
senvic,"Phonate",VIC,3004,,""
senvic,"Pinarc Disability Support Ballarat",VIC,3350,https://www.pinarc.org.au,""
senvic,"Pinarc Disability Support Bonshaw",VIC,3356,https://www.pinarc.org.au,""
senvic,"Pinarc Disability Support Golden Point",VIC,3350,https://www.pinarc.org.au,""
senvic,"Pinnacle Ararat",VIC,3377,https://www.pinarc.org.au,""
senvic,"Pollinate Group",VIC,3068,,""
senvic,"PonyUp For Good",VIC,3067,https://www.ponyupforgood.com/,""
senvic,"Postel Communications",VIC,3214,,""
senvic,"Precious Plastic Melbourne",VIC,3132,https://www.plastic.org.au,"Education and training; Manufacturing; Recycling and waste management"
senvic,"Presbytery of Port Phillip West",VIC,3219,,""
senvic,"Printing With Purpose",VIC,3810,https://www.printingwithpurpose.org.au,"Printing and publishing"
senvic,"Pro Bono Australia",VIC,3000,https://probonoaustralia.com.au/,"Education and training; Employment; Media and communications; Printing and publishing"
senvic,"Project Jambo",VIC,,https://www.projectjambo.com,""
senvic,"Project Net Zero",VIC,3018,https://www.projectnetzero.com.au,"Furniture and home goods; Packaging; distribution and storage; Recycling and waste management; Transport"
senvic,"Prom Coast Ecolink",VIC,,,""
senvic,"Prospection Consulting",VIC,3000,,""
senvic,"Pulse with Purpose",VIC,3029,https://www.facebook.com/pulsewpurpose/,"Catering; cafe; restaurant; bar; baker; Community & Cultural Development"
senvic,"Purpose and Growth",VIC,3026,,"Manufacturing"
senvic,"Quantum Market Research",VIC,3141,,""
senvic,"QVWC Shop",VIC,3000,,"clothing and personal accessories"
senvic,"RACV",VIC,3000,https://www.racv.com.au/,""
senvic,"RACV Service Centre",VIC,3340,https://www.alanmancemotorsmelton.com.au/service,""
senvic,"RACV Shop Ararat",VIC,3377,https://www.racv.com.au/?cmpid=gp:ararat:agency,""
senvic,"RACV Shop Ballarat",VIC,3377,https://www.racv.com.au/?cmpid=gp:ballarat:shop,""
senvic,"RACV Shop Horsham",VIC,3400,https://www.wilsonbolton.com.au/racv-shop/,""
senvic,"Raise Our Voice Australia",VIC,3031,https://www.raiseourvoiceaustralia.com,""
senvic,"Randstad",VIC,3065,,""
senvic,"Reach & Match",VIC,,,""
senvic,"ReActivate",VIC,3844,,"Community & Cultural Development"
senvic,"recovawear",VIC,3072,https://www.recovawear.com,""
senvic,"Red Cross",VIC,3104,,""
senvic,"Red Hat Impact",VIC,3000,https://redhatimpact.com,""
senvic,"Refugee Talent",VIC,3000,,""
senvic,"Regenerative Communities",VIC,3500,https://www.regenerativecommunities.com.au,""
senvic,"Reground",VIC,3058,https://www.reground.com.au/,""
senvic,"Relationships Australia Victoria (RAV)",VIC,3350,https://www.relationshipsvictoria.org.au/,""
senvic,"Renee Otmar Consultancy",VIC,3220,,""
senvic,"Rethink Recycling",VIC,3171,,"Education and training; Environmental services; Manufacturing"
senvic,"Revlearn",VIC,3000,,"Education and training"
senvic,"Rmit",VIC,3000,,""
senvic,"Rohs Road Recycling & Gardening",VIC,3550,https://www.windarring.org.au/,"Employment; Environmental services; Furniture and home goods; Gardening; landscaping; fencing; Packaging; distribution and storage; Recycling and waste management"
senvic,"Room at the Table Inc",VIC,3673,https://roomatthetable.org.au/,""
senvic,"Roz's Ice Cream",VIC,3000,http://stillbeingdeveloped.com,""
senvic,"Ruby Saltbush Cafe",VIC,,,""
senvic,"Rupanyup A&P Society Inc",VIC,3388,,""
senvic,"Rupanyup/Minyip Finance Group Ltd",VIC,3388,,""
senvic,"Sammantha Leesonja",VIC,3056,https://www.hiddenspacestudios.com/,""
senvic,"Save the Children Op Shop - Ararat",VIC,3377,https://www.savethechildren.org.au/get-involved/op-shops,""
senvic,"Scope (Vic) Ltd",VIC,3350,https://www.scopeaust.org.au,""
senvic,"Scotsburn Nurseries",VIC,3173,,""
senvic,"Sebastopol Bowling Club",VIC,3356,,""
senvic,"Sebastopol Pharmacy",VIC,3356,https://www.ufs.com.au/stores/sebastopol-ufs-pharmacy,""
senvic,"Sebastopol Salvos",VIC,3356,https://www.opshop.org/details/sebastopol-salvos,""
senvic,"Seedling Giving",VIC,3000,,"Arts and culture; Business services; Community & Cultural Development; Environmental services; Impact and evaluation; Social Enterprise Groups"
senvic,"Seek",NSW,2043,,""
senvic,"Self employed",VIC,,,""
senvic,"Sephardi Association of Victoria",VIC,3162,https://www.fosy.com.au,"Education and training"
senvic,"Serenity Common Equity Housing Co-operative Ltd",VIC,3356,,""
senvic,"Shapes and Sounds",VIC,,https://www.justshapesandsounds.com,"Mental health and wellbeing"
senvic,"Shared Cup",VIC,3064,https://www.sharedcup.com.au/,""
senvic,"Shared Lives",VIC,,,""
senvic,"Shhh Silk Pty Ltd",VIC,3189,http://www.shhhsilk.com.au,""
senvic,"Shine Cambodia",VIC,3183,,""
senvic,"Silver Lining Op Shop",VIC,3340,https://www.opshop.org/details/Church-Op-Shop-Darley,""
senvic,"Simpson & District Community Centre Inc",VIC,3266,https://www.simpsondcc.com.au,""
senvic,"Single Origin Skincare",VIC,3075,http://www.singleoriginskincare.com,"Manufacturing; Personal and social care; Recycling and waste management"
senvic,"SisterWorks",VIC,3121,https://sisterworks.org.au,"Clothing and personal accessories; Education and training; Employment; Food and beverage products; Furniture and home goods; Manufacturing"
senvic,"Sisu Society",VIC,3844,,""
senvic,"Skill Invest",VIC,3175,https://www.skillinvest.com.au,""
senvic,"Slipway Collective",VIC,,,""
senvic,"Small Fires",VIC,3058,https://smallfires.co,"Arts and culture; Furniture and home goods"
senvic,"Snowy Advisory",VIC,3888,https://www.snowyadvisory.com,""
senvic,"Social Designer Pty Ltd",VIC,3458,https://www.socialdesigner.com.au,""
senvic,"Social Engine",VIC,3124,https://www.socialengine.org.au/,""
senvic,"Social Enterprise Academy Scotland",VIC,,https://www.socialenterprise.academy/,""
senvic,"Social Enterprise Group",VIC,3225,https://www.socialenterprisegroup.com.au,"Printing and publishing"
senvic,"Social Enterprise Network Victoria (SENVIC)",VIC,3057,http://www.senvic.org.au,"Community & Cultural Development; Festivals and events; Policy and research"
senvic,"Social Foundry",VIC,3444,http://www.socialfoundry.org.au,""
senvic,"Social Good Outpost",VIC,3223,https://socialgoodoutpost.com,"Business services; IT and web design; Impact and evaluation"
senvic,"Social Living",VIC,3121,https://socialliving.com.au,""
senvic,"Social Outcome Solutions",VIC,3032,http://socialoutcomesolutions.com/contact-us/,""
senvic,"Social Outcomes Security PTY LTD",VIC,3074,http://www.sossecurity.com.au/,"Building and maintenance trades; Community & Cultural Development; Festivals and events; Universities"
senvic,"Social Traders",VIC,3000,,""
senvic,"Soign√© Hospitality",VIC,3008,,""
senvic,"Somerset Heritage Produce, Food.com.au",VIC,3057,,""
senvic,"Souper Kitchen and Souper Bistro",VIC,3161,https://www.souper.org.au/,"Catering; cafe; restaurant; bar; baker; Festivals and events; Food and beverage products"
senvic,"South Coast Pcp",VIC,3990,,""
senvic,"South Kingsville Community Centre Inc",VIC,3015,,""
senvic,"South Sea Roller Derby",VIC,3166,,""
senvic,"Southerners Common Equity Housing Co-operative Ltd",VIC,3356,,""
senvic,"Sovereign Hill",VIC,3350,,""
senvic,"Span Community House Inc",VIC,3071,https://spanhouse.org,""
senvic,"Sparechair Cafe",VIC,3101,https://www.sparechaircafe.com.au,"Catering; cafe; restaurant; bar; baker; Community & Cultural Development; Education and training; Employment; Food and beverage products"
senvic,"Spark Strategy",VIC,3205,http://www.sparkstrategy.com.au,""
senvic,"Sparkways",VIC,3164,,""
senvic,"Speechly Speaking Services",VIC,3055,http://www.speechly.com.au,""
senvic,"Sponsity",NSW,2487,https://www.sponsity.com,""
senvic,"Springs Bar and Terrace",VIC,3363,,""
senvic,"SSI Legal",VIC,3053,https://www.ssilegal.org.au,"Legal services"
senvic,"St Arnaud Agricultural Society Inc",VIC,3478,https://www.starnaudshow.com,""
senvic,"St Arnaud Community Resource Centre",VIC,3388,,""
senvic,"St Arnaud Sporting Club",VIC,3478,,""
senvic,"St Joeys Op Shop",VIC,3333,https://www.opshop.org,""
senvic,"St John's Anglican Church Opportunity Shop",VIC,3350,https://www.opshop.org,""
senvic,"St Laurence Community Services",VIC,3350,,""
senvic,"St Laurence Community Services ( Agedcare101)",VIC,3400,https://www.agedcare101.com.au/about-us,""
senvic,"St Mary's House Of Welcome",VIC,3065,,""
senvic,"St Matthew's Op Shop",VIC,3350,https://www.opshop.org/details/St-Matthews-Op-Shop-Mitchell-Park,""
senvic,"Stawell Farmers & Craft Market",VIC,3380,,""
senvic,"Stawell Golf Club",VIC,3380,,""
senvic,"Stawell Lawns and Gardens",VIC,3380,,""
senvic,"Stawell Performing Arts Company",VIC,3380,,""
senvic,"Stawell YMCA Health and Fitness Centre",VIC,3380,https://www.ngshire.vic.gov.au/Sports-Recreation-and-Leisure,""
senvic,"Steam and Clean",VIC,3280,https://www.wdeaworks.org.au/ndis-social-enterprises/steam-and-clean,""
senvic,"Steel Chicks",VIC,3175,https://www.steelchicks.com,"Community & Cultural Development; Education and training; Manufacturing"
senvic,"STEM Incubators",VIC,3167,https://www.stemincubators.com.au,"Education and training"
senvic,"Stephanie Alexander Kitchen Garden Foundation",VIC,3079,,""
senvic,"Steptoes Lioness Opshop",VIC,3342,https://www.opshop.org,""
senvic,"Stockaders Common Equity Housing Co-operative Ltd",VIC,3350,https://www.cehl.com.au,""
senvic,"Story Wise",VIC,3440,https://www.storywise.com.au,""
senvic,"Strategy&Ops Consultancy",VIC,3006,https://strategyandops.net,""
senvic,"STREAT",VIC,3066,https://www.streat.com.au,"food and beverage products; mental health and wellbeing; employment"
senvic,"Sturt Street Pharmacy",VIC,3350,,""
senvic,"Su Victoria",VIC,3132,,""
senvic,"Suhail Usman",VIC,3220,,""
senvic,"Summer Foundation",VIC,3128,,""
senvic,"Swinburne",VIC,3127,,""
senvic,"Swinburne Social Startup Studio",VIC,3051,,""
senvic,"Swinburne University Of Technology",VIC,3122,,""
senvic,"SYN Media",VIC,3000,http://syn.org.au/,"Arts and culture; Education and training; Media and communications"
senvic,"Tactiv Pty Ltd",QLD,4000,http://www.tactiv.net,""
senvic,"Talking Sticks",VIC,3070,https://www.talkingsticks.com.au/,""
senvic,"Tatura Community House Inc.",VIC,3616,https://www.tatcom.vic.edu.au/,""
senvic,"Team Kids",VIC,3204,,""
senvic,"TechForGood Australia",VIC,3000,,"IT and web design"
senvic,"The Arts Revolution Collective Co-operative Ltd",VIC,3350,,""
senvic,"The Big Issue",VIC,3182,https://thebigissue.org.au/,""
senvic,"The Center for Participation - Governance Mentors Enterprise",VIC,3400,,""
senvic,"The Common Bean Cafe",VIC,,,"Catering; cafe; restaurant; bar; baker"
senvic,"The Community Grocer",VIC,3000,http://thecommunitygrocer.com.au,"Community & Cultural Development; Food and beverage products"
senvic,"The Connectives Limited",VIC,,,""
senvic,"the Daily Routine",VIC,3161,https://thedailyroutine.co,""
senvic,"The Difference Incubator",VIC,3805,https://tdi.org.au,"Business services"
senvic,"The Dragonfly Collective",VIC,3207,http://dragonflycollective.com.au,""
senvic,"The Earth Village Community",VIC,,,""
senvic,"The GEO Group",VIC,3121,,""
senvic,"The Good Business Foundation",VIC,3216,http://www.goodbusinessfoundation.com.au/,""
senvic,"The House of Happy",VIC,3635,https://www.thehouseofhappy.com.au/,""
senvic,"The Impact People",VIC,3064,,"Business services"
senvic,"The Indian Bazaar",VIC,3030,https://www.theindianbazaar.com/,""
senvic,"The Intime Collective",VIC,3000,http://www.theintimecollective.com,""
senvic,"The Last Hurrah Funerals",VIC,,https://www.lasthurrahfunerals.com.au,""
senvic,"The Migrant Hub Inc",VIC,3030,,""
senvic,"The Multicultural Professional Network",QLD,4000,https://multiculturalprofessionalnetwork.com.au/,"education and training"
senvic,"The Oranges Toolkit",NSW,2060,https://www.theorangestoolkit.com.au/,"Education and training"
senvic,"The Salvation Army",VIC,3000,,""
senvic,"The Sanctuary Mallacoota Youth Group Inc",VIC,3892,https://www.facebook.com/SanctuaryMYG/,""
senvic,"The Social Studio",VIC,3066,https://www.thesocialstudio.org/,""
senvic,"The Swim Project",VIC,3141,http://www.theswimproject.com.au,""
senvic,"The Torch",VIC,3053,,"Arts and culture"
senvic,"The Usefulness Of Art",VIC,3070,http://www.tuoa.com.au,""
senvic,"The Welcome Project",VIC,3153,https://www.facebook.com/The-Welcome-Project-111855280311155/,""
senvic,"ThreeSistersBeautyco",VIC,3111,http://threesistersbeautyco.com,""
senvic,"Tnc Care Services",VIC,3202,http://www.tnccare.com.au,""
senvic,"To The Rescue",VIC,3741,,""
senvic,"Tonic Partners",VIC,3121,http://www.tonicpartners.com.au/content/home,""
senvic,"Toy Libraries Australia",VIC,,https://www.toylibraries.org.au/,""
senvic,"Transurban",VIC,3000,,""
senvic,"Trentham Neighbourhood Centre",VIC,3458,http://trenthamnc.org.au,""
senvic,"Triple H 96.5 FM",VIC,3400,,""
senvic,"Tuning Relationships with Music",VIC,3095,https://tuningrelationshipswithmusic.com,""
senvic,"Two Square Pegs",VIC,3068,http://www.twosquarepegs.com/,"Education and training"
senvic,"U3A Hepburn Shire Inc",VIC,3460,,""
senvic,"U3A Horsham & District Inc",VIC,3400,https://www.horshamu3a.org.au/,""
senvic,"Unbound",VIC,3051,https://unbound.edu.au,""
senvic,"Understorey",VIC,,https://www.understorey.co,"Business services"
senvic,"Unidex Healthcare",QLD,4215,,""
senvic,"Unison Property Corporation",VIC,3031,,"Cleaning; housekeeping & laundry services; Gardening; landscaping; fencing; Recycling and waste management"
senvic,"United Way",VIC,3350,,""
senvic,"Uniting Care Victoria and Tasmania",VIC,3353,,""
senvic,"Uniting Early Learning ( Buninyong Pre School)",VIC,3357,,""
senvic,"Uniting Early Learning ( Hopetoun Child Card service",VIC,3397,,""
senvic,"Uniting Early Learning ( Jubilee Kindergarten)",VIC,3350,,""
senvic,"Uniting Early Learning (Cardigan Village Kindergarten)",VIC,3352,,""
senvic,"Uniting Early Learning Kaniva",VIC,3352,,""
senvic,"Uniting Early Learning Warracknabeal",VIC,3393,,""
senvic,"Uniting Vic Tas",VIC,3149,https://www.unitingvictas.org.au/,""
senvic,"Unknown Yet",VIC,3042,,""
senvic,"UPmovement",VIC,3079,https://www.upmovement.co/,""
senvic,"Upper Murray Regional Neighbourhood House Network",VIC,3673,https://www.uppermurraynhn.org,"Community & Cultural Development"
senvic,"VACRO",VIC,3000,,""
senvic,"Venus Bay Community Centre",VIC,3956,http://www.vbcc.org.au,"Community & Cultural Development; Opportunity shops and secondhand shops"
senvic,"Vermilion Project",VIC,,,""
senvic,"Vfmc",VIC,3000,,""
senvic,"Vichealth",VIC,3011,,""
senvic,"Victoria Street Pharmacy",VIC,3350,https://www.ufs.com.au,""
senvic,"Victorian Aboriginal Legal Service Co-operative Ltd",VIC,3350,http://www.vals.org.au/,""
senvic,"Villa Maria Catholic Homes (VMCH Providence Aged Care Residence)",VIC,3340,,"Gardening; landscaping; fencing"
senvic,"Vinnies Alfredton",VIC,3350,https://www.opshop.org,""
senvic,"Vinnies Ararat",VIC,3377,https://www.opshop.org,""
senvic,"Vinnies Bacchus Marsh",VIC,3340,https://www.vinnies.org.au,""
senvic,"Vinnies Ballarat",VIC,3350,https://www.vinnies.org.au/shops/view/351,""
senvic,"Vinnies Daylesford",VIC,3460,https://www.vinnies.org.au/shops/view/371,""
senvic,"Vinnies Horsham",VIC,3400,https://www.vinnies.org.au/shops/view/390,""
senvic,"Vinnies Sebastopol",VIC,3356,https://www.vinnies.org.au/shops/view/427,""
senvic,"Vinnies Wendouree",VIC,3355,https://www.vinnies.org.au/shops/view/442,""
senvic,"Virtual Contact Centre",VIC,,,""
senvic,"Virtual Contact Centre Limited",VIC,3453,https://virtualcc.org.au,"Business services"
senvic,"Vision Australia",VIC,3355,https://www.visionaustralia.org/,""
senvic,"VMCH",VIC,3002,https://vmch.com.au,""
senvic,"Voice FM",VIC,3350,https://www.voicefm.org.au/,""
senvic,"Voice Of Health",VIC,3196,,""
senvic,"Vollie",VIC,3205,https://www.vollie.com.au,""
senvic,"Wail Nursery",VIC,3401,https://www.bglc.com.au/wail-nursery,""
senvic,"Wangaratta Community Gardens",VIC,3677,https://www.facebook.com/wangarattacommunitygarden,""
senvic,"War on Waste Cartel",VIC,,,""
senvic,"Warracknabeal Arts Council",VIC,3393,,""
senvic,"Wattle Pathways",VIC,3175,https://www.wattlepathways.com.au/,"education and training"
senvic,"Waverley Social Enterprise",VIC,,,""
senvic,"WCMA",VIC,3400,,""
senvic,"WDEA Works",VIC,3280,https://www.wdeaworks.org.au/ndis-social-enterprises,"Building and maintenance trades; Opportunity shops and secondhand shops; Packaging; distribution and storage; Recycling and waste management"
senvic,"We Are Your Friends Consulting",VIC,3150,http://www.wayfconsulting.com,""
senvic,"We Teach Well",VIC,3206,https://www.weteachwell.com/,""
senvic,"Wear it Proud",VIC,3047,,"Clothing and personal accessories"
senvic,"Wear Less Noise",VIC,3057,https://wearlessnoise.com.au/,""
senvic,"Welcome Merchant",NSW,2130,,"Catering; cafe; restaurant; bar; baker; Community & Cultural Development; Festivals and events; Food and beverage products; Social Enterprise Groups"
senvic,"Wellbeing Face Pty Ltd - Global Joy of Work Mission",VIC,3182,https://www.wellbeingface.com,"education and training"
senvic,"Wendouree Pharmacy",VIC,3355,,""
senvic,"Wendouree Salvos",VIC,3355,https://www.salvosstores.com.au/stores/vic/3355-wendouree-507,""
senvic,"WeShift",VIC,3189,https://www.weshift.com.au,"personal and social care"
senvic,"West Wimmera Community Arts Society",VIC,3318,https://www.rav.net.au/mem,""
senvic,"Western District Employment Access (WDEA) Ararat",VIC,3318,https://www.wdeaworks.org.au/,""
senvic,"Western District Employment Access (WDEA) Ballarat",VIC,3350,https://www.wdeaworks.org.au/,""
senvic,"Western District Employment Access (WDEA) Daylesford",VIC,3377,https://www.wdeaworks.org.au/,""
senvic,"Western District Employment Access (WDEA) Horsham",VIC,3400,https://www.wdeaworks.org.au/,""
senvic,"Western District Employment Access (WDEA) Stawell",VIC,3380,https://www.wdeaworks.org.au/,""
senvic,"Western District Employment Access (WDEA) Warracknabeal",VIC,3393,https://www.wdeaworks.org.au/,""
senvic,"Westpac Foundation",VIC,3000,https://www.westpac.com.au/about-westpac/our-foundations/westpac-foundation/,""
senvic,"Where Is My Coffee?",VIC,3677,https://www.vmchcafe.com.au/,"Catering; cafe; restaurant; bar; baker"
senvic,"White Lion",VIC,3003,http://www.whitelion.org.au,""
senvic,"Whittlesea Community Connections",VIC,3076,http://www.whittleseacommunityconnections.org.au,""
senvic,"Wholistic Vitality (Current Organisation, Not Yet Social Enterprise)",VIC,3931,,""
senvic,"Wild nation",VIC,3195,http://wildnation.net,""
senvic,"Wild Timor Coffee",VIC,,,""
senvic,"Wilderness Collective",VIC,3892,,"Community & Cultural Development; Education and training"
senvic,"Wildlife Wonders",VIC,3233,https://www.wildlifewonders.org.au,"Tourism"
senvic,"Wimmera Machinery Field Days Inc",VIC,3401,,""
senvic,"Wimmera UnitingCare Ararat",VIC,3377,https://www.unitingvictas.org.au/locations/,""
senvic,"Wimmera UnitingCare Horsham",VIC,3400,https://www.unitingvictas.org.au/locations/,""
senvic,"Wimmera UnitingCare Stawell",VIC,3380,https://www.wuc.org.au,""
senvic,"Winchelsea Community House",VIC,3241,https://winchhouse.org.au,""
senvic,"Windarring Gardeners",VIC,3444,https://www.windarring.org.au/,"Employment; Gardening; landscaping; fencing"
senvic,"Windarring Recycled Shop",VIC,3450,https://www.windarring.org.au/,"Clothing and personal accessories; Employment; Furniture and home goods; Opportunity shops and secondhand shops; Recycling and waste management"
senvic,"Wintringham Brown Hill",VIC,3350,https://www.wintringham.org.au/ballarat_brown_hill.html,""
senvic,"Wintringham Creswick",VIC,3363,https://www.wintringham.org.au/,""
senvic,"Wintringham St Arnaud",VIC,3363,https://www.wintringham.org.au/ballarat_brown_hill.html,""
senvic,"Wise Employment Ltd.",VIC,3051,,""
senvic,"Wise Foundation",VIC,3205,http://www.wisefoundation.com.au/,"Employment"
senvic,"WomanGoingPlaces",VIC,3934,https://womangoingplaces.com.au,"Media and communications"
senvic,"Wombat Regional Arts Network",VIC,3342,https://www.wombatarts.org/,""
senvic,"Women in Work",VIC,,,""
senvic,"Women Support Incorporated",VIC,,,""
senvic,"Women's Art Register/ The Boite",VIC,3195,https://www.womensartregister.org/,""
senvic,"Women's Property Initiatives",VIC,3000,https://www.propertyinitiatives.com.au,""
senvic,"Wood Worx",VIC,3400,http://caei.com.au/,""
senvic,"wood4good pty ltd",VIC,3550,http://www.wood4good.com.au,""
senvic,"Woomelang Trading Co-operative Ltd",VIC,3485,,""
senvic,"Work For The Soul",VIC,3072,https://workforthesoul.org.au,""
senvic,"World Vision Australia (t/a Change Coffee)",VIC,3151,https://www.changecoffee.com.au,"food and beverage products"
senvic,"Worthy Cause",VIC,3004,https://www.worthy-cause.com.au,"Catering; cafe; restaurant; bar; baker; Education and training; Employment; Festivals and events; Food and beverage products"
senvic,"Wozzle Wearhouse - Ballarat Store",VIC,3350,https://www.opshop.org/details/Wozzle-Warehouse-Ballarat,""
senvic,"Wozzle Wearhouse - Wendouree Store",VIC,3355,,""
senvic,"Wozzle Wearhouse -Sebastopol Store",VIC,3356,,""
senvic,"Wozzle’s Wearhouse - Operations Centre",VIC,3355,,""
senvic,"Wsp",SA,5000,,""
senvic,"Wyld Work Projects",VIC,3220,,"Agriculture; Arts and culture; Community & Cultural Development; Education and training; Gardening; landscaping; fencing; Mental health and wellbeing; Personal and social care"
senvic,"WYN Hub",VIC,3029,https://www.linkedin.com/company/wyn-hub,"business services"
senvic,"WYNBUS",VIC,3030,https://wynbus.org.au,"Personal and social care; Transport"
senvic,"Yarra Plenty Regional Library (Yprl)",VIC,3095,https://www.yprl.vic.gov.au,""
senvic,"Ygap",VIC,3121,https://ygap.org/,""
senvic,"Yilam",VIC,3217,,"Business services; Community & Cultural Development; Education and training; Policy and research; Tourism"
senvic,"YLab",VIC,3000,https://www.ylab.global/,"Impact and evaluation"
senvic,"YMCA Geelong",VIC,3331,https://www.geelong.ymca.org.au/,""
senvic,"YMCA ReBuild",VIC,3054,http://bridgeproject.ymca.org.au/,""
senvic,"YMCA Whittlesea",VIC,3752,https://whittlesea.ymca.org.au/?gclid=Cj0KCQjwk8b7BRCaARIsAARRTL7F0BGkI0cuSujhUDzg3yWY-pQEpGt5Ll35pIHjwnc4if0qLHcQmIwaAhHIEALw_wcB,""
senvic,"Yoga for Pain Care Australia",VIC,3000,,""
senvic,"Young Change Agents",NSW,2046,https://youngchangeagents.com,""
senvic,"Youth Development Australia trading as Youthworx",VIC,3056,https://youthworx.org.au/,""
senvic,"Youth Enterprises Australia",VIC,3122,,"Business services"
senvic,"Youth Gurus",VIC,3231,https://www.youthgurus.com.au/,""
senvic,"Youth Projects Ltd",VIC,3000,https://www.youthprojects.org.au/,""
senvic,"Yume",VIC,3181,https://yumefood.com.au/home,""
senvic,"Zendesk",VIC,,,""
senvic,"Zero Plastics Australia",VIC,3356,,"Manufacturing; Recycling and waste management"
senvic,"ZeroTag",VIC,3006,https://www.zerotag.au,"IT and web design; Packaging; distribution and storage"
senvic,"Zoe Support Australia",VIC,3500,https://www.zoesupport.com.au,""
secna,"Studio A",NSW,,https://www.studioa.org.au,""
secna,"GG's Flowers",NSW,,http://www.ggsflowers.com.au,""
secna,"Your 100 Year Life Pty Ltd",NSW,,https://your100yearlife.com,""
secna,"Radicalbox",NSW,,http://www.radicalbox.com.au,""
secna,"Digital Storytellers",NSW,,http://digitalstorytellers.com.au,""
secna,"BackTrack Works",NSW,,https://www.backtrack.org.au,""
secna,"Earth Worthy",NSW,,https://www.earthworthy.co,""
secna,"SEVENTEENx",NSW,,https://www.seventeensdg.com,""
secna,"It Takes a Team",NSW,,https://www.ittakesateam.com.au/,"Health and Wellness"
secna,"disinfluencer.co",NSW,,,""
secna,"Burn Bright",NSW,,http://burnbright.org.au,""
secna,"Arise Foundation",NSW,,https://www.arisefoundation.org.au,""
secna,"Hotel Etico",NSW,,,""
secna,"Strategic Solutions",NSW,,,"Professional Services"
secna,"Bondi Innovation Alliance",NSW,,https://bondiinnovation.com.au/,""
secna,"Social Impact Hub",NSW,,http://www.socialimpacthub.org/about/,""
secna,"Bambuddha Group",NSW,,https://www.bambuddhagroup.com/,"Professional Services; Employment and Livelihoods; Justice and Anti-Recidivism; Women"
secna,"Australian Social Value Bank",NSW,,https://www.asvb.com.au,"Professional Services; Finance and Funding; Health and Community Services; Charities and Social Enterprises; Housing and Basic Needs"
secna,"Umbo",NSW,,,"Health and Community Services; Charities and Social Enterprises; Children and Youth; Disability and Neurodivergence; Employment and Livelihoods; Health and Wellness; Refugees and Migrants; Seniors and Older People"
secna,"NFP Guide",NSW,,https://nfpguide.com.au/,"Professional Services; Education; Finance and Funding; Training and Employment; Charities and Social Enterprises; Community and Connection; Health and Wellness"
secna,"Forward Thinking Design (also t/as FTD Circular)",NSW,,,"Circular Economy; Furniture and Furnishings; Professional Services; Training and Employment; Waste Management; Animal Welfare; Charities and Social Enterprises; Community and Connection; Disability and Neurodivergence; Employment and Livelihoods; Environment and Sustainability; Health and Wellness; Housing and Basic Needs; LGBTQI+; Local Economic Development; Women"
secna,"The Big Feed",NSW,,https://www.thebigfeed.org.au/,"Education; Health and Community Services; Professional Services; Charities and Social Enterprises; Community and Connection; Health and Wellness; Local Economic Development"
secna,"Allara Creative",NSW,,https://www.allaracreative.com.au,"Retail and Wholesale Trade; Employment and Livelihoods; Refugees and Migrants; Women"
secna,"Solutions2you Pty Ltd",NSW,,https://www.solutions2you.com.au,"Education; Finance and Funding; Health and Community Services; Professional Services; Training and Employment; Other; Children and Youth; Health and Wellness; Human Rights; Local Economic Development; Women"
secna,"Revolve Recycling",NSW,,https://revolverecycling.net/,"Professional Services; Circular Economy; Manufacturing and Assembly; Retail and Wholesale Trade; Arts and Recreation; Training and Employment; Refugees and Migrants; Charities and Social Enterprises; Children and Youth; Environment and Sustainability; First Nations People"
secna,"Underwear for Humanity",NSW,,https://underwearforhumanity.com.au/,"Circular Economy; Retail and Wholesale Trade; Environment and Sustainability; First Nations People; Refugees and Migrants"
secna,"Stepping Stone Social Enterprise Limited",NSW,,https://www.cafesteppingstone.com,"Cafe and Restaurant; Catering; Circular Economy; Training and Employment; Refugees and Migrants; Employment and Livelihoods; Women"
secna,"Human Quotient Group Pty Ltd",NSW,,https://www.humanquotient.com.au,"Professional Services; Childcare; Property and Space Hire; Training and Employment; Event Management; Transport Logistics and Fulfilment; Domestic Violence and Crisis Support; Health and Wellness; Employment and Livelihoods; Community and Connection; Women"
secna,"Seer Data & Analytics",NSW,,https://seerdata.ai,"Professional Services; Other; Charities and Social Enterprises; Children and Youth; Community and Connection; Disability and Neurodivergence; Domestic Violence and Crisis Support; Employment and Livelihoods; First Nations People; Health and Wellness; Human Rights; Other"
secna,"Auroraz Soulful Gifts",NSW,,,"Retail and Wholesale Trade; Charities and Social Enterprises; Disability and Neurodivergence; Women"
secna,"Benefolk",NSW,,,"Professional Services; Education; Finance and Funding; Health and Community Services; Community and Connection; Environment and Sustainability"
secna,"Muru Mittigar Limited",NSW,,https://www.murumittigar.com.au,"Arts and Recreation; Food Production and Agriculture; Gardening and Landscaping; Professional Services; Travel and Tourism; Community and Connection; Environment and Sustainability; First Nations People"
secna,"CommUnity Construction",NSW,,https://communityconstruction.com.au/,"Professional Services; Construction; Training and Employment; Employment and Livelihoods; Refugees and Migrants; Women"
secna,"The Global Collective Group Pty Ltd",NSW,,https://www.theglobalcollective.co,"Professional Services; Health and Community Services; Retail and Wholesale Trade; Transport Logistics and Fulfilment; First Nations People; Women"
secna,"Base Soaps",NSW,,http://www.basesoaps.com.au,"Circular Economy; Retail and Wholesale Trade; Health and Community Services; Manufacturing and Assembly; Professional Services; Charities and Social Enterprises; Environment and Sustainability; First Nations People; Health and Wellness; Children and Youth"
secna,"Unlimited You",NSW,,http://www.unlimitedxyou.com/,"Education; Health and Community Services; Professional Services; Training and Employment; Community and Connection; Health and Wellness; Women"
secna,"Medius Dei Limited t/a Church Grounds",NSW,,https://www.churchgrounds.org,"Training and Employment; Professional Services; Transport Logistics and Fulfilment; Community and Connection; Disability and Neurodivergence; Employment and Livelihoods; Refugees and Migrants"
secna,"Social Change Central",NSW,,https://www.socialchangecentral.com/,"Education; Finance and Funding; Professional Services; Training and Employment; Charities and Social Enterprises"
secna,"Think+DO Tank Foundation",NSW,,https://foundation.thinkanddotank.net.au/,"Arts and Recreation; Catering; Education; Event Management; Food Production and Agriculture; Health and Community Services; Professional Services; Property and Space Hire; Retail and Wholesale Trade; Training and Employment; Arts and Culture; Charities and Social Enterprises; Children and Youth; Community and Connection; Employment and Livelihoods; Health and Wellness; Human Rights; Justice and Anti-Recidivism; LGBTQI+; Local Economic Development; Refugees and Migrants; Women"
secna,"Earthica",NSW,,https://www.earthica.com.au/,"Training and Employment; Manufacturing and Assembly; Retail and Wholesale Trade; Arts and Culture; Employment and Livelihoods; Women"
secna,"Indigenous Futures Foundation",NSW,,https://www.futures.org.au,"Food Production and Agriculture; Education; Professional Services; First Nations People"
secna,"Digital Purpose",NSW,,https://www.digitalpurpose.com.au,"Professional Services; Environment and Sustainability; Health and Wellness; Employment and Livelihoods; Women"
secna,"The Sustainable Gardener",NSW,,https://www.thesustainablegardener.com.au/,"Food Production and Agriculture; Gardening and Landscaping; Professional Services; Health and Community Services; Education; Training and Employment; Environment and Sustainability; Disability and Neurodivergence; Employment and Livelihoods"
secna,"Decision Revolution",NSW,,https://www.decisionrevolution.com,"Professional Services; Training and Employment; Charities and Social Enterprises; Women"
secna,"Evalue8 Sustainability",NSW,,http://evalue8.net,"Professional Services; Environment and Sustainability"
secna,"Impact10x",NSW,,https://www.Impact10x.au,"Professional Services; Refugees and Migrants; Charities and Social Enterprises; Children and Youth"
secna,"Ethical Law",NSW,,https://www.ethicallaw.com.au/,"Professional Services; Arts and Culture; Charities and Social Enterprises"
secna,"CuriousWorks",NSW,,https://curiousworks.com.au/,"Arts and Recreation; Education; Professional Services; Arts and Culture; Children and Youth; Employment and Livelihoods; Refugees and Migrants"
secna,"Superyard",NSW,,https://www.superyard.com.au,"Professional Services; Circular Economy; Construction; Training and Employment; Charities and Social Enterprises; Community and Connection; Environment and Sustainability"
secna,"Accessilife",NSW,,,"Health and Community Services; Seniors and Older People; Community and Connection; Disability and Neurodivergence"
secna,"BlockTexx",NSW,,https://www.blocktexx.com,"Manufacturing and Assembly; Charities and Social Enterprises; Environment and Sustainability; Employment and Livelihoods"
secna,"CandleXchange",NSW,,https://candlexchange.com.au/,"Circular Economy; Retail and Wholesale Trade; Charities and Social Enterprises; Community and Connection; Domestic Violence and Crisis Support; Environment and Sustainability; Refugees and Migrants"
secna,"White Box Enterprises",NSW,,https://www.whiteboxenterprises.com.au,"Professional Services; Training and Employment; Finance and Funding; Employment and Livelihoods; Refugees and Migrants"
secna,"The Easy Read Toolbox",NSW,,,"Education; Health and Community Services; Professional Services; Training and Employment; Arts and Culture; Children and Youth; Disability and Neurodivergence; Employment and Livelihoods; Refugees and Migrants; Seniors and Older People; Women"
secna,"Glow Up Careers Pty Ltd",NSW,,https://www.glowupcareers.com,"Corporate Volunteering; HR and Recruitment; Training and Employment; Employment and Livelihoods; Refugees and Migrants; Women"
secna,"Gedera & Co",NSW,,https://www.gederaandco.com.au/,"Food Production and Agriculture; Manufacturing and Assembly; Disability and Neurodivergence; Environment and Sustainability; Women"
secna,"WiSE Recycling Co",NSW,,https://www.wiserecyclingco.com,"Circular Economy; Manufacturing and Assembly; Children and Youth; Community and Connection; Environment and Sustainability; Health and Wellness"
secna,"The Reconnect Project",NSW,,https://www.thereconnectproject.com.au,"Circular Economy; Education; Professional Services; Retail and Wholesale Trade; Training and Employment; Seniors and Older People; Refugees and Migrants; Charities and Social Enterprises; Domestic Violence and Crisis Support; Environment and Sustainability; First Nations People; Housing and Basic Needs; Health and Wellness; Disability and Neurodivergence; Employment and Livelihoods; Justice and Anti-Recidivism; Community and Connection; Women; Children and Youth"
secna,"Recruitflex",NSW,,https://recruitflex.com.au/,"Training and Employment; HR and Recruitment; Charities and Social Enterprises; Children and Youth; Community and Connection; First Nations People; Housing and Basic Needs; Disability and Neurodivergence"
secna,"People For Nature",NSW,,https://www.peoplefornature.org.au/,"Professional Services; Circular Economy; Corporate Volunteering; Education; Training and Employment; Community and Connection; Environment and Sustainability; Health and Wellness"
secna,"GreenPay",NSW,,https://www.greenpay.au,"Finance and Funding; Charities and Social Enterprises; Environment and Sustainability"
secna,"Data Action Impact",NSW,,https://dataactionimpact.com,"Professional Services; Training and Employment; Charities and Social Enterprises; Refugees and Migrants"
secna,"Flashpoint Labs",NSW,,https://www.flashpointlabs.org/,"Arts and Recreation; Training and Employment; Employment and Livelihoods; First Nations People; Refugees and Migrants"
secna,"The Formative",NSW,,https://www.theformative.com.au,"Professional Services; Arts and Culture; Charities and Social Enterprises; Health and Wellness"
secna,"Right to Work",NSW,,https://www.righttowork.net.au,"Education; Professional Services; Training and Employment; Children and Youth; Community and Connection; Disability and Neurodivergence; Employment and Livelihoods"
secna,"Creating Chances",NSW,,https://www.creatingchances.org.au,"Professional Services; Education; Training and Employment; Event Management; Health and Community Services; Arts and Recreation; Refugees and Migrants; Health and Wellness; Refugees and Migrants; Children and Youth"
secna,"Design for Hope",NSW,,https://designforhope.com.au/,"Professional Services; Construction; Education; Health and Community Services; Training and Employment; Domestic Violence and Crisis Support; Health and Wellness; Women"
secna,"Ripple Learning",NSW,,https://www.ripplelearning.com.au/,"Health and Community Services; Training and Employment; Health and Wellness"
secna,"The Social Story Co",NSW,,,"Professional Services; Refugees and Migrants; Charities and Social Enterprises; Women"
secna,"METIO",NSW,,https://www.metio.com.au,"Professional Services; Construction; Property and Space Hire; Seniors and Older People; Refugees and Migrants; Charities and Social Enterprises; Environment and Sustainability; First Nations People; Disability and Neurodivergence; Community and Connection"
secna,"Aware...the social design project",NSW,,https://awarethesocialdesignproject.com.au/,"Professional Services; Retail and Wholesale Trade; Manufacturing and Assembly; Transport Logistics and Fulfilment; Environment and Sustainability; Human Rights; Women"
secna,"Reverse Garbage Co-operative",NSW,,https://www.reversegarbage.org.au,"Arts and Recreation; Circular Economy; Corporate Volunteering; Education; Retail and Wholesale Trade; Arts and Culture; Environment and Sustainability"
secna,"brandkind Community",NSW,,,"Professional Services; Corporate Volunteering; Education; Training and Employment; Community and Connection; Women; Children and Youth"
secna,"Cuppa.tv",NSW,,https://www.cuppa.tv,"Professional Services; Training and Employment; Event Management; Health and Community Services; HR and Recruitment; Charities and Social Enterprises; Domestic Violence and Crisis Support; Environment and Sustainability; First Nations People; End of Life Support; Health and Wellness; Disability and Neurodivergence; Employment and Livelihoods; Refugees and Migrants; Community and Connection; Women; Children and Youth"
secna,"Project Net Zero",NSW,,https://www.projectnetzero.com.au,"Circular Economy; Charities and Social Enterprises; Domestic Violence and Crisis Support; Health and Wellness; First Nations People; Housing and Basic Needs"
secna,"YEVU Clothing",NSW,,http://www.yevuclothing.com,"Retail and Wholesale Trade; Employment and Livelihoods; Women"
secna,"Disability Leadership Institute",NSW,,https://disabilityleaders.com.au/,"Education; Professional Services; Training and Employment; Disability and Neurodivergence"
secna,"Box Divvy",NSW,,https://www.boxdivvy.com.au,"Health and Community Services; Retail and Wholesale Trade; Community and Connection; Environment and Sustainability; Health and Wellness"
secna,"The Freedom Hub Ltd",NSW,,https://www.thefreedomhub.org,"Catering; Professional Services; Retail and Wholesale Trade; Training and Employment; Employment and Livelihoods; Human Rights; Refugees and Migrants"
secna,"CareerSeekers New Australian Internship Program",NSW,,https://www.careerseekers.org.au,"Training and Employment; Employment and Livelihoods; Refugees and Migrants"
secna,"StartSomeGood",NSW,,https://www.startsomegood.com,"Professional Services; Training and Employment; Charities and Social Enterprises"
secna,"Generation Australia LTD",NSW,,http://australia.generation.org/,"Training and Employment; Children and Youth; Disability and Neurodivergence; Employment and Livelihoods; First Nations People; Refugees and Migrants; Women"
secna,"Wellbeing By SATA&Co",NSW,,https://vitenje.com/,"Arts and Recreation; Retail and Wholesale Trade; Health and Community Services; Refugees and Migrants; Health and Wellness; Women"
secna,"Sefa",NSW,,http://www.sefa.com.au,"Professional Services; Finance and Funding; Charities and Social Enterprises"
secna,"Goodtel Communications",NSW,,https://www.goodtel.com.au,"Professional Services; Animal Welfare; Health and Wellness; Charities and Social Enterprises; Environment and Sustainability; First Nations People; Housing and Basic Needs; Refugees and Migrants"
secna,"PATHMAKER",NSW,,https://www.pathmaker.au,"Professional Services; Charities and Social Enterprises; Environment and Sustainability"
secna,"Endless Play Studio",NSW,,https://www.endlessplaystudio.com/,"Professional Services; Childcare; Circular Economy; Education; Training and Employment; Children and Youth; Environment and Sustainability"
secna,"SSI Diversity Training",NSW,,https://diversity.ssi.org.au/,"Professional Services; Education; Training and Employment; Health and Community Services; Seniors and Older People; Refugees and Migrants; Charities and Social Enterprises; Community and Connection; Domestic Violence and Crisis Support; Health and Wellness; Employment and Livelihoods; Disability and Neurodivergence; Women"
secna,"Aurum Foundation",NSW,,https://www.aurum.org.au,"Professional Services; Event Management; Professional Services; Refugees and Migrants; Charities and Social Enterprises; Employment and Livelihoods"
secna,"Purpose With Profit Pty Ltd",NSW,,https://www.purposewithprofit.co,"Professional Services; Animal Welfare; Refugees and Migrants; Charities and Social Enterprises; Environment and Sustainability"
secna,"Pixii",NSW,,https://www.pixii.com.au,"Health and Community Services; Manufacturing and Assembly; Retail and Wholesale Trade; Charities and Social Enterprises; Women"
secna,"BREED Australia Inc",NSW,,https://www.breedaustralia.com.au,"Professional Services; Education; Training and Employment; Children and Youth"
secna,"Greatest Good Pty Ltd",NSW,,https://greatestgood.com.au/,"Professional Services; Circular Economy; Corporate Volunteering; Education; Event Management; Finance and Funding; Retail and Wholesale Trade; Health and Community Services; HR and Recruitment; Professional Services; Transport Logistics and Fulfilment; Training and Employment; Seniors and Older People; Animal Welfare; Arts and Culture; Refugees and Migrants; Health and Wellness; Charities and Social Enterprises; Children and Youth; Community and Connection; End of Life Support; Domestic Violence and Crisis Support; Environment and Sustainability; First Nations People; Housing and Basic Needs; Employment and Livelihoods; Human Rights; Disability and Neurodivergence; Justice and Anti-Recidivism; Women"
secna,"Roswods",NSW,,https://www.roswods.com,"Food Production and Agriculture; Retail and Wholesale Trade; Community and Connection; Employment and Livelihoods; Environment and Sustainability; First Nations People; Health and Wellness; Local Economic Development; Women"
secna,"Thrivator Pty Ltd",NSW,,https://www.thrivator.com/,"HR and Recruitment; Professional Services; Training and Employment; Community and Connection; Employment and Livelihoods; Health and Wellness"
secna,"Australian School of Entrepreneurship",NSW,,https://www.ase.edu.au/,"Education; Training and Employment; Children and Youth; Disability and Neurodivergence; Employment and Livelihoods"
secna,"She Shapes History",NSW,,https://www.sheshapeshistory.com.au,"Arts and Recreation; Retail and Wholesale Trade; Travel and Tourism; Women"
secna,"Banish Group Pty Ltd",NSW,,,"Circular Economy; Corporate Volunteering; Education; Manufacturing and Assembly; Professional Services; Retail and Wholesale Trade; Transport Logistics and Fulfilment; Children and Youth; Community and Connection; Environment and Sustainability"
secna,"Florapeutic",NSW,,https://www.florapeutic.com.au,"Arts and Recreation; Circular Economy; Corporate Volunteering; Event Management; Retail and Wholesale Trade; Community and Connection; Environment and Sustainability; Seniors and Older People"
secna,"Women's Shed Canberra Inc. (WSC)",NSW,,https://www.womensshedcanberra.com.au,"Circular Economy; Construction; Training and Employment; Community and Connection; Health and Wellness; Women"
secna,"Pingala Community Energy",NSW,,https://www.pingala.org.au/,"Finance and Funding; Professional Services; Other; Charities and Social Enterprises; Community and Connection; Environment and Sustainability; Housing and Basic Needs; Other"
secna,"Ozharvest Ventures",NSW,,https://www.ozharvest.ventures/,"Circular Economy; Retail and Wholesale Trade; Environment and Sustainability"
secna,"Nama Jalu Consulting",NSW,,https://www.namajalu.com.au,"Professional Services; First Nations People"
secna,"Joy of Giving",NSW,,https://www.joyofgiving.net/,""
secna,"Dynamic4",NSW,,https://dynamic4.com,"Circular Economy; Corporate Volunteering; Event Management; Marketing and Design; Professional Services; Training and Employment; Other; Charities and Social Enterprises; Children and Youth; Community and Connection; Disability and Neurodivergence; Employment and Livelihoods; End of Life Support; Environment and Sustainability; First Nations People; Health and Wellness; Human Rights; Local Economic Development; Refugees and Migrants; Seniors and Older People; Women; Other"
secna,"Vividhata",NSW,,https://vividhata.co/,"Construction; Education; Event Management; Health and Community Services; HR and Recruitment; Professional Services; Training and Employment; Employment and Livelihoods; LGBTQI+; Women"
secna,"Bush to Bowl",NSW,,https://www.bushtobowl.com,"Education; Food Production and Agriculture; Professional Services; Training and Employment; Travel and Tourism; Children and Youth; Environment and Sustainability; First Nations People"
secna,"Unchained Solutions Pty Ltd",NSW,,http://www.unchainedsolutions.com.au,"Corporate Volunteering; Education; Professional Services; Training and Employment; Charities and Social Enterprises; Environment and Sustainability; Human Rights"
secna,"Applied Recovery",NSW,,https://www.cleanslateclinic.com,"Health and Community Services; Health and Wellness"
secna,"Creative Plus Business",NSW,,https://creativeplusbusiness.com/,"Arts and Recreation; Professional Services; Training and Employment; Arts and Culture"
secna,"MOOD tea",NSW,,,"Retail and Wholesale Trade; Children and Youth; Health and Wellness"
secna,"Goanna Academy",NSW,,https://www.goannaacademy.com.au,"Arts and Recreation; Education; Professional Services; Training and Employment; Children and Youth; First Nations People; Health and Wellness"
secna,"Bus Stop Films",NSW,,https://www.busstopfilms.com.au,"Arts and Recreation; Training and Employment; Arts and Culture; Disability and Neurodivergence"
secna,"The Sewing Basket (Achieve Australia)",NSW,,,"Health and Community Services; Retail and Wholesale Trade; Disability and Neurodivergence; Environment and Sustainability; Seniors and Older People"
secna,"First Innovators",NSW,,,"Professional Services; Children and Youth; First Nations People; Women"
secna,"ReNewy Living",NSW,,https://www.renewyliving.com.au,"Circular Economy; Education; Health and Community Services; Professional Services; Community and Connection; Environment and Sustainability; Health and Wellness"
secna,"Nook Studios",NSW,,https://nookstudios.com/,"Marketing and Design; Professional Services; Training and Employment; Other; Arts and Culture; Charities and Social Enterprises; Children and Youth; Community and Connection; Employment and Livelihoods; Environment and Sustainability; First Nations People; Human Rights; Local Economic Development"
secna,"Kayu&Co.",NSW,,https://www.kayu.co,""
secna,"Purpose Media CBR",NSW,,https://www.purposemediacbr.au,"Health and Community Services; Professional Services; Training and Employment; Charities and Social Enterprises; Community and Connection; Health and Wellness"
secna,"U Shape Us",NSW,,,"Arts and Recreation; Education; Health and Community Services; Professional Services; Retail and Wholesale Trade; Training and Employment; Children and Youth; Community and Connection; Health and Wellness; Refugees and Migrants; Seniors and Older People"
secna,"Grow Your Mind",NSW,,https://www.growyourmind.life,"Education; Health and Community Services; Training and Employment; Children and Youth; Health and Wellness"
secna,"Community Resources Limited",NSW,,https://communityresources.org.au,"Accommodation; Circular Economy; Education; Gardening and Landscaping; Health and Community Services; Retail and Wholesale Trade; Training and Employment; Charities and Social Enterprises; Children and Youth; Disability and Neurodivergence; Domestic Violence and Crisis Support; Employment and Livelihoods; Environment and Sustainability; First Nations People; Health and Wellness; Housing and Basic Needs; Justice and Anti-Recidivism; Refugees and Migrants; Seniors and Older People; Women"
secna,"Success Works Partners",NSW,,https://successworks.org.au/,"Construction; HR and Recruitment; Professional Services; Training and Employment; Community and Connection; Domestic Violence and Crisis Support; Employment and Livelihoods; First Nations People; Health and Wellness; Justice and Anti-Recidivism; Women"
secna,"All of the Good Things",NSW,,https://allofthegoodthings.com.au/,"Circular Economy; Retail and Wholesale Trade; Arts and Culture; Employment and Livelihoods; Environment and Sustainability; Human Rights; Women"
secna,"Angry Bull Trails",NSW,,https://www.angrybulltrails.com,"Arts and Recreation; Cafe and Restaurant; Training and Employment; Travel and Tourism; Charities and Social Enterprises; Children and Youth; Community and Connection; Employment and Livelihoods; First Nations People; Health and Wellness; Local Economic Development"
secna,"Grow the Future",NSW,,https://growthefuture.com.au/,"Circular Economy; Education; Event Management; Food Production and Agriculture; Health and Community Services; Professional Services; Retail and Wholesale Trade; Training and Employment; Arts and Culture; Charities and Social Enterprises; Children and Youth; Community and Connection; Disability and Neurodivergence; Employment and Livelihoods; Environment and Sustainability; First Nations People; Health and Wellness; Women"
secna,"YEP Careers",NSW,,https://www.yep.careers,"Education; Professional Services; Training and Employment; Children and Youth; Community and Connection; Employment and Livelihoods; Justice and Anti-Recidivism; Local Economic Development; Women"
secna,"Sing High Sing Low",NSW,,https://www.singhighsinglow.com.au,"Arts and Recreation; Health and Community Services; Seniors and Older People; Arts and Culture; End of Life Support; Health and Wellness; Community and Connection; Women; Children and Youth"
secna,"BCR Communities",NSW,,https://www.bcrcommunities.com/,"Gardening and Landscaping; Health and Community Services; Property and Space Hire; Training and Employment; Children and Youth; Community and Connection; Disability and Neurodivergence; Employment and Livelihoods; First Nations People; Health and Wellness; LGBTQI+; Seniors and Older People"
secna,"The Mill House Ventures",NSW,,http://www.millhouseventures.com.au,"Education; Professional Services; Training and Employment; Charities and Social Enterprises"
secna,"ShoreTrack",NSW,,https://shoretrack.org.au/,"Gardening and Landscaping; Manufacturing and Assembly; Children and Youth; Community and Connection; Employment and Livelihoods; First Nations People; Local Economic Development"
secna,"Fighting Chance",NSW,,https://fightingchance.org.au/,"Professional Services; Health and Community Services; Training and Employment; Retail and Wholesale Trade; Transport Logistics and Fulfilment; Manufacturing and Assembly; Employment and Livelihoods; Disability and Neurodivergence; Children and Youth"
secna,"Engage2",NSW,,https://www.engage2.com.au,"Professional Services; Arts and Culture; Charities and Social Enterprises; Community and Connection; Environment and Sustainability; First Nations People; Housing and Basic Needs; Local Economic Development; Refugees and Migrants; Seniors and Older People; Women"
secna,"Cercle",NSW,,https://www.cercle.com.au,"Cafe and Restaurant; Circular Economy; Cleaning Services; Marketing and Design; Retail and Wholesale Trade; Employment and Livelihoods; Environment and Sustainability; Justice and Anti-Recidivism; Refugees and Migrants"
secna,"FoodLab",NSW,,,"Professional Services; Catering; Food Production and Agriculture; Retail and Wholesale Trade; Refugees and Migrants; Employment and Livelihoods; Refugees and Migrants; Women"
secna,"Plate It Forward",NSW,,https://www.plateitforward.org.au/,"Cafe and Restaurant; Catering; Training and Employment; Event Management; Refugees and Migrants; Employment and Livelihoods; Women"
secna,"Nowra Community Food Store",NSW,,https://www.nowrafoodstore.com.au/,"Circular Economy; Retail and Wholesale Trade; Health and Wellness"
secna,"Made in the West",NSW,,https://madeinthewestcreative.com.au/home,"Arts and Recreation; Education; Event Management; Professional Services; Training and Employment; Arts and Culture; Refugees and Migrants"
secna,"ReLove",NSW,,https://www.relove.org.au,"Professional Services; Circular Economy; Corporate Volunteering; Health and Community Services; Charities and Social Enterprises; Domestic Violence and Crisis Support; First Nations People; Housing and Basic Needs; Women"
secna,"FutureTech Australia",NSW,,https://www.futuretechaustralia.org/,"Professional Services; Childcare; Health and Community Services; Education; Training and Employment; Charities and Social Enterprises; Children and Youth; Health and Wellness; Disability and Neurodivergence; Employment and Livelihoods; Community and Connection"
secna,"Somali Welfare and Cultural Centre",NSW,,https://africultures.com.au/,"Professional Services; Refugees and Migrants"
secna,"Betizen",NSW,,https://www.betizen.me/,"Catering; Circular Economy; Event Management; Environment and Sustainability; Employment and Livelihoods; Children and Youth"
secna,"Wildflower gardens for good",NSW,,https://www.wildflower.org.au/,"Food Production and Agriculture; Gardening and Landscaping; Professional Services; Training and Employment; First Nations People; Employment and Livelihoods; Children and Youth"
secna,"Community Flower Studio Inc.",NSW,,http://www.communityflowerstudio.org,"Health and Community Services; Retail and Wholesale Trade; Children and Youth; Health and Wellness; Refugees and Migrants"
secna,"Green Connect Farm Ltd.",NSW,,https://green-connect.com.au/,"Food Production and Agriculture; Corporate Volunteering; Training and Employment; Education; Refugees and Migrants; Employment and Livelihoods; Community and Connection; Children and Youth"
secna,"The Welcome Table (House of Welcome)",NSW,,https://www.thewelcometable.org.au,"Catering; Training and Employment; Food Production and Agriculture; Refugees and Migrants"
secna,"Two Good Co",NSW,,http://www.twogood.com.au,"Catering; Retail and Wholesale Trade; Domestic Violence and Crisis Support; First Nations People; Women"
secna,"Woodstock Financial Services Ltd (Community Bank South Coast)",NSW,,https://www.thelocalloop.org.au,"Finance and Funding; Charities and Social Enterprises; Community and Connection; Housing and Basic Needs"
secna,"Among The Trees",NSW,,https://www.amongthetrees.com.au,"Circular Economy; Construction; Education; Manufacturing and Assembly; Retail and Wholesale Trade; Training and Employment; Children and Youth; Environment and Sustainability; Women"
secna,"MTC FutureReady",NSW,,https://www.mtcfutureready.org.au/,"Education; Training and Employment; Refugees and Migrants; Charities and Social Enterprises; Employment and Livelihoods"
secna,"CatholicCare Sydney",NSW,,https://www.catholiccare.org/,""
secna,"Velocity Empowerment",NSW,,,"Arts and Recreation; Education; Health and Community Services; Children and Youth; Domestic Violence and Crisis Support; Health and Wellness; Refugees and Migrants; Women"
secna,"Tender Funerals Australia",NSW,,https://tenderfunerals.com.au/,"Education; Professional Services; Training and Employment; Transport Logistics and Fulfilment; Charities and Social Enterprises; Community and Connection; End of Life Support; Health and Wellness; Seniors and Older People"
secna,"The Bread & Butter Project",NSW,,http://thebreadandbutterproject.com,"Catering; Food Production and Agriculture; Training and Employment; Refugees and Migrants"
secna,"Circle Paints Limited",NSW,,https://www.circlepaints.org.au,"Circular Economy; Environment and Sustainability"
secna,"One Brave Step",NSW,,https://www.onebravestep.com,"Community and Connection; Environment and Sustainability"
secna,"Collective Leisure",NSW,,https://www.collectiveleisure.com.au,"Arts and Recreation; Health and Community Services; Community and Connection; Disability and Neurodivergence; Health and Wellness; Refugees and Migrants; Seniors and Older People"
secna,"Catalysr",NSW,,https://www.catalysr.com.au,""
secna,"Vibewire Youth Services Inc",NSW,,https://vibewire.org,""
secna,"CPR KIDS",NSW,,https://www.cprkids.com.au/,"Education; Health and Community Services; Children and Youth; Community and Connection; First Nations People; Health and Wellness; Women"
secna,"St Vincent de Paul Society Canberra Goulburn Inc",NSW,,https://www.vinnies.org.au,"Circular Economy; Professional Services; Charities and Social Enterprises; Children and Youth; Employment and Livelihoods; Environment and Sustainability; Women"
secna,"ArtSHINE",NSW,,,"Arts and Recreation; Circular Economy; Corporate Volunteering; Education; Event Management; Finance and Funding; Health and Community Services; Professional Services; Retail and Wholesale Trade; Training and Employment; Arts and Culture; Charities and Social Enterprises; Employment and Livelihoods; Women"
secna,"For-Purpose Alliance (FPA)",NSW,,https://www.forpurposealliance.com.au/,"Professional Services; Training and Employment; Charities and Social Enterprises"
secna,"RoseyRavelston Books",NSW,,https://roseyravelstonbooks.com.au,"Arts and Recreation; Circular Economy; Manufacturing and Assembly; Professional Services; Property and Space Hire; Retail and Wholesale Trade; Transport Logistics and Fulfilment; Arts and Culture; Community and Connection; Health and Wellness; Refugees and Migrants; Women"
secna,"Queer Food",NSW,,https://www.queerfood.com.au,"Food Production and Agriculture; Professional Services; Retail and Wholesale Trade; Employment and Livelihoods; Health and Wellness"
secna,"Parliament on King",NSW,,http://www.parliamentonking.com,"Cafe and Restaurant; Catering; Training and Employment; Charities and Social Enterprises; Community and Connection; Employment and Livelihoods; Health and Wellness; Refugees and Migrants"
secna,"Gadhungal Marring",NSW,,,"Arts and Recreation; Education; Food Production and Agriculture; Professional Services; Travel and Tourism; Children and Youth; Environment and Sustainability; First Nations People; Health and Wellness"
secna,"Pocket City Farms",NSW,,https://www.pocketcityfarms.com.au,"Food Production and Agriculture; Corporate Volunteering; Education; Professional Services; Charities and Social Enterprises; Community and Connection; Environment and Sustainability"
secna,"The Full Circle Collective",NSW,,https://thefullcirclecollective.com.au/,"Arts and Recreation; Circular Economy; Event Management; Retail and Wholesale Trade; Professional Services; Training and Employment; Arts and Culture; Community and Connection; Environment and Sustainability"
secna,"Racha's Syrian Kitchen",NSW,,https://www.rachasyriankitchen.com.au,"Catering; Community and Connection; Refugees and Migrants; Women"
secna,"The Flagstaff Group",NSW,,https://www.flagstaffgroup.com.au/,"Cleaning Services; Gardening and Landscaping; Health and Community Services; Manufacturing and Assembly; Professional Services; Waste Management; Disability and Neurodivergence; Environment and Sustainability"
secna,"Strive Motion",NSW,,https://strivemotion.com.au/,"Arts and Recreation; Health and Community Services; Community and Connection; Health and Wellness; Seniors and Older People"
secna,"Greenacres",NSW,,https://www.greenacres.net.au,"Accommodation; Arts and Recreation; Cafe and Restaurant; Catering; Cleaning Services; Construction; Facility Management; Gardening and Landscaping; Health and Community Services; Manufacturing and Assembly; Retail and Wholesale Trade; Training and Employment; Transport Logistics and Fulfilment; Charities and Social Enterprises; Children and Youth; Community and Connection; Disability and Neurodivergence; Employment and Livelihoods"
secna,"Beacon Laundry",NSW,,,"Health and Community Services; Training and Employment; Employment and Livelihoods; Disability and Neurodivergence; Employment and Livelihoods"
secna,"Etiko",NSW,,https://www.etikomerch.com.au,"Circular Economy; Manufacturing and Assembly; Retail and Wholesale Trade; Animal Welfare; Environment and Sustainability; Human Rights"
secna,"Chocolate On Purpose",NSW,,https://www.chocolateonpurpose.com.au,"Education; Food Production and Agriculture; Professional Services; Retail and Wholesale Trade; Arts and Culture; Environment and Sustainability; First Nations People; Human Rights; Women"
sasec,"Adelaide Sustainable Building Network",SA,,,"Business services and marketing; Education & Training; Energy & Water; Gardening and Landscaping; Housing; Professional Associations; Real Estate & Property Services; Recycling & Waste Management; Transport"
sasec,"AMK Law",SA,,,"Education & Training; Legal Services"
sasec,"Blend Creative",SA,,,"Business services and marketing; Graphic Design; Media & Communications; Printing & Publishing"
sasec,"Collab4Good",SA,,,"Community & Cultural Development; Education & Training"
sasec,"Community Capacity Builders",SA,,,"Community & Cultural Development; Education & Training; Research; Social Enterprise Groups; University"
sasec,"Community Corporate Pty Ltd",SA,,,"Business services and marketing; Community & Cultural Development; Education & Training; Other; Personal & Social Care"
sasec,"CYBR",SA,,,"Other"
sasec,"Determined2",SA,,,"Medical & Allied Services; Mental Health; Personal & Social Care"
sasec,"Development at Work Australia Pty Ltd",SA,,,"Business services and marketing; Community & Cultural Development; Education & Training; Mental Health; Professional Associations"
sasec,"Engage Change",SA,,,"Business services and marketing; Circular Economy; Community & Cultural Development; Education & Training; Finance; Media & Communications; Personal & Social Care; Printing & Publishing; Research"
sasec,"Eyre Business Enterprises Pty Ltd",SA,,,"Business services and marketing; Media & Communications; Printing & Publishing"
sasec,"FreddyMatch",SA,,,"Community & Cultural Development; Information media and telecommunications; Personal & Social Care"
sasec,"Fruit Share Adelaide",SA,,,"Circular Economy; Community & Cultural Development; Education & Training; Farming; Gardening and Landscaping; Recycling & Waste Management"
sasec,"Inclusive Business Solutions",SA,,,"Business services and marketing"
sasec,"Inventorium Pty Ltd",SA,,,"Education & Training"
sasec,"Jigsaw Australia",SA,,,"Business services and marketing; Education & Training"
sasec,"Kimchi Club",SA,,,"Manufacturing"
sasec,"Lined Up Ducks",SA,,,"Business services and marketing; Community & Cultural Development; Education & Training; Finance; Information media and telecommunications; Research"
sasec,"Little Droppings pty ltd",SA,,,"Circular Economy; Recycling & Waste Management"
sasec,"Mayers Consulting",SA,,,"Business services and marketing; Community & Cultural Development; Education & Training; Sport & Recreation"
sasec,"Middle Ground Motherhood",SA,,,"Business services and marketing; Community & Cultural Development"
sasec,"Ocean Kind",SA,,,"Circular Economy; Fisheries; Manufacturing; Recycling & Waste Management"
sasec,"ONE CULTURE LTD",SA,,,"Sport & Recreation"
sasec,"Pets for Planet",SA,,,"Fisheries"
sasec,"Real Time Heart-Based",SA,,,"Business services and marketing; Community & Cultural Development; Education & Training; Mental Health; Personal & Social Care"
sasec,"Recycled Plastic Panels",SA,,,"Circular Economy; Manufacturing; Recycling & Waste Management"
sasec,"Redrawn Pty. Ltd.",SA,,,"Circular Economy; Energy & Water; Other"
sasec,"Reusably",SA,,,"Catering - cafe; bar; restaurant; baker; Circular Economy; Packaging; Distribution & Storage"
sasec,"Sheforce Recruitment",SA,,,"Other"
sasec,"Spell Shield Technologies",SA,,,"Business services and marketing; Information media and telecommunications; Other"
sasec,"TABOO Period Products",SA,,,"Business services and marketing; Circular Economy; Community & Cultural Development; Education & Training; Manufacturing; Media & Communications; Products - Personal Care / Cleaning; Retail"
sasec,"The Food Embassy",SA,,,"Circular Economy; Community & Cultural Development; Education & Training; Farming; Gardening and Landscaping"
sasec,"Think Enough",SA,,,"Business services and marketing; Community & Cultural Development; Education & Training; Information media and telecommunications; Media & Communications"
sasec,"Together We Can International Pty Ltd (TWCI)",SA,,,"Education & Training; Mental Health; Personal & Social Care"
sasec,"Treecovery Ltd.",SA,,,"Circular Economy; Farming; Manufacturing; Mental Health; Transport"
sasec,"Trees For Life",SA,,,"Circular Economy; Community & Cultural Development; Education & Training; Farming; Gardening and Landscaping"
sasec,"Uncommon Good",SA,,,"Business services and marketing; Community & Cultural Development; Other; Professional Associations; Research"
sasec,"Warida Wholistic Wellness Pty Ltd",SA,,,"Mental Health"
