table_name,ordinal_position,column_name,data_type,is_nullable
_backup_entity_contacts_20260606,1,id,uuid,NO
_backup_entity_contacts_20260606,2,website,text,YES
_backup_entity_contacts_20260606,3,email,text,YES
_backup_entity_contacts_20260606,4,phone,text,YES
_backup_entity_contacts_20260606,5,contact_source,text,YES
_backup_entity_contacts_20260606,6,updated_at,timestamp with time zone,YES
abr_registry,1,abn,text,NO
abr_registry,2,entity_name,text,NO
abr_registry,3,entity_type,text,YES
abr_registry,4,entity_type_code,text,YES
abr_registry,5,status,text,NO
abr_registry,6,status_from_date,date,YES
abr_registry,7,postcode,text,YES
abr_registry,8,state,text,YES
abr_registry,9,acn,text,YES
abr_registry,10,gst_status,text,YES
abr_registry,11,gst_from_date,date,YES
abr_registry,12,acnc_registered,boolean,YES
abr_registry,13,charity_type,text,YES
abr_registry,14,trading_names,ARRAY,YES
abr_registry,15,record_updated_date,date,YES
abr_registry,16,imported_at,timestamp with time zone,YES
abs_indigenous_population_by_lga,1,id,bigint,NO
abs_indigenous_population_by_lga,2,lga_code,text,NO
abs_indigenous_population_by_lga,3,lga_name,text,YES
abs_indigenous_population_by_lga,4,state,text,YES
abs_indigenous_population_by_lga,5,reference_year,integer,NO
abs_indigenous_population_by_lga,6,source,text,NO
abs_indigenous_population_by_lga,7,age_group,text,YES
abs_indigenous_population_by_lga,8,sex,text,YES
abs_indigenous_population_by_lga,9,indigenous_status,text,NO
abs_indigenous_population_by_lga,10,count_persons,integer,YES
abs_indigenous_population_by_lga,11,dataflow_id,text,YES
abs_indigenous_population_by_lga,12,ingested_at,timestamp with time zone,YES
abs_locality_lga,1,id,uuid,NO
abs_locality_lga,2,locality,text,NO
abs_locality_lga,3,state_name,text,NO
abs_locality_lga,4,lga_code,text,NO
abs_locality_lga,5,lga_name,text,NO
abs_locality_lga,6,lga_count,integer,NO
abs_locality_lga,7,source,text,NO
abs_locality_lga,8,loaded_at,timestamp with time zone,NO
abs_poa_lga_ratio,1,poa_code,text,NO
abs_poa_lga_ratio,2,lga_code,text,NO
abs_poa_lga_ratio,3,lga_name,text,NO
abs_poa_lga_ratio,4,ratio,numeric,NO
abs_poa_lga_ratio,5,indiv_quality,text,YES
abs_poa_lga_ratio,6,overall_quality,text,YES
abs_poa_lga_ratio,7,bmos_null_flag,integer,YES
abs_poa_lga_ratio,8,source,text,YES
abs_poa_lga_ratio,9,loaded_at,timestamp with time zone,YES
abs_raw_responses,1,id,uuid,NO
abs_raw_responses,2,dataflow_id,text,NO
abs_raw_responses,3,query_key,text,NO
abs_raw_responses,4,query_url,text,YES
abs_raw_responses,5,response_jsonb,jsonb,YES
abs_raw_responses,6,fetched_at,timestamp with time zone,YES
abs_sal_lga_ratio,1,sal_code,text,NO
abs_sal_lga_ratio,2,sal_name,text,NO
abs_sal_lga_ratio,3,lga_code,text,NO
abs_sal_lga_ratio,4,lga_name,text,NO
abs_sal_lga_ratio,5,ratio,numeric,NO
abs_sal_lga_ratio,6,indiv_quality,text,YES
abs_sal_lga_ratio,7,overall_quality,text,YES
abs_sal_lga_ratio,8,bmos_null_flag,integer,YES
abs_sal_lga_ratio,9,source,text,YES
abs_sal_lga_ratio,10,loaded_at,timestamp with time zone,YES
acara_schools,1,id,uuid,NO
acara_schools,2,acara_id,text,NO
acara_schools,3,school_name,text,NO
acara_schools,4,school_type,text,YES
acara_schools,5,school_sector,text,YES
acara_schools,6,state,text,YES
acara_schools,7,postcode,text,YES
acara_schools,8,suburb,text,YES
acara_schools,9,lga_name,text,YES
acara_schools,10,latitude,double precision,YES
acara_schools,11,longitude,double precision,YES
acara_schools,12,icsea_value,integer,YES
acara_schools,13,total_enrolments,integer,YES
acara_schools,14,indigenous_pct,double precision,YES
acara_schools,15,lbote_pct,double precision,YES
acara_schools,16,sea_quarter,text,YES
acara_schools,17,year,integer,NO
acara_schools,18,created_at,timestamp with time zone,YES
acara_schools,19,updated_at,timestamp with time zone,YES
accounting_summary,1,month,date,YES
accounting_summary,2,project_code,text,YES
accounting_summary,3,category,text,YES
accounting_summary,4,transaction_count,bigint,YES
accounting_summary,5,total_amount,numeric,YES
accounting_summary,6,receipts_matched,bigint,YES
accounting_summary,7,receipts_missing,bigint,YES
accounting_summary,8,no_receipt_required,bigint,YES
accounting_summary,9,completion_pct,numeric,YES
acnc_ais,1,id,uuid,NO
acnc_ais,2,abn,text,NO
acnc_ais,3,charity_name,text,NO
acnc_ais,4,ais_year,integer,NO
acnc_ais,5,registration_status,text,YES
acnc_ais,6,charity_website,text,YES
acnc_ais,7,charity_size,text,YES
acnc_ais,8,basic_religious_charity,boolean,YES
acnc_ais,9,ais_due_date,date,YES
acnc_ais,10,date_ais_received,date,YES
acnc_ais,11,financial_report_date_received,date,YES
acnc_ais,12,conducted_activities,boolean,YES
acnc_ais,13,why_not_conducted,text,YES
acnc_ais,14,how_purposes_pursued,text,YES
acnc_ais,15,international_activities_details,text,YES
acnc_ais,16,staff_full_time,integer,YES
acnc_ais,17,staff_part_time,integer,YES
acnc_ais,18,staff_casual,integer,YES
acnc_ais,19,staff_fte,numeric,YES
acnc_ais,20,staff_volunteers,integer,YES
acnc_ais,21,cash_or_accrual,text,YES
acnc_ais,22,financial_statement_type,text,YES
acnc_ais,23,report_consolidated,boolean,YES
acnc_ais,24,report_has_modification,boolean,YES
acnc_ais,25,modification_type,text,YES
acnc_ais,26,has_related_party_transactions,boolean,YES
acnc_ais,27,fin_report_from,date,YES
acnc_ais,28,fin_report_to,date,YES
acnc_ais,29,revenue_from_government,numeric,YES
acnc_ais,30,donations_and_bequests,numeric,YES
acnc_ais,31,revenue_from_goods_services,numeric,YES
acnc_ais,32,revenue_from_investments,numeric,YES
acnc_ais,33,all_other_revenue,numeric,YES
acnc_ais,34,total_revenue,numeric,YES
acnc_ais,35,other_income,numeric,YES
acnc_ais,36,total_gross_income,numeric,YES
acnc_ais,37,employee_expenses,numeric,YES
acnc_ais,38,interest_expenses,numeric,YES
acnc_ais,39,grants_donations_au,numeric,YES
acnc_ais,40,grants_donations_intl,numeric,YES
acnc_ais,41,all_other_expenses,numeric,YES
acnc_ais,42,total_expenses,numeric,YES
acnc_ais,43,net_surplus_deficit,numeric,YES
acnc_ais,44,other_comprehensive_income,numeric,YES
acnc_ais,45,total_comprehensive_income,numeric,YES
acnc_ais,46,total_current_assets,numeric,YES
acnc_ais,47,non_current_loans_receivable,numeric,YES
acnc_ais,48,other_non_current_assets,numeric,YES
acnc_ais,49,total_non_current_assets,numeric,YES
acnc_ais,50,total_assets,numeric,YES
acnc_ais,51,total_current_liabilities,numeric,YES
acnc_ais,52,non_current_loans_payable,numeric,YES
acnc_ais,53,other_non_current_liabilities,numeric,YES
acnc_ais,54,total_non_current_liabilities,numeric,YES
acnc_ais,55,total_liabilities,numeric,YES
acnc_ais,56,net_assets_liabilities,numeric,YES
acnc_ais,57,has_key_management_personnel,boolean,YES
acnc_ais,58,num_key_management_personnel,integer,YES
acnc_ais,59,total_paid_key_management,numeric,YES
acnc_ais,60,incorporated_association,boolean,YES
acnc_ais,61,association_numbers,jsonb,YES
acnc_ais,62,fundraising_states,jsonb,YES
acnc_ais,63,fundraising_numbers,jsonb,YES
acnc_ais,64,imported_at,timestamp with time zone,YES
acnc_ais,65,data_source,text,YES
acnc_ais,66,resource_id,text,YES
acnc_ais_line_items,1,id,uuid,NO
acnc_ais_line_items,2,abn,text,NO
acnc_ais_line_items,3,report_year,smallint,NO
acnc_ais_line_items,4,line_type,text,NO
acnc_ais_line_items,5,category,text,YES
acnc_ais_line_items,6,label,text,YES
acnc_ais_line_items,7,value_dollars,numeric,YES
acnc_ais_line_items,8,value_count,integer,YES
acnc_ais_line_items,9,source_url,text,YES
acnc_ais_line_items,10,raw_payload,jsonb,YES
acnc_ais_line_items,11,created_at,timestamp with time zone,NO
acnc_charities,1,abn,text,NO
acnc_charities,2,name,text,NO
acnc_charities,3,other_names,text,YES
acnc_charities,4,charity_size,text,YES
acnc_charities,5,pbi,boolean,YES
acnc_charities,6,hpc,boolean,YES
acnc_charities,7,registration_date,date,YES
acnc_charities,8,date_established,date,YES
acnc_charities,9,number_of_responsible_persons,integer,YES
acnc_charities,10,financial_year_end,text,YES
acnc_charities,11,address_line_1,text,YES
acnc_charities,12,address_line_2,text,YES
acnc_charities,13,address_line_3,text,YES
acnc_charities,14,town_city,text,YES
acnc_charities,15,state,text,YES
acnc_charities,16,postcode,text,YES
acnc_charities,17,country,text,YES
acnc_charities,18,website,text,YES
acnc_charities,19,operates_in_act,boolean,YES
acnc_charities,20,operates_in_nsw,boolean,YES
acnc_charities,21,operates_in_nt,boolean,YES
acnc_charities,22,operates_in_qld,boolean,YES
acnc_charities,23,operates_in_sa,boolean,YES
acnc_charities,24,operates_in_tas,boolean,YES
acnc_charities,25,operates_in_vic,boolean,YES
acnc_charities,26,operates_in_wa,boolean,YES
acnc_charities,27,operating_countries,text,YES
acnc_charities,28,purpose_animal_welfare,boolean,YES
acnc_charities,29,purpose_culture,boolean,YES
acnc_charities,30,purpose_education,boolean,YES
acnc_charities,31,purpose_health,boolean,YES
acnc_charities,32,purpose_law_policy,boolean,YES
acnc_charities,33,purpose_natural_environment,boolean,YES
acnc_charities,34,purpose_human_rights,boolean,YES
acnc_charities,35,purpose_general_public,boolean,YES
acnc_charities,36,purpose_reconciliation,boolean,YES
acnc_charities,37,purpose_religion,boolean,YES
acnc_charities,38,purpose_social_welfare,boolean,YES
acnc_charities,39,purpose_security,boolean,YES
acnc_charities,40,ben_aboriginal_tsi,boolean,YES
acnc_charities,41,ben_adults,boolean,YES
acnc_charities,42,ben_aged,boolean,YES
acnc_charities,43,ben_children,boolean,YES
acnc_charities,44,ben_communities_overseas,boolean,YES
acnc_charities,45,ben_early_childhood,boolean,YES
acnc_charities,46,ben_ethnic_groups,boolean,YES
acnc_charities,47,ben_families,boolean,YES
acnc_charities,48,ben_females,boolean,YES
acnc_charities,49,ben_financially_disadvantaged,boolean,YES
acnc_charities,50,ben_lgbtiqa,boolean,YES
acnc_charities,51,ben_general_community,boolean,YES
acnc_charities,52,ben_males,boolean,YES
acnc_charities,53,ben_migrants_refugees,boolean,YES
acnc_charities,54,ben_other,boolean,YES
acnc_charities,55,ben_other_charities,boolean,YES
acnc_charities,56,ben_people_at_risk_of_homelessness,boolean,YES
acnc_charities,57,ben_people_with_chronic_illness,boolean,YES
acnc_charities,58,ben_people_with_disabilities,boolean,YES
acnc_charities,59,ben_pre_post_release,boolean,YES
acnc_charities,60,ben_rural_regional_remote,boolean,YES
acnc_charities,61,ben_unemployed,boolean,YES
acnc_charities,62,ben_veterans,boolean,YES
acnc_charities,63,ben_victims_of_crime,boolean,YES
acnc_charities,64,ben_victims_of_disaster,boolean,YES
acnc_charities,65,ben_youth,boolean,YES
acnc_charities,66,ben_animals,boolean,YES
acnc_charities,67,ben_environment,boolean,YES
acnc_charities,68,ben_other_gender_identities,boolean,YES
acnc_charities,69,purposes,ARRAY,YES
acnc_charities,70,beneficiaries,ARRAY,YES
acnc_charities,71,operating_states,ARRAY,YES
acnc_charities,72,is_foundation,boolean,YES
acnc_charities,73,imported_at,timestamp with time zone,YES
acnc_charities,74,updated_at,timestamp with time zone,YES
acnc_charities,75,is_social_enterprise,boolean,YES
acnc_charities,76,is_oric_corporation,boolean,YES
acnc_charities,77,oric_icn,text,YES
acnc_programs,1,id,integer,NO
acnc_programs,2,abn,text,NO
acnc_programs,3,charity_name,text,YES
acnc_programs,4,program_name,text,YES
acnc_programs,5,classification,text,YES
acnc_programs,6,targets_children,boolean,YES
acnc_programs,7,targets_environment,boolean,YES
acnc_programs,8,targets_families,boolean,YES
acnc_programs,9,targets_general_community,boolean,YES
acnc_programs,10,targets_migrants_refugees,boolean,YES
acnc_programs,11,targets_overseas,boolean,YES
acnc_programs,12,targets_atsi,boolean,YES
acnc_programs,13,targets_elderly,boolean,YES
acnc_programs,14,targets_early_childhood,boolean,YES
acnc_programs,15,targets_females,boolean,YES
acnc_programs,16,targets_lgbtiq,boolean,YES
acnc_programs,17,targets_males,boolean,YES
acnc_programs,18,targets_homeless,boolean,YES
acnc_programs,19,targets_disability,boolean,YES
acnc_programs,20,targets_crime_victims,boolean,YES
acnc_programs,21,targets_animals,boolean,YES
acnc_programs,22,targets_financially_disadvantaged,boolean,YES
acnc_programs,23,targets_rural_remote,boolean,YES
acnc_programs,24,targets_chronic_illness,boolean,YES
acnc_programs,25,targets_offenders,boolean,YES
acnc_programs,26,targets_veterans,boolean,YES
acnc_programs,27,targets_youth,boolean,YES
acnc_programs,28,targets_adults,boolean,YES
acnc_programs,29,targets_other_charities,boolean,YES
acnc_programs,30,targets_cald,boolean,YES
acnc_programs,31,targets_unemployed,boolean,YES
acnc_programs,32,targets_disaster_victims,boolean,YES
acnc_programs,33,other_description,text,YES
acnc_programs,34,operating_locations,ARRAY,YES
acnc_programs,35,operating_locations_coords,ARRAY,YES
acnc_programs,36,charity_weblink,text,YES
acnc_programs,37,report_year,integer,YES
acnc_programs,38,created_at,timestamp with time zone,YES
acnc_programs,39,gs_entity_id,uuid,YES
act_ask_artefacts,1,ghl_opportunity_id,text,NO
act_ask_artefacts,2,org_profile_id,uuid,NO
act_ask_artefacts,3,artefact_url,text,NO
act_ask_artefacts,4,ask_name,text,YES
act_ask_artefacts,5,set_by,text,YES
act_ask_artefacts,6,set_at,timestamp with time zone,NO
act_ask_none_owed,1,ghl_opportunity_id,text,NO
act_ask_none_owed,2,org_profile_id,uuid,NO
act_ask_none_owed,3,flagged_by,text,YES
act_ask_none_owed,4,flagged_at,timestamp with time zone,NO
act_ask_warmers,1,ghl_opportunity_id,text,NO
act_ask_warmers,2,person_id,uuid,NO
act_ask_warmers,3,org_profile_id,uuid,NO
act_ask_warmers,4,ask_name,text,YES
act_ask_warmers,5,created_by,text,YES
act_ask_warmers,6,created_at,timestamp with time zone,NO
act_communities,1,id,uuid,NO
act_communities,2,org_profile_id,uuid,NO
act_communities,3,name,text,NO
act_communities,4,slug,text,NO
act_communities,5,notes,text,YES
act_communities,6,geo,jsonb,NO
act_communities,7,minted_by,text,YES
act_communities,8,minted_at,timestamp with time zone,NO
act_communities,9,created_at,timestamp with time zone,NO
act_communities,10,updated_at,timestamp with time zone,NO
act_community_links,1,id,uuid,NO
act_community_links,2,community_id,uuid,NO
act_community_links,3,subject_type,text,NO
act_community_links,4,subject_ref,text,NO
act_community_links,5,link_type,text,NO
act_community_links,6,created_at,timestamp with time zone,NO
act_entities,1,id,uuid,NO
act_entities,2,code,text,NO
act_entities,3,name,text,NO
act_entities,4,entity_type,text,NO
act_entities,5,abn,text,YES
act_entities,6,xero_tenant_id,text,YES
act_entities,7,active_from,date,NO
act_entities,8,active_to,date,YES
act_entities,9,metadata,jsonb,YES
act_entities,10,created_at,timestamp with time zone,YES
act_entities,11,updated_at,timestamp with time zone,YES
act_funding_opportunity_current_status,1,opportunity_id,uuid,YES
act_funding_opportunity_current_status,2,feed_status,text,YES
act_funding_opportunity_current_status,3,failed_requirements,ARRAY,YES
act_funding_opportunity_current_status,4,evidence_completeness,integer,YES
act_funding_opportunity_current_status,5,verification_status,text,YES
act_funding_opportunity_current_status,6,verified_at,timestamp with time zone,YES
act_funding_opportunity_current_status,7,deadline,timestamp with time zone,YES
act_funding_opportunity_current_status,8,source_url,text,YES
act_funding_opportunity_current_status,9,application_url,text,YES
act_grant_recommendation_decisions,1,id,uuid,NO
act_grant_recommendation_decisions,2,project_code,text,NO
act_grant_recommendation_decisions,3,opportunity_id,uuid,NO
act_grant_recommendation_decisions,4,decision,text,NO
act_grant_recommendation_decisions,5,decided_by,uuid,YES
act_grant_recommendation_decisions,6,decided_at,timestamp with time zone,NO
act_grant_recommendation_decisions,7,notes,text,YES
act_grant_recommendation_decisions,8,notion_page_id,text,YES
act_grant_recommendation_decisions,9,ghl_opportunity_id,text,YES
act_grant_recommendation_decisions,10,created_at,timestamp with time zone,NO
act_grant_recommendation_decisions,11,updated_at,timestamp with time zone,NO
act_grant_recommendation_decisions,12,grant_opportunity_id,uuid,YES
act_grant_recommendation_projects,1,project_code,text,NO
act_grant_recommendation_projects,2,theme_keywords,ARRAY,NO
act_grant_recommendation_projects,3,home_states,ARRAY,NO
act_grant_recommendation_projects,4,secondary_states,ARRAY,NO
act_grant_recommendation_projects,5,in_scope,boolean,NO
act_grant_recommendation_projects,6,notes,text,YES
act_grant_recommendation_projects,7,updated_at,timestamp with time zone,NO
act_grant_recommendation_projects,8,project_label,text,YES
act_grant_recommendation_projects,9,layer,text,YES
act_grant_recommendation_projects,10,readiness,text,YES
act_grant_recommendation_projects,11,current_state,text,YES
act_grant_recommendation_projects,12,intelligence_role,text,YES
act_grant_recommendation_projects,13,opportunity_alignment,text,YES
act_grant_recommendation_projects,14,next_question,text,YES
act_grant_recommendation_projects,15,source_doc,text,YES
act_grant_recommendation_projects,16,dgr_required,boolean,YES
act_grant_recommendation_projects,17,entity_preference,text,YES
act_grant_recommendation_projects,18,qbe_ready,boolean,YES
act_grant_recommendation_projects,19,preferred_funder_ids,ARRAY,YES
act_grant_recommendation_projects,20,evidence_we_have,jsonb,YES
act_grant_recommendation_projects,21,act_context,jsonb,YES
act_grant_recommendation_projects,22,org_project_id,uuid,YES
act_grant_recommendation_projects,23,primary_funding_route,text,YES
act_grant_recommendations_current,1,project_code,text,YES
act_grant_recommendations_current,2,project_name,text,YES
act_grant_recommendations_current,3,opportunity_id,uuid,YES
act_grant_recommendations_current,4,opportunity_name,text,YES
act_grant_recommendations_current,5,funder_name,text,YES
act_grant_recommendations_current,6,deadline,timestamp with time zone,YES
act_grant_recommendations_current,7,opens_at,timestamp with time zone,YES
act_grant_recommendations_current,8,min_grant_amount,numeric,YES
act_grant_recommendations_current,9,max_grant_amount,numeric,YES
act_grant_recommendations_current,10,is_national,boolean,YES
act_grant_recommendations_current,11,jurisdictions,ARRAY,YES
act_grant_recommendations_current,12,eligible_org_types,ARRAY,YES
act_grant_recommendations_current,13,focus_areas,ARRAY,YES
act_grant_recommendations_current,14,keywords,ARRAY,YES
act_grant_recommendations_current,15,source_url,text,YES
act_grant_recommendations_current,16,application_url,text,YES
act_grant_recommendations_current,17,opportunity_type,text,YES
act_grant_recommendations_current,18,verification_status,text,YES
act_grant_recommendations_current,19,verified_at,timestamp with time zone,YES
act_grant_recommendations_current,20,theme_score,integer,YES
act_grant_recommendations_current,21,geography_score,integer,YES
act_grant_recommendations_current,22,eligibility_score,integer,YES
act_grant_recommendations_current,23,timing_score,integer,YES
act_grant_recommendations_current,24,track_record_score,integer,YES
act_grant_recommendations_current,25,won_funder,boolean,YES
act_grant_recommendations_current,26,fit_score,integer,YES
act_grant_recommendations_current,27,is_strong_fit,boolean,YES
act_grant_recommendations_current,28,tag_density_penalised,boolean,YES
act_grant_recommendations_current,29,funder_avg_tags,numeric,YES
act_grant_recommendations_current,30,flags,ARRAY,YES
act_grant_recommendations_current,31,computed_at,timestamp with time zone,YES
act_grant_recommendations_current,32,feed_status,text,YES
act_grant_recommendations_current,33,project_rank,integer,YES
act_obligations,1,id,uuid,NO
act_obligations,2,org_profile_id,uuid,NO
act_obligations,3,project_code,text,NO
act_obligations,4,title,text,NO
act_obligations,5,owed_to,text,NO
act_obligations,6,state,text,NO
act_obligations,7,next_action,text,YES
act_obligations,8,due_date,date,YES
act_obligations,9,owner,text,YES
act_obligations,10,source_ask_ghl_id,text,YES
act_obligations,11,source_ask_name,text,YES
act_obligations,12,promised_to,text,YES
act_obligations,13,artefact_url,text,YES
act_obligations,14,drop_reason,text,YES
act_obligations,15,minted_by,text,YES
act_obligations,16,minted_at,timestamp with time zone,NO
act_obligations,17,discharged_at,timestamp with time zone,YES
act_obligations,18,created_at,timestamp with time zone,NO
act_obligations,19,updated_at,timestamp with time zone,NO
act_obligations,20,community_id,uuid,YES
act_opportunity_benchmark_cases,1,id,uuid,NO
act_opportunity_benchmark_cases,2,benchmark_version,text,NO
act_opportunity_benchmark_cases,3,project_code,text,NO
act_opportunity_benchmark_cases,4,opportunity_id,uuid,YES
act_opportunity_benchmark_cases,5,name,text,NO
act_opportunity_benchmark_cases,6,funder_name,text,YES
act_opportunity_benchmark_cases,7,source_url,text,YES
act_opportunity_benchmark_cases,8,deadline,timestamp with time zone,YES
act_opportunity_benchmark_cases,9,expected_label,text,YES
act_opportunity_benchmark_cases,10,label_source,text,NO
act_opportunity_benchmark_cases,11,review_status,text,NO
act_opportunity_benchmark_cases,12,rationale,text,YES
act_opportunity_benchmark_cases,13,evidence,jsonb,NO
act_opportunity_benchmark_cases,14,reviewed_by,uuid,YES
act_opportunity_benchmark_cases,15,reviewed_at,timestamp with time zone,YES
act_opportunity_benchmark_cases,16,created_at,timestamp with time zone,NO
act_opportunity_benchmark_cases,17,updated_at,timestamp with time zone,NO
act_opportunity_observatory,1,id,uuid,NO
act_opportunity_observatory,2,fingerprint,text,NO
act_opportunity_observatory,3,provider,text,NO
act_opportunity_observatory,4,provider_result_id,text,YES
act_opportunity_observatory,5,search_query,text,NO
act_opportunity_observatory,6,result_rank,integer,YES
act_opportunity_observatory,7,name,text,YES
act_opportunity_observatory,8,funder_name,text,YES
act_opportunity_observatory,9,source_url,text,NO
act_opportunity_observatory,10,application_url,text,YES
act_opportunity_observatory,11,official_domains,ARRAY,NO
act_opportunity_observatory,12,official_source_confirmed,boolean,NO
act_opportunity_observatory,13,deadline,timestamp with time zone,YES
act_opportunity_observatory,14,intake_type,text,NO
act_opportunity_observatory,15,next_review_at,timestamp with time zone,YES
act_opportunity_observatory,16,eligible_org_types,ARRAY,NO
act_opportunity_observatory,17,eligibility_criteria,jsonb,NO
act_opportunity_observatory,18,funding_amount_status,text,NO
act_opportunity_observatory,19,amount_min,numeric,YES
act_opportunity_observatory,20,amount_max,numeric,YES
act_opportunity_observatory,21,project_codes,ARRAY,NO
act_opportunity_observatory,22,project_fit_reason,text,YES
act_opportunity_observatory,23,evidence,jsonb,NO
act_opportunity_observatory,24,evidence_completeness,integer,NO
act_opportunity_observatory,25,gate_status,text,NO
act_opportunity_observatory,26,failed_requirements,ARRAY,NO
act_opportunity_observatory,27,provider_cost_usd,numeric,YES
act_opportunity_observatory,28,retrieved_at,timestamp with time zone,NO
act_opportunity_observatory,29,raw_result,jsonb,NO
act_opportunity_observatory,30,reviewed_by,uuid,YES
act_opportunity_observatory,31,reviewed_at,timestamp with time zone,YES
act_opportunity_observatory,32,review_notes,text,YES
act_opportunity_observatory,33,promoted_opportunity_id,uuid,YES
act_opportunity_observatory,34,created_at,timestamp with time zone,NO
act_opportunity_observatory,35,updated_at,timestamp with time zone,NO
act_payable_decisions,1,id,uuid,NO
act_payable_decisions,2,invoice_id,uuid,NO
act_payable_decisions,3,decision,text,NO
act_payable_decisions,4,decided_by,uuid,YES
act_payable_decisions,5,decided_at,timestamp with time zone,NO
act_payable_decisions,6,notes,text,YES
act_payable_decisions,7,created_at,timestamp with time zone,NO
act_payable_decisions,8,updated_at,timestamp with time zone,NO
act_people,1,id,uuid,NO
act_people,2,org_profile_id,uuid,NO
act_people,3,ghl_contact_id,text,NO
act_people,4,name,text,NO
act_people,5,warmth,text,YES
act_people,6,warm_via,text,YES
act_people,7,owner,text,YES
act_people,8,next_action,text,YES
act_people,9,review_by,date,YES
act_people,10,ghl_task_id,text,YES
act_people,11,last_touch_at,timestamp with time zone,YES
act_people,12,last_synced_at,timestamp with time zone,NO
act_people,13,minted_by,text,YES
act_people,14,minted_at,timestamp with time zone,NO
act_people,15,created_at,timestamp with time zone,NO
act_people,16,updated_at,timestamp with time zone,NO
act_people,17,project_codes,ARRAY,NO
act_person_roles,1,id,uuid,NO
act_person_roles,2,person_id,uuid,NO
act_person_roles,3,role_type,text,NO
act_person_roles,4,org_name,text,NO
act_person_roles,5,org_ref,text,YES
act_person_roles,6,created_by,text,YES
act_person_roles,7,created_at,timestamp with time zone,NO
act_research_experiments,1,id,uuid,NO
act_research_experiments,2,initiative_id,uuid,NO
act_research_experiments,3,name,text,NO
act_research_experiments,4,provider,text,NO
act_research_experiments,5,hypothesis,text,NO
act_research_experiments,6,status,text,NO
act_research_experiments,7,budget_cap_aud,numeric,NO
act_research_experiments,8,actual_cost_aud,numeric,NO
act_research_experiments,9,benchmark_version,text,YES
act_research_experiments,10,sample_size,integer,NO
act_research_experiments,11,precision_at_10,numeric,YES
act_research_experiments,12,recall_at_10,numeric,YES
act_research_experiments,13,false_positive_rate,numeric,YES
act_research_experiments,14,community_benefit_score,numeric,YES
act_research_experiments,15,findings,text,YES
act_research_experiments,16,evidence,jsonb,NO
act_research_experiments,17,started_at,timestamp with time zone,YES
act_research_experiments,18,completed_at,timestamp with time zone,YES
act_research_experiments,19,created_at,timestamp with time zone,NO
act_research_experiments,20,updated_at,timestamp with time zone,NO
act_research_initiatives,1,id,uuid,NO
act_research_initiatives,2,slug,text,NO
act_research_initiatives,3,title,text,NO
act_research_initiatives,4,purpose,text,NO
act_research_initiatives,5,status,text,NO
act_research_initiatives,6,current_phase,integer,NO
act_research_initiatives,7,budget_cap_aud,numeric,NO
act_research_initiatives,8,spend_to_date_aud,numeric,NO
act_research_initiatives,9,community_benefit_commitment,text,NO
act_research_initiatives,10,governance_principles,ARRAY,NO
act_research_initiatives,11,success_metrics,jsonb,NO
act_research_initiatives,12,stop_conditions,ARRAY,NO
act_research_initiatives,13,next_decision,text,NO
act_research_initiatives,14,next_decision_at,timestamp with time zone,YES
act_research_initiatives,15,evidence_urls,ARRAY,NO
act_research_initiatives,16,created_at,timestamp with time zone,NO
act_research_initiatives,17,updated_at,timestamp with time zone,NO
agent_actions,1,id,uuid,NO
agent_actions,2,action_name,text,NO
agent_actions,3,description,text,YES
agent_actions,4,autonomy_level,integer,NO
agent_actions,5,bounds,jsonb,YES
agent_actions,6,risk_level,text,YES
agent_actions,7,reversible,boolean,YES
agent_actions,8,script_path,text,YES
agent_actions,9,script_args_template,jsonb,YES
agent_actions,10,enabled,boolean,YES
agent_actions,11,created_at,timestamp with time zone,YES
agent_actions,12,updated_at,timestamp with time zone,YES
agent_audit_log,1,id,uuid,NO
agent_audit_log,2,timestamp,timestamp with time zone,YES
agent_audit_log,3,agent_id,text,NO
agent_audit_log,4,agent_version,text,YES
agent_audit_log,5,action,text,NO
agent_audit_log,6,action_category,text,YES
agent_audit_log,7,target_table,text,YES
agent_audit_log,8,target_id,text,YES
agent_audit_log,9,target_count,integer,YES
agent_audit_log,10,input_summary,jsonb,YES
agent_audit_log,11,output_summary,jsonb,YES
agent_audit_log,12,user_context,text,YES
agent_audit_log,13,trigger_source,text,YES
agent_audit_log,14,parent_audit_id,uuid,YES
agent_audit_log,15,duration_ms,integer,YES
agent_audit_log,16,api_calls_made,integer,YES
agent_audit_log,17,tokens_used,integer,YES
agent_audit_log,18,success,boolean,YES
agent_audit_log,19,error_message,text,YES
agent_audit_log,20,error_code,text,YES
agent_audit_log,21,retry_count,integer,YES
agent_audit_log,22,cultural_data_accessed,boolean,YES
agent_audit_log,23,cultural_review_required,boolean,YES
agent_audit_log,24,metadata,jsonb,YES
agent_health_dashboard,1,agent_id,text,YES
agent_health_dashboard,2,name,text,YES
agent_health_dashboard,3,type,text,YES
agent_health_dashboard,4,health_status,text,YES
agent_health_dashboard,5,enabled,boolean,YES
agent_health_dashboard,6,avg_response_time_ms,integer,YES
agent_health_dashboard,7,success_rate,numeric,YES
agent_health_dashboard,8,last_health_check,timestamp with time zone,YES
agent_health_dashboard,9,alert_level,text,YES
agent_proposals,1,id,uuid,NO
agent_proposals,2,agent_id,text,NO
agent_proposals,3,agent_version,text,YES
agent_proposals,4,action_id,uuid,YES
agent_proposals,5,action_name,text,NO
agent_proposals,6,title,text,NO
agent_proposals,7,description,text,YES
agent_proposals,8,reasoning,jsonb,NO
agent_proposals,9,proposed_action,jsonb,NO
agent_proposals,10,expected_outcome,text,YES
agent_proposals,11,impact_assessment,jsonb,YES
agent_proposals,12,priority,text,YES
agent_proposals,13,deadline,timestamp with time zone,YES
agent_proposals,14,status,text,YES
agent_proposals,15,reviewed_by,text,YES
agent_proposals,16,reviewed_at,timestamp with time zone,YES
agent_proposals,17,review_notes,text,YES
agent_proposals,18,modified_action,jsonb,YES
agent_proposals,19,execution_started_at,timestamp with time zone,YES
agent_proposals,20,execution_completed_at,timestamp with time zone,YES
agent_proposals,21,execution_result,jsonb,YES
agent_proposals,22,execution_error,text,YES
agent_proposals,23,created_at,timestamp with time zone,YES
agent_proposals,24,updated_at,timestamp with time zone,YES
agent_proposals,25,parent_proposal_id,uuid,YES
agent_proposals,26,child_proposal_ids,ARRAY,YES
agent_proposals,27,coordination_status,text,YES
agent_proposals,28,target_agent_id,text,YES
agent_proposals,29,coordination_context,jsonb,YES
agent_registry,1,agent_id,text,NO
agent_registry,2,name,text,NO
agent_registry,3,description,text,YES
agent_registry,4,type,text,NO
agent_registry,5,endpoint,text,NO
agent_registry,6,endpoint_type,text,YES
agent_registry,7,capabilities,jsonb,YES
agent_registry,8,model,text,YES
agent_registry,9,enabled,boolean,YES
agent_registry,10,health_status,text,YES
agent_registry,11,last_health_check,timestamp with time zone,YES
agent_registry,12,avg_response_time_ms,integer,YES
agent_registry,13,success_rate,numeric,YES
agent_registry,14,owner,text,YES
agent_registry,15,team,text,YES
agent_registry,16,tags,jsonb,YES
agent_registry,17,config,jsonb,YES
agent_registry,18,created_at,timestamp with time zone,YES
agent_registry,19,updated_at,timestamp with time zone,YES
agent_runs,1,id,uuid,NO
agent_runs,2,agent_id,text,NO
agent_runs,3,agent_name,text,NO
agent_runs,4,started_at,timestamp with time zone,NO
agent_runs,5,completed_at,timestamp with time zone,YES
agent_runs,6,status,text,NO
agent_runs,7,items_found,integer,YES
agent_runs,8,items_new,integer,YES
agent_runs,9,items_updated,integer,YES
agent_runs,10,errors,jsonb,YES
agent_runs,11,duration_ms,integer,YES
agent_runs,12,created_at,timestamp with time zone,YES
agent_runtime_state,1,agent_id,text,NO
agent_runtime_state,2,state,jsonb,NO
agent_runtime_state,3,created_at,timestamp with time zone,NO
agent_runtime_state,4,updated_at,timestamp with time zone,NO
agent_schedules,1,id,uuid,NO
agent_schedules,2,agent_id,text,NO
agent_schedules,3,interval_hours,numeric,NO
agent_schedules,4,enabled,boolean,NO
agent_schedules,5,last_run_at,timestamp with time zone,YES
agent_schedules,6,freshness_threshold_hours,numeric,YES
agent_schedules,7,auto_create_task,boolean,NO
agent_schedules,8,priority,integer,NO
agent_schedules,9,params,jsonb,YES
agent_schedules,10,created_at,timestamp with time zone,YES
agent_schedules,11,updated_at,timestamp with time zone,YES
agent_status,1,id,text,YES
agent_status,2,name,text,YES
agent_status,3,domain,text,YES
agent_status,4,autonomy_level,integer,YES
agent_status,5,enabled,boolean,YES
agent_status,6,last_heartbeat,timestamp with time zone,YES
agent_status,7,status,text,YES
agent_status,8,current_task_id,uuid,YES
agent_status,9,current_task_title,text,YES
agent_status,10,completed_today,bigint,YES
agent_status,11,pending_review,bigint,YES
agent_task_queue,1,id,uuid,NO
agent_task_queue,2,title,text,NO
agent_task_queue,3,description,text,YES
agent_task_queue,4,task_type,text,YES
agent_task_queue,5,assigned_agent,text,YES
agent_task_queue,6,requested_by,text,YES
agent_task_queue,7,source,text,NO
agent_task_queue,8,source_id,text,YES
agent_task_queue,9,status,text,YES
agent_task_queue,10,priority,integer,YES
agent_task_queue,11,started_at,timestamp with time zone,YES
agent_task_queue,12,completed_at,timestamp with time zone,YES
agent_task_queue,13,output,jsonb,YES
agent_task_queue,14,reasoning,text,YES
agent_task_queue,15,confidence,numeric,YES
agent_task_queue,16,error,text,YES
agent_task_queue,17,duration_ms,integer,YES
agent_task_queue,18,needs_review,boolean,YES
agent_task_queue,19,reviewed_by,text,YES
agent_task_queue,20,reviewed_at,timestamp with time zone,YES
agent_task_queue,21,review_decision,text,YES
agent_task_queue,22,review_feedback,text,YES
agent_task_queue,23,human_edits,jsonb,YES
agent_task_queue,24,notify_channels,ARRAY,YES
agent_task_queue,25,reply_to,jsonb,YES
agent_task_queue,26,depends_on,ARRAY,YES
agent_task_queue,27,blocks,ARRAY,YES
agent_task_queue,28,created_at,timestamp with time zone,YES
agent_task_queue,29,updated_at,timestamp with time zone,YES
agent_task_queue,30,conversation_id,uuid,YES
agent_tasks,1,id,uuid,NO
agent_tasks,2,task_type,text,NO
agent_tasks,3,agent_id,text,NO
agent_tasks,4,status,text,NO
agent_tasks,5,priority,integer,NO
agent_tasks,6,params,jsonb,YES
agent_tasks,7,depends_on,ARRAY,YES
agent_tasks,8,scheduled_for,timestamp with time zone,YES
agent_tasks,9,started_at,timestamp with time zone,YES
agent_tasks,10,completed_at,timestamp with time zone,YES
agent_tasks,11,error,text,YES
agent_tasks,12,retry_count,integer,NO
agent_tasks,13,max_retries,integer,NO
agent_tasks,14,created_by,text,YES
agent_tasks,15,run_id,uuid,YES
agent_tasks,16,created_at,timestamp with time zone,YES
agentic_chat,1,id,uuid,NO
agentic_chat,2,project_id,uuid,YES
agentic_chat,3,task_id,uuid,YES
agentic_chat,4,role,text,NO
agentic_chat,5,agent_type,text,YES
agentic_chat,6,content,text,NO
agentic_chat,7,action_taken,jsonb,YES
agentic_chat,8,artifacts,jsonb,YES
agentic_chat,9,created_at,timestamp with time zone,YES
agentic_project_dashboard,1,id,uuid,YES
agentic_project_dashboard,2,name,text,YES
agentic_project_dashboard,3,goal,text,YES
agentic_project_dashboard,4,status,text,YES
agentic_project_dashboard,5,owner,text,YES
agentic_project_dashboard,6,created_at,timestamp with time zone,YES
agentic_project_dashboard,7,total_tasks,bigint,YES
agentic_project_dashboard,8,completed_tasks,bigint,YES
agentic_project_dashboard,9,agent_working,bigint,YES
agentic_project_dashboard,10,needs_review,bigint,YES
agentic_project_dashboard,11,agent_tasks,bigint,YES
agentic_project_dashboard,12,human_tasks,bigint,YES
agentic_projects,1,id,uuid,NO
agentic_projects,2,name,text,NO
agentic_projects,3,goal,text,NO
agentic_projects,4,context,jsonb,YES
agentic_projects,5,status,text,YES
agentic_projects,6,owner,text,YES
agentic_projects,7,created_at,timestamp with time zone,YES
agentic_projects,8,updated_at,timestamp with time zone,YES
agentic_tasks,1,id,uuid,NO
agentic_tasks,2,project_id,uuid,YES
agentic_tasks,3,title,text,NO
agentic_tasks,4,description,text,YES
agentic_tasks,5,task_type,text,YES
agentic_tasks,6,assigned_human,text,YES
agentic_tasks,7,assigned_agent,text,YES
agentic_tasks,8,assignment_mode,text,YES
agentic_tasks,9,status,text,YES
agentic_tasks,10,priority,integer,YES
agentic_tasks,11,agent_output,jsonb,YES
agentic_tasks,12,agent_reasoning,text,YES
agentic_tasks,13,agent_confidence,numeric,YES
agentic_tasks,14,agent_started_at,timestamp with time zone,YES
agentic_tasks,15,agent_completed_at,timestamp with time zone,YES
agentic_tasks,16,human_feedback,text,YES
agentic_tasks,17,human_approved,boolean,YES
agentic_tasks,18,human_edits,jsonb,YES
agentic_tasks,19,depends_on,ARRAY,YES
agentic_tasks,20,position,integer,YES
agentic_tasks,21,created_at,timestamp with time zone,YES
agentic_tasks,22,updated_at,timestamp with time zone,YES
agentic_work_log,1,id,uuid,NO
agentic_work_log,2,project_id,uuid,YES
agentic_work_log,3,task_id,uuid,YES
agentic_work_log,4,agent_type,text,NO
agentic_work_log,5,action,text,NO
agentic_work_log,6,input_summary,jsonb,YES
agentic_work_log,7,output_summary,jsonb,YES
agentic_work_log,8,duration_ms,integer,YES
agentic_work_log,9,tokens_used,integer,YES
agentic_work_log,10,model_used,text,YES
agentic_work_log,11,success,boolean,YES
agentic_work_log,12,error_message,text,YES
agentic_work_log,13,created_at,timestamp with time zone,YES
agents,1,id,text,NO
agents,2,name,text,NO
agents,3,domain,text,NO
agents,4,description,text,YES
agents,5,autonomy_level,integer,YES
agents,6,enabled,boolean,YES
agents,7,current_task_id,uuid,YES
agents,8,last_heartbeat,timestamp with time zone,YES
agents,9,config,jsonb,YES
agents,10,created_at,timestamp with time zone,YES
agil_locations,1,id,uuid,NO
agil_locations,2,lcode,text,NO
agil_locations,3,preferred_name,text,NO
agil_locations,4,alternate_names,ARRAY,YES
agil_locations,5,state,text,YES
agil_locations,6,latitude,double precision,YES
agil_locations,7,longitude,double precision,YES
agil_locations,8,created_at,timestamp with time zone,YES
ai_discoveries,1,id,uuid,NO
ai_discoveries,2,storyteller_id,uuid,YES
ai_discoveries,3,transcript_id,uuid,YES
ai_discoveries,4,discovery_type,text,NO
ai_discoveries,5,extracted_text,text,NO
ai_discoveries,6,context_before,text,YES
ai_discoveries,7,context_after,text,YES
ai_discoveries,8,confidence_score,double precision,YES
ai_discoveries,9,human_verified,boolean,YES
ai_discoveries,10,verification_notes,text,YES
ai_discoveries,11,discovered_at,timestamp with time zone,YES
ai_discoveries,12,updated_at,timestamp with time zone,YES
aihw_child_protection,1,id,uuid,NO
aihw_child_protection,2,state,text,NO
aihw_child_protection,3,financial_year,text,NO
aihw_child_protection,4,metric_name,text,NO
aihw_child_protection,5,metric_category,text,YES
aihw_child_protection,6,value,numeric,YES
aihw_child_protection,7,rate_per_1000,numeric,YES
aihw_child_protection,8,indigenous_value,numeric,YES
aihw_child_protection,9,indigenous_rate_per_1000,numeric,YES
aihw_child_protection,10,non_indigenous_value,numeric,YES
aihw_child_protection,11,non_indigenous_rate_per_1000,numeric,YES
aihw_child_protection,12,age_group,text,YES
aihw_child_protection,13,gender,text,YES
aihw_child_protection,14,source_table,text,YES
aihw_child_protection,15,notes,text,YES
aihw_child_protection,16,created_at,timestamp with time zone,YES
aihw_youth_justice_stats,1,id,uuid,NO
aihw_youth_justice_stats,2,report_year,text,NO
aihw_youth_justice_stats,3,state,text,NO
aihw_youth_justice_stats,4,metric_key,text,NO
aihw_youth_justice_stats,5,metric_value,numeric,YES
aihw_youth_justice_stats,6,unit,text,YES
aihw_youth_justice_stats,7,indigenous_status,text,YES
aihw_youth_justice_stats,8,age_group,text,YES
aihw_youth_justice_stats,9,legal_status,text,YES
aihw_youth_justice_stats,10,source_table,text,YES
aihw_youth_justice_stats,11,source_url,text,NO
aihw_youth_justice_stats,12,source_pdf_page,integer,YES
aihw_youth_justice_stats,13,published_at,date,YES
aihw_youth_justice_stats,14,ingested_at,timestamp with time zone,NO
aihw_youth_justice_stats,15,source_format,text,YES
aihw_youth_justice_stats,16,source_sheet_label,text,YES
alert_events,1,id,bigint,NO
alert_events,2,user_id,uuid,NO
alert_events,3,alert_preference_id,bigint,YES
alert_events,4,notification_id,uuid,YES
alert_events,5,grant_id,uuid,YES
alert_events,6,event_type,text,NO
alert_events,7,metadata,jsonb,NO
alert_events,8,created_at,timestamp with time zone,NO
alert_notifications,1,id,bigint,NO
alert_notifications,2,user_id,uuid,NO
alert_notifications,3,alert_id,bigint,YES
alert_notifications,4,grant_ids,ARRAY,YES
alert_notifications,5,match_count,integer,YES
alert_notifications,6,sent_at,timestamp with time zone,YES
alert_notifications,7,email_status,text,YES
alert_preferences,1,id,bigint,NO
alert_preferences,2,user_id,uuid,NO
alert_preferences,3,name,text,NO
alert_preferences,4,enabled,boolean,YES
alert_preferences,5,frequency,text,YES
alert_preferences,6,categories,ARRAY,YES
alert_preferences,7,focus_areas,ARRAY,YES
alert_preferences,8,states,ARRAY,YES
alert_preferences,9,min_amount,integer,YES
alert_preferences,10,max_amount,integer,YES
alert_preferences,11,keywords,ARRAY,YES
alert_preferences,12,entity_types,ARRAY,YES
alert_preferences,13,created_at,timestamp with time zone,YES
alert_preferences,14,updated_at,timestamp with time zone,YES
alert_preferences,15,last_sent_at,timestamp with time zone,YES
alert_preferences,16,match_count,integer,YES
alert_preferences,17,last_matched_at,timestamp with time zone,YES
alma_community_contexts,1,id,uuid,NO
alma_community_contexts,2,created_at,timestamp with time zone,YES
alma_community_contexts,3,updated_at,timestamp with time zone,YES
alma_community_contexts,4,name,text,NO
alma_community_contexts,5,context_type,text,NO
alma_community_contexts,6,location,text,YES
alma_community_contexts,7,state,text,YES
alma_community_contexts,8,population_size,text,YES
alma_community_contexts,9,demographics,text,YES
alma_community_contexts,10,system_factors,text,YES
alma_community_contexts,11,protective_factors,text,YES
alma_community_contexts,12,cultural_authority,text,NO
alma_community_contexts,13,consent_level,text,NO
alma_community_contexts,14,contributors,ARRAY,YES
alma_community_contexts,15,search_vector,tsvector,YES
alma_community_contexts,16,metadata,jsonb,YES
alma_consent_ledger,1,id,uuid,NO
alma_consent_ledger,2,created_at,timestamp with time zone,YES
alma_consent_ledger,3,updated_at,timestamp with time zone,YES
alma_consent_ledger,4,entity_type,text,NO
alma_consent_ledger,5,entity_id,uuid,NO
alma_consent_ledger,6,consent_level,text,NO
alma_consent_ledger,7,permitted_uses,ARRAY,YES
alma_consent_ledger,8,cultural_authority,text,YES
alma_consent_ledger,9,contributors,jsonb,YES
alma_consent_ledger,10,attribution_text,text,YES
alma_consent_ledger,11,consent_given_by,text,YES
alma_consent_ledger,12,consent_given_at,timestamp with time zone,YES
alma_consent_ledger,13,consent_expires_at,timestamp with time zone,YES
alma_consent_ledger,14,consent_revoked,boolean,YES
alma_consent_ledger,15,consent_revoked_at,timestamp with time zone,YES
alma_consent_ledger,16,consent_revoked_by,text,YES
alma_consent_ledger,17,revenue_share_enabled,boolean,YES
alma_consent_ledger,18,revenue_share_percentage,numeric,YES
alma_consent_ledger,19,notes,text,YES
alma_consent_ledger,20,metadata,jsonb,YES
alma_conversations,1,id,uuid,NO
alma_conversations,2,title,text,YES
alma_conversations,3,messages,jsonb,NO
alma_conversations,4,metadata,jsonb,YES
alma_conversations,5,user_id,uuid,YES
alma_conversations,6,session_id,text,YES
alma_conversations,7,created_at,timestamp with time zone,YES
alma_conversations,8,updated_at,timestamp with time zone,YES
alma_cost_analysis,1,jurisdiction,text,YES
alma_cost_analysis,2,report_year,text,YES
alma_cost_analysis,3,total_expenditure,numeric,YES
alma_cost_analysis,4,detention_expenditure,numeric,YES
alma_cost_analysis,5,community_expenditure,numeric,YES
alma_cost_analysis,6,detention_percent,numeric,YES
alma_cost_analysis,7,community_percent,numeric,YES
alma_cost_analysis,8,cost_per_day_detention,numeric,YES
alma_cost_analysis,9,cost_per_day_community,numeric,YES
alma_cost_analysis,10,detention_vs_community_ratio,numeric,YES
alma_cost_analysis,11,recidivism_rate,numeric,YES
alma_cost_analysis,12,indigenous_percentage,numeric,YES
alma_discovered_links,1,id,uuid,NO
alma_discovered_links,2,created_at,timestamp with time zone,YES
alma_discovered_links,3,url,text,NO
alma_discovered_links,4,title,text,YES
alma_discovered_links,5,discovered_from,text,NO
alma_discovered_links,6,predicted_type,text,YES
alma_discovered_links,7,predicted_relevance,numeric,YES
alma_discovered_links,8,jurisdiction_hint,text,YES
alma_discovered_links,9,status,text,YES
alma_discovered_links,10,priority,integer,YES
alma_discovered_links,11,rejection_reason,text,YES
alma_discovered_links,12,error_message,text,YES
alma_discovered_links,13,scraped_at,timestamp with time zone,YES
alma_discovered_links,14,added_to_registry,boolean,YES
alma_discovered_links,15,metadata,jsonb,YES
alma_discovered_links,16,relevance_category,text,YES
alma_entity_sources,1,id,uuid,NO
alma_entity_sources,2,created_at,timestamp with time zone,YES
alma_entity_sources,3,entity_type,text,NO
alma_entity_sources,4,entity_id,uuid,NO
alma_entity_sources,5,source_document_id,uuid,NO
alma_entity_sources,6,page_numbers,text,YES
alma_entity_sources,7,section_reference,text,YES
alma_entity_sources,8,quote,text,YES
alma_entity_sources,9,citation_context,text,YES
alma_entity_sources,10,verified_by,uuid,YES
alma_entity_sources,11,verified_at,timestamp with time zone,YES
alma_evidence,1,id,uuid,NO
alma_evidence,2,created_at,timestamp with time zone,YES
alma_evidence,3,updated_at,timestamp with time zone,YES
alma_evidence,4,title,text,NO
alma_evidence,5,evidence_type,text,NO
alma_evidence,6,methodology,text,YES
alma_evidence,7,sample_size,integer,YES
alma_evidence,8,timeframe,text,YES
alma_evidence,9,findings,text,NO
alma_evidence,10,effect_size,text,YES
alma_evidence,11,limitations,text,YES
alma_evidence,12,cultural_safety,text,YES
alma_evidence,13,author,text,YES
alma_evidence,14,organization,text,YES
alma_evidence,15,publication_date,date,YES
alma_evidence,16,doi,text,YES
alma_evidence,17,source_url,text,YES
alma_evidence,18,source_document_url,text,YES
alma_evidence,19,consent_level,text,NO
alma_evidence,20,contributors,ARRAY,YES
alma_evidence,21,search_vector,tsvector,YES
alma_evidence,22,metadata,jsonb,YES
alma_evidence,23,author_profile_id,uuid,YES
alma_evidence,24,embedding,USER-DEFINED,YES
alma_evidence,25,classified_by,text,YES
alma_evidence,26,classified_at,timestamp with time zone,YES
alma_evidence,27,consent_authority,text,YES
alma_evidence,28,revocation_token,uuid,YES
alma_extraction_patterns,1,id,uuid,NO
alma_extraction_patterns,2,created_at,timestamp with time zone,YES
alma_extraction_patterns,3,updated_at,timestamp with time zone,YES
alma_extraction_patterns,4,source_type,text,NO
alma_extraction_patterns,5,pattern_name,text,NO
alma_extraction_patterns,6,pattern_version,integer,YES
alma_extraction_patterns,7,extraction_prompt,text,NO
alma_extraction_patterns,8,times_used,integer,YES
alma_extraction_patterns,9,successful_extractions,integer,YES
alma_extraction_patterns,10,total_entities_extracted,integer,YES
alma_extraction_patterns,11,success_rate,numeric,YES
alma_extraction_patterns,12,avg_entities,numeric,YES
alma_extraction_patterns,13,is_active,boolean,YES
alma_extraction_patterns,14,last_used_at,timestamp with time zone,YES
alma_extraction_patterns,15,superseded_by,uuid,YES
alma_extraction_patterns,16,metadata,jsonb,YES
alma_funding_applications,1,id,uuid,NO
alma_funding_applications,2,opportunity_id,uuid,NO
alma_funding_applications,3,organization_id,uuid,YES
alma_funding_applications,4,status,text,NO
alma_funding_applications,5,amount_requested,numeric,YES
alma_funding_applications,6,amount_awarded,numeric,YES
alma_funding_applications,7,submitted_at,timestamp with time zone,YES
alma_funding_applications,8,outcome_at,timestamp with time zone,YES
alma_funding_applications,9,notes,text,YES
alma_funding_applications,10,internal_match_score,numeric,YES
alma_funding_applications,11,created_at,timestamp with time zone,YES
alma_funding_applications,12,updated_at,timestamp with time zone,YES
alma_funding_data,1,id,uuid,NO
alma_funding_data,2,created_at,timestamp with time zone,YES
alma_funding_data,3,updated_at,timestamp with time zone,YES
alma_funding_data,4,source_url,text,NO
alma_funding_data,5,source_name,text,NO
alma_funding_data,6,source_type,text,YES
alma_funding_data,7,report_year,text,NO
alma_funding_data,8,jurisdiction,text,YES
alma_funding_data,9,total_expenditure,numeric,YES
alma_funding_data,10,detention_expenditure,numeric,YES
alma_funding_data,11,community_expenditure,numeric,YES
alma_funding_data,12,diversion_expenditure,numeric,YES
alma_funding_data,13,prevention_expenditure,numeric,YES
alma_funding_data,14,cost_per_day_detention,numeric,YES
alma_funding_data,15,cost_per_day_community,numeric,YES
alma_funding_data,16,cost_per_participant,numeric,YES
alma_funding_data,17,young_people_supervised,integer,YES
alma_funding_data,18,young_people_detained,integer,YES
alma_funding_data,19,indigenous_percentage,numeric,YES
alma_funding_data,20,recidivism_rate,numeric,YES
alma_funding_data,21,completion_rate,numeric,YES
alma_funding_data,22,raw_data,jsonb,YES
alma_funding_data,23,metadata,jsonb,YES
alma_funding_opportunities,1,id,uuid,NO
alma_funding_opportunities,2,name,text,NO
alma_funding_opportunities,3,description,text,YES
alma_funding_opportunities,4,funder_name,text,NO
alma_funding_opportunities,5,source_type,text,NO
alma_funding_opportunities,6,category,text,YES
alma_funding_opportunities,7,total_pool_amount,numeric,YES
alma_funding_opportunities,8,min_grant_amount,numeric,YES
alma_funding_opportunities,9,max_grant_amount,numeric,YES
alma_funding_opportunities,10,funding_duration,text,YES
alma_funding_opportunities,11,opens_at,timestamp with time zone,YES
alma_funding_opportunities,12,deadline,timestamp with time zone,YES
alma_funding_opportunities,13,decision_date,timestamp with time zone,YES
alma_funding_opportunities,14,status,text,NO
alma_funding_opportunities,15,jurisdictions,ARRAY,YES
alma_funding_opportunities,16,regions,ARRAY,YES
alma_funding_opportunities,17,is_national,boolean,YES
alma_funding_opportunities,18,eligibility_criteria,jsonb,YES
alma_funding_opportunities,19,eligible_org_types,ARRAY,YES
alma_funding_opportunities,20,requires_deductible_gift_recipient,boolean,YES
alma_funding_opportunities,21,requires_abn,boolean,YES
alma_funding_opportunities,22,focus_areas,ARRAY,YES
alma_funding_opportunities,23,keywords,ARRAY,YES
alma_funding_opportunities,24,source_url,text,YES
alma_funding_opportunities,25,application_url,text,YES
alma_funding_opportunities,26,guidelines_url,text,YES
alma_funding_opportunities,27,source_id,text,YES
alma_funding_opportunities,28,scraped_at,timestamp with time zone,YES
alma_funding_opportunities,29,scrape_source,text,YES
alma_funding_opportunities,30,raw_data,jsonb,YES
alma_funding_opportunities,31,relevance_score,numeric,YES
alma_funding_opportunities,32,created_at,timestamp with time zone,YES
alma_funding_opportunities,33,updated_at,timestamp with time zone,YES
alma_funding_opportunities,34,opportunity_type,text,YES
alma_funding_opportunities,35,verification_status,text,YES
alma_funding_opportunities,36,verified_at,timestamp with time zone,YES
alma_funding_opportunities,37,verification_notes,text,YES
alma_funding_opportunities,38,auto_classify_confidence,numeric,YES
alma_funding_opportunities,39,auto_classify_reason,text,YES
alma_funding_opportunities,40,auto_classify_model,text,YES
alma_funding_opportunities,41,auto_classify_at,timestamp with time zone,YES
alma_funding_opportunities,42,fields_backfilled_at,timestamp with time zone,YES
alma_funding_opportunities,43,fields_backfilled_by,text,YES
alma_funding_opportunities,44,fields_backfilled_reason,text,YES
alma_funding_opportunities,45,search_text,text,YES
alma_funding_opportunities,46,embedding,USER-DEFINED,YES
alma_funding_opportunities,47,embedding_model,text,YES
alma_funding_opportunities,48,embedded_at,timestamp with time zone,YES
alma_government_programs,1,id,uuid,NO
alma_government_programs,2,name,text,NO
alma_government_programs,3,jurisdiction,text,YES
alma_government_programs,4,program_type,text,YES
alma_government_programs,5,announced_date,date,YES
alma_government_programs,6,implementation_date,date,YES
alma_government_programs,7,status,text,YES
alma_government_programs,8,budget_amount,numeric,YES
alma_government_programs,9,budget_currency,text,YES
alma_government_programs,10,description,text,YES
alma_government_programs,11,official_url,text,YES
alma_government_programs,12,community_led,boolean,YES
alma_government_programs,13,cultural_authority,boolean,YES
alma_government_programs,14,consent_level,text,YES
alma_government_programs,15,created_at,timestamp with time zone,YES
alma_government_programs,16,updated_at,timestamp with time zone,YES
alma_government_programs,17,minister,text,YES
alma_government_programs,18,department,text,YES
alma_government_programs,19,target_cohort,ARRAY,YES
alma_government_programs,20,evidence_community_led,boolean,YES
alma_government_programs,21,evidence_indigenous_delivery,boolean,YES
alma_government_programs,22,evidence_matched_interventions,integer,YES
alma_government_programs,23,evidence_matched_acco_interventions,integer,YES
alma_government_programs,24,evidence_at,timestamp with time zone,YES
alma_impact_metrics,1,id,uuid,NO
alma_impact_metrics,2,metric_type,text,NO
alma_impact_metrics,3,value,integer,NO
alma_impact_metrics,4,delta,integer,YES
alma_impact_metrics,5,project_id,uuid,YES
alma_impact_metrics,6,period_start,date,NO
alma_impact_metrics,7,period_end,date,NO
alma_impact_metrics,8,breakdown,jsonb,YES
alma_impact_metrics,9,created_at,timestamp with time zone,YES
alma_impact_metrics,10,updated_at,timestamp with time zone,YES
alma_ingestion_jobs,1,id,uuid,NO
alma_ingestion_jobs,2,created_at,timestamp with time zone,YES
alma_ingestion_jobs,3,updated_at,timestamp with time zone,YES
alma_ingestion_jobs,4,source_type,text,NO
alma_ingestion_jobs,5,source_url,text,NO
alma_ingestion_jobs,6,status,text,NO
alma_ingestion_jobs,7,documents_found,integer,YES
alma_ingestion_jobs,8,entities_created,integer,YES
alma_ingestion_jobs,9,started_at,timestamp with time zone,YES
alma_ingestion_jobs,10,completed_at,timestamp with time zone,YES
alma_ingestion_jobs,11,error,text,YES
alma_ingestion_jobs,12,metadata,jsonb,YES
alma_ingestion_jobs,13,consent_level,text,YES
alma_ingestion_jobs,14,cultural_authority,boolean,YES
alma_ingestion_jobs,15,category,text,YES
alma_intervention_evidence,1,id,uuid,NO
alma_intervention_evidence,2,intervention_id,uuid,NO
alma_intervention_evidence,3,evidence_id,uuid,NO
alma_intervention_evidence,4,created_at,timestamp with time zone,YES
alma_intervention_outcomes,1,id,uuid,NO
alma_intervention_outcomes,2,intervention_id,uuid,NO
alma_intervention_outcomes,3,outcome_id,uuid,NO
alma_intervention_outcomes,4,created_at,timestamp with time zone,YES
alma_interventions,1,id,uuid,NO
alma_interventions,2,created_at,timestamp with time zone,YES
alma_interventions,3,updated_at,timestamp with time zone,YES
alma_interventions,4,name,text,NO
alma_interventions,5,type,text,NO
alma_interventions,6,description,text,NO
alma_interventions,7,target_cohort,ARRAY,YES
alma_interventions,8,geography,ARRAY,YES
alma_interventions,9,evidence_level,text,YES
alma_interventions,10,cultural_authority,text,YES
alma_interventions,11,consent_level,text,NO
alma_interventions,12,permitted_uses,ARRAY,YES
alma_interventions,13,contributors,ARRAY,YES
alma_interventions,14,source_documents,jsonb,YES
alma_interventions,15,risks,text,YES
alma_interventions,16,harm_risk_level,text,YES
alma_interventions,17,implementation_cost,text,YES
alma_interventions,18,cost_per_young_person,numeric,YES
alma_interventions,19,scalability,text,YES
alma_interventions,20,replication_readiness,text,YES
alma_interventions,21,operating_organization,text,YES
alma_interventions,22,contact_person,text,YES
alma_interventions,23,contact_email,text,YES
alma_interventions,24,contact_phone,text,YES
alma_interventions,25,website,text,YES
alma_interventions,26,years_operating,integer,YES
alma_interventions,27,current_funding,text,YES
alma_interventions,28,portfolio_score,numeric,YES
alma_interventions,29,evidence_strength_signal,numeric,YES
alma_interventions,30,community_authority_signal,numeric,YES
alma_interventions,31,harm_risk_signal,numeric,YES
alma_interventions,32,implementation_capability_signal,numeric,YES
alma_interventions,33,option_value_signal,numeric,YES
alma_interventions,34,review_status,text,NO
alma_interventions,35,reviewed_by,uuid,YES
alma_interventions,36,reviewed_at,timestamp with time zone,YES
alma_interventions,37,linked_service_id,uuid,YES
alma_interventions,38,linked_community_program_id,uuid,YES
alma_interventions,39,search_vector,tsvector,YES
alma_interventions,40,metadata,jsonb,YES
alma_interventions,41,operating_organization_id,uuid,YES
alma_interventions,42,latitude,numeric,YES
alma_interventions,43,longitude,numeric,YES
alma_interventions,44,service_area_km,integer,YES
alma_interventions,45,location_type,text,YES
alma_interventions,46,verification_status,text,YES
alma_interventions,47,data_provenance,text,YES
alma_interventions,48,gs_entity_id,uuid,YES
alma_interventions,49,serves_youth_justice,boolean,YES
alma_interventions,50,service_role,text,YES
alma_interventions,51,estimated_annual_capacity,integer,YES
alma_interventions,52,topics,ARRAY,YES
alma_interventions,53,data_quality,text,YES
alma_interventions,54,coordinate_precision,text,YES
alma_interventions,55,coordinate_note,text,YES
alma_locations,1,id,uuid,NO
alma_locations,2,name,text,NO
alma_locations,3,state,text,NO
alma_locations,4,postcode,text,YES
alma_locations,5,latitude,numeric,YES
alma_locations,6,longitude,numeric,YES
alma_locations,7,location_type,text,YES
alma_locations,8,lga_name,text,YES
alma_locations,9,sa3_name,text,YES
alma_locations,10,traditional_country,text,YES
alma_locations,11,indigenous_population_pct,numeric,YES
alma_maturation_log,1,id,uuid,NO
alma_maturation_log,2,intervention_id,uuid,YES
alma_maturation_log,3,current_level,text,NO
alma_maturation_log,4,proposed_level,text,NO
alma_maturation_log,5,evidence_summary,text,YES
alma_maturation_log,6,evidence_count,integer,YES
alma_maturation_log,7,cost_data_available,boolean,YES
alma_maturation_log,8,confidence,numeric,YES
alma_maturation_log,9,reviewed,boolean,YES
alma_maturation_log,10,reviewed_at,timestamp with time zone,YES
alma_maturation_log,11,reviewed_by,text,YES
alma_maturation_log,12,created_at,timestamp with time zone,YES
alma_media_articles,1,id,uuid,NO
alma_media_articles,2,job_id,uuid,YES
alma_media_articles,3,headline,text,NO
alma_media_articles,4,url,text,YES
alma_media_articles,5,published_date,timestamp with time zone,YES
alma_media_articles,6,source_name,text,YES
alma_media_articles,7,sentiment,text,YES
alma_media_articles,8,sentiment_score,numeric,YES
alma_media_articles,9,confidence,numeric,YES
alma_media_articles,10,topics,ARRAY,YES
alma_media_articles,11,government_mentions,jsonb,YES
alma_media_articles,12,community_mentions,jsonb,YES
alma_media_articles,13,intervention_mentions,ARRAY,YES
alma_media_articles,14,summary,text,YES
alma_media_articles,15,key_quotes,ARRAY,YES
alma_media_articles,16,full_text,text,YES
alma_media_articles,17,created_at,timestamp with time zone,YES
alma_media_articles,18,updated_at,timestamp with time zone,YES
alma_media_articles,19,organizations_mentioned,ARRAY,YES
alma_media_articles,20,programs_mentioned,ARRAY,YES
alma_media_articles,21,key_claims,jsonb,YES
alma_media_articles,22,quarantined_at,timestamp with time zone,YES
alma_media_articles,23,quarantine_reason,text,YES
alma_media_articles_publishable,1,id,uuid,YES
alma_media_articles_publishable,2,job_id,uuid,YES
alma_media_articles_publishable,3,headline,text,YES
alma_media_articles_publishable,4,url,text,YES
alma_media_articles_publishable,5,published_date,timestamp with time zone,YES
alma_media_articles_publishable,6,source_name,text,YES
alma_media_articles_publishable,7,sentiment,text,YES
alma_media_articles_publishable,8,sentiment_score,numeric,YES
alma_media_articles_publishable,9,confidence,numeric,YES
alma_media_articles_publishable,10,topics,ARRAY,YES
alma_media_articles_publishable,11,government_mentions,jsonb,YES
alma_media_articles_publishable,12,community_mentions,jsonb,YES
alma_media_articles_publishable,13,intervention_mentions,ARRAY,YES
alma_media_articles_publishable,14,summary,text,YES
alma_media_articles_publishable,15,key_quotes,ARRAY,YES
alma_media_articles_publishable,16,full_text,text,YES
alma_media_articles_publishable,17,created_at,timestamp with time zone,YES
alma_media_articles_publishable,18,updated_at,timestamp with time zone,YES
alma_media_articles_publishable,19,organizations_mentioned,ARRAY,YES
alma_media_articles_publishable,20,programs_mentioned,ARRAY,YES
alma_media_articles_publishable,21,key_claims,jsonb,YES
alma_media_articles_publishable,22,quarantined_at,timestamp with time zone,YES
alma_media_articles_publishable,23,quarantine_reason,text,YES
alma_org_enrichment_candidates,1,id,uuid,NO
alma_org_enrichment_candidates,2,organization_id,uuid,NO
alma_org_enrichment_candidates,3,source,text,NO
alma_org_enrichment_candidates,4,source_query,jsonb,YES
alma_org_enrichment_candidates,5,platform,text,YES
alma_org_enrichment_candidates,6,raw_data,jsonb,YES
alma_org_enrichment_candidates,7,extracted_fields,jsonb,NO
alma_org_enrichment_candidates,8,confidence,numeric,YES
alma_org_enrichment_candidates,9,status,text,NO
alma_org_enrichment_candidates,10,reviewed_by,uuid,YES
alma_org_enrichment_candidates,11,reviewed_at,timestamp with time zone,YES
alma_org_enrichment_candidates,12,rejection_reason,text,YES
alma_org_enrichment_candidates,13,provenance,jsonb,YES
alma_org_enrichment_candidates,14,created_at,timestamp with time zone,NO
alma_outcomes,1,id,uuid,NO
alma_outcomes,2,created_at,timestamp with time zone,YES
alma_outcomes,3,updated_at,timestamp with time zone,YES
alma_outcomes,4,name,text,NO
alma_outcomes,5,outcome_type,text,NO
alma_outcomes,6,description,text,YES
alma_outcomes,7,measurement_method,text,YES
alma_outcomes,8,indicators,text,YES
alma_outcomes,9,time_horizon,text,YES
alma_outcomes,10,beneficiary,text,YES
alma_outcomes,11,search_vector,tsvector,YES
alma_outcomes,12,metadata,jsonb,YES
alma_program_interventions,1,id,uuid,NO
alma_program_interventions,2,program_id,uuid,YES
alma_program_interventions,3,intervention_id,uuid,YES
alma_program_interventions,4,relationship,text,YES
alma_program_interventions,5,notes,text,YES
alma_program_interventions,6,created_at,timestamp with time zone,YES
alma_raw_content,1,id,uuid,NO
alma_raw_content,2,created_at,timestamp with time zone,YES
alma_raw_content,3,updated_at,timestamp with time zone,YES
alma_raw_content,4,source_url,text,NO
alma_raw_content,5,source_type,text,YES
alma_raw_content,6,raw_content,text,NO
alma_raw_content,7,content_hash,text,NO
alma_raw_content,8,content_length,integer,YES
alma_raw_content,9,file_path,text,YES
alma_raw_content,10,file_size_bytes,bigint,YES
alma_raw_content,11,file_mime_type,text,YES
alma_raw_content,12,file_hash,text,YES
alma_raw_content,13,extraction_method,text,YES
alma_raw_content,14,extracted_at,timestamp with time zone,YES
alma_raw_content,15,page_count,integer,YES
alma_raw_content,16,processing_status,text,YES
alma_raw_content,17,last_processed_at,timestamp with time zone,YES
alma_raw_content,18,processing_error,text,YES
alma_raw_content,19,language,text,YES
alma_raw_content,20,word_count,integer,YES
alma_raw_content,21,relevance_score,numeric,YES
alma_raw_content,22,interventions_extracted,integer,YES
alma_raw_content,23,evidence_extracted,integer,YES
alma_raw_content,24,funding_data_extracted,integer,YES
alma_raw_content,25,search_vector,tsvector,YES
alma_raw_content,26,processed_at,timestamp with time zone,YES
alma_research_findings,1,id,uuid,NO
alma_research_findings,2,session_id,uuid,YES
alma_research_findings,3,finding_type,text,NO
alma_research_findings,4,entity_type,text,YES
alma_research_findings,5,entity_id,uuid,YES
alma_research_findings,6,content,jsonb,NO
alma_research_findings,7,confidence,numeric,YES
alma_research_findings,8,validated,boolean,YES
alma_research_findings,9,validation_source,text,YES
alma_research_findings,10,sources,ARRAY,YES
alma_research_findings,11,applied,boolean,YES
alma_research_findings,12,applied_at,timestamp with time zone,YES
alma_research_findings,13,created_at,timestamp with time zone,YES
alma_research_findings,14,nq_relevant,boolean,YES
alma_research_findings,15,qld_relevant,boolean,YES
alma_research_sessions,1,id,uuid,NO
alma_research_sessions,2,query,text,NO
alma_research_sessions,3,status,text,YES
alma_research_sessions,4,depth,text,YES
alma_research_sessions,5,plan,jsonb,YES
alma_research_sessions,6,scratchpad,jsonb,YES
alma_research_sessions,7,results,jsonb,YES
alma_research_sessions,8,max_consent_level,text,YES
alma_research_sessions,9,user_id,uuid,YES
alma_research_sessions,10,created_at,timestamp with time zone,YES
alma_research_sessions,11,updated_at,timestamp with time zone,YES
alma_research_sessions,12,completed_at,timestamp with time zone,YES
alma_research_sessions,13,error_message,text,YES
alma_research_sessions,14,retry_count,integer,YES
alma_research_tool_logs,1,id,uuid,NO
alma_research_tool_logs,2,session_id,uuid,YES
alma_research_tool_logs,3,tool_name,text,NO
alma_research_tool_logs,4,tool_input,jsonb,YES
alma_research_tool_logs,5,tool_output,jsonb,YES
alma_research_tool_logs,6,execution_time_ms,integer,YES
alma_research_tool_logs,7,success,boolean,YES
alma_research_tool_logs,8,error_message,text,YES
alma_research_tool_logs,9,created_at,timestamp with time zone,YES
alma_source_documents,1,id,uuid,NO
alma_source_documents,2,created_at,timestamp with time zone,YES
alma_source_documents,3,updated_at,timestamp with time zone,YES
alma_source_documents,4,title,text,NO
alma_source_documents,5,document_type,text,NO
alma_source_documents,6,source_url,text,NO
alma_source_documents,7,source_organization,text,YES
alma_source_documents,8,author,text,YES
alma_source_documents,9,publication_date,date,YES
alma_source_documents,10,report_period,text,YES
alma_source_documents,11,file_path,text,YES
alma_source_documents,12,file_name,text,YES
alma_source_documents,13,file_size_bytes,bigint,YES
alma_source_documents,14,file_hash,text,YES
alma_source_documents,15,mime_type,text,YES
alma_source_documents,16,page_count,integer,YES
alma_source_documents,17,downloaded_at,timestamp with time zone,YES
alma_source_documents,18,last_verified_at,timestamp with time zone,YES
alma_source_documents,19,is_accessible,boolean,YES
alma_source_documents,20,abstract,text,YES
alma_source_documents,21,key_findings,jsonb,YES
alma_source_documents,22,topics,ARRAY,YES
alma_source_documents,23,jurisdiction,text,YES
alma_source_documents,24,scope,text,YES
alma_source_documents,25,authority_level,text,YES
alma_source_documents,26,citation_count,integer,YES
alma_source_documents,27,search_vector,tsvector,YES
alma_stories,1,id,uuid,NO
alma_stories,2,title,text,NO
alma_stories,3,full_story,text,YES
alma_stories,4,summary,text,YES
alma_stories,5,story_type,text,YES
alma_stories,6,story_date,date,YES
alma_stories,7,status,text,YES
alma_stories,8,featured,boolean,YES
alma_stories,9,impact_areas,jsonb,YES
alma_stories,10,media_urls,jsonb,YES
alma_stories,11,contact_id,uuid,YES
alma_stories,12,project_id,uuid,YES
alma_stories,13,published_at,timestamp with time zone,YES
alma_stories,14,created_at,timestamp with time zone,YES
alma_stories,15,updated_at,timestamp with time zone,YES
alma_stories,16,region_slug,text,YES
alma_stories,17,linked_organization_ids,ARRAY,YES
alma_stories,18,linked_intervention_ids,ARRAY,YES
alma_tags,1,id,uuid,NO
alma_tags,2,created_at,timestamp with time zone,YES
alma_tags,3,category,text,NO
alma_tags,4,name,text,NO
alma_tags,5,slug,text,NO
alma_tags,6,parent_id,uuid,YES
alma_tags,7,display_name,text,YES
alma_tags,8,description,text,YES
alma_tags,9,color,text,YES
alma_tags,10,icon,text,YES
alma_tags,11,is_system,boolean,YES
alma_tags,12,usage_count,integer,YES
alma_unified_search,1,entity_type,text,YES
alma_unified_search,2,entity_id,uuid,YES
alma_unified_search,3,title,text,YES
alma_unified_search,4,description,text,YES
alma_unified_search,5,category,text,YES
alma_unified_search,6,jurisdiction,text,YES
alma_unified_search,7,search_vector,tsvector,YES
alma_unified_search,8,relevance_boost,numeric,YES
alma_unified_search,9,created_at,timestamp with time zone,YES
analysis_jobs,1,id,uuid,NO
analysis_jobs,2,transcript_id,uuid,NO
analysis_jobs,3,storyteller_id,uuid,NO
analysis_jobs,4,status,USER-DEFINED,NO
analysis_jobs,5,attempts,integer,NO
analysis_jobs,6,last_error,text,YES
analysis_jobs,7,priority,integer,YES
analysis_jobs,8,scheduled_at,timestamp with time zone,NO
analysis_jobs,9,started_at,timestamp with time zone,YES
analysis_jobs,10,finished_at,timestamp with time zone,YES
analysis_jobs,11,created_at,timestamp with time zone,NO
analysis_jobs,12,updated_at,timestamp with time zone,NO
anao_mmr_compliance,1,id,uuid,NO
anao_mmr_compliance,2,portfolio,text,NO
anao_mmr_compliance,3,contracts_not_setup,integer,YES
anao_mmr_compliance,4,contracts_in_reporting,integer,YES
anao_mmr_compliance,5,contracts_compliant,integer,YES
anao_mmr_compliance,6,compliance_rate,numeric,YES
anao_mmr_compliance,7,period,text,YES
anao_mmr_compliance,8,source,text,YES
anao_mmr_compliance,9,created_at,timestamp with time zone,YES
anao_mmr_exemptions,1,id,uuid,NO
anao_mmr_exemptions,2,portfolio,text,NO
anao_mmr_exemptions,3,total_contracts,integer,YES
anao_mmr_exemptions,4,exempted_contracts,integer,YES
anao_mmr_exemptions,5,exemption_rate,numeric,YES
anao_mmr_exemptions,6,exempted_value_aud,numeric,YES
anao_mmr_exemptions,7,total_value_aud,numeric,YES
anao_mmr_exemptions,8,period,text,YES
anao_mmr_exemptions,9,source,text,YES
anao_mmr_exemptions,10,created_at,timestamp with time zone,YES
api_keys,1,id,uuid,NO
api_keys,2,org_id,uuid,YES
api_keys,3,name,text,NO
api_keys,4,key_prefix,text,NO
api_keys,5,key_hash,text,NO
api_keys,6,rate_limit_per_min,integer,NO
api_keys,7,created_at,timestamp with time zone,NO
api_keys,8,last_used_at,timestamp with time zone,YES
api_keys,9,revoked_at,timestamp with time zone,YES
api_keys,10,total_requests,bigint,NO
api_keys,11,total_errors,bigint,NO
api_pricing,1,id,uuid,NO
api_pricing,2,provider,text,NO
api_pricing,3,model,text,NO
api_pricing,4,endpoint,text,NO
api_pricing,5,input_price_per_1m,numeric,YES
api_pricing,6,output_price_per_1m,numeric,YES
api_pricing,7,price_per_request,numeric,YES
api_pricing,8,effective_from,date,NO
api_pricing,9,effective_until,date,YES
api_usage,1,id,bigint,NO
api_usage,2,key_id,uuid,YES
api_usage,3,action,text,NO
api_usage,4,response_ms,integer,YES
api_usage,5,status_code,smallint,NO
api_usage,6,ip_address,text,YES
api_usage,7,created_at,timestamp with time zone,NO
app_config,1,key,text,NO
app_config,2,value,text,NO
app_config,3,description,text,YES
app_config,4,updated_at,timestamp with time zone,YES
app_users,1,id,integer,NO
app_users,2,openId,uuid,NO
app_users,3,name,text,YES
app_users,4,email,character varying,YES
app_users,5,loginMethod,character varying,YES
app_users,6,role,USER-DEFINED,NO
app_users,7,createdAt,timestamp without time zone,NO
app_users,8,updatedAt,timestamp without time zone,NO
app_users,9,lastSignedIn,timestamp without time zone,NO
archival_memory,1,id,uuid,NO
archival_memory,2,content,text,NO
archival_memory,3,embedding,USER-DEFINED,YES
archival_memory,4,metadata,jsonb,YES
archival_memory,5,project_dir,text,YES
archival_memory,6,created_at,timestamp with time zone,YES
archival_memory,7,updated_at,timestamp with time zone,YES
art_innovation,1,id,uuid,NO
art_innovation,2,created_at,timestamp with time zone,YES
art_innovation,3,updated_at,timestamp with time zone,YES
art_innovation,4,title,text,NO
art_innovation,5,slug,text,NO
art_innovation,6,type,text,NO
art_innovation,7,status,text,NO
art_innovation,8,tagline,text,YES
art_innovation,9,description,text,NO
art_innovation,10,story,text,YES
art_innovation,11,impact,text,YES
art_innovation,12,featured_image_url,text,YES
art_innovation,13,video_url,text,YES
art_innovation,14,gallery_images,jsonb,YES
art_innovation,15,creators,jsonb,YES
art_innovation,16,year,integer,YES
art_innovation,17,location,text,YES
art_innovation,18,tags,ARRAY,YES
art_innovation,19,website_url,text,YES
art_innovation,20,social_links,jsonb,YES
art_innovation,21,organization_id,uuid,YES
art_innovation,22,program_id,uuid,YES
art_innovation,23,is_featured,boolean,YES
art_innovation,24,view_count,integer,YES
art_innovation,25,search_vector,tsvector,YES
art_innovation_profiles,1,id,uuid,NO
art_innovation_profiles,2,art_innovation_id,uuid,YES
art_innovation_profiles,3,public_profile_id,uuid,YES
art_innovation_profiles,4,role,text,NO
art_innovation_profiles,5,role_description,text,YES
art_innovation_profiles,6,display_order,integer,YES
art_innovation_profiles,7,is_featured,boolean,YES
art_innovation_profiles,8,created_at,timestamp with time zone,YES
article_locations,1,id,uuid,NO
article_locations,2,article_id,uuid,YES
article_locations,3,location_name,text,NO
article_locations,4,location_city,text,YES
article_locations,5,location_state,text,YES
article_locations,6,location_country,text,YES
article_locations,7,latitude,numeric,YES
article_locations,8,longitude,numeric,YES
article_locations,9,description,text,YES
article_locations,10,created_at,timestamp with time zone,YES
article_related_programs,1,id,uuid,NO
article_related_programs,2,article_id,uuid,YES
article_related_programs,3,program_id,uuid,YES
article_related_programs,4,relevance_note,text,YES
article_related_programs,5,display_order,integer,YES
article_related_programs,6,created_at,timestamp with time zone,YES
articles,1,id,uuid,NO
articles,2,slug,text,NO
articles,3,title,text,NO
articles,4,excerpt,text,YES
articles,5,content,text,NO
articles,6,featured_image_url,text,YES
articles,7,author_id,uuid,YES
articles,8,category,text,YES
articles,9,is_trending,boolean,YES
articles,10,published_at,timestamp with time zone,YES
articles,11,status,text,YES
articles,12,seo_title,text,YES
articles,13,seo_description,text,YES
articles,14,location_tags,ARRAY,YES
articles,15,metadata,jsonb,YES
articles,16,view_count,integer,YES
articles,17,reading_time_minutes,integer,YES
articles,18,created_at,timestamp with time zone,YES
articles,19,updated_at,timestamp with time zone,YES
articles,20,featured_image_caption,text,YES
articles,21,co_authors,ARRAY,YES
articles,22,tags,ARRAY,YES
articles,23,share_count,integer,YES
articles,24,categories,ARRAY,YES
articles,25,organization_id,uuid,YES
articles,26,is_contained,boolean,YES
asic_companies,1,id,uuid,NO
asic_companies,2,acn,text,NO
asic_companies,3,abn,text,YES
asic_companies,4,company_name,text,NO
asic_companies,5,current_name,text,YES
asic_companies,6,current_name_start_date,date,YES
asic_companies,7,company_type,text,YES
asic_companies,8,company_class,text,YES
asic_companies,9,company_subclass,text,YES
asic_companies,10,status,text,YES
asic_companies,11,date_of_registration,date,YES
asic_companies,12,date_of_deregistration,date,YES
asic_companies,13,previous_state_of_registration,text,YES
asic_companies,14,state_registration_number,text,YES
asic_companies,15,modified_flag,text,YES
asic_companies,16,current_name_indicator,text,YES
asic_companies,17,acnc_match,boolean,YES
asic_companies,18,oric_match,boolean,YES
asic_companies,19,asx_listed,boolean,YES
asic_companies,20,source_file,text,YES
asic_companies,21,created_at,timestamp with time zone,YES
asic_companies,22,updated_at,timestamp with time zone,YES
asic_companies,23,name_normalized,text,YES
asic_name_lookup,1,abn,text,NO
asic_name_lookup,2,company_name,text,NO
asic_name_lookup,3,name_normalized,text,NO
ask_grantscope_corrections,1,id,uuid,NO
ask_grantscope_corrections,2,question,text,NO
ask_grantscope_corrections,3,project_code,text,YES
ask_grantscope_corrections,4,opportunity_id,uuid,YES
ask_grantscope_corrections,5,correction_type,text,NO
ask_grantscope_corrections,6,implied_label,text,YES
ask_grantscope_corrections,7,rationale,text,NO
ask_grantscope_corrections,8,answer_snapshot,jsonb,NO
ask_grantscope_corrections,9,applied_to_benchmark,boolean,NO
ask_grantscope_corrections,10,benchmark_case_id,uuid,YES
ask_grantscope_corrections,11,corrected_by,uuid,YES
ask_grantscope_corrections,12,corrected_by_email,text,YES
ask_grantscope_corrections,13,created_at,timestamp with time zone,NO
assertions,1,id,uuid,NO
assertions,2,subject_table,text,NO
assertions,3,subject_id,text,NO
assertions,4,predicate,text,NO
assertions,5,value,text,YES
assertions,6,asserter_kind,text,NO
assertions,7,basis,text,NO
assertions,8,asserter_user_id,uuid,YES
assertions,9,asserter_name,text,YES
assertions,10,asserter_org_id,uuid,YES
assertions,11,machine_rule,text,YES
assertions,12,note,text,NO
assertions,13,source_url,text,YES
assertions,14,superseded_by,uuid,YES
assertions,15,superseded_at,timestamp with time zone,YES
assertions,16,disagreement_kind,text,YES
assertions,17,disagrees_with,uuid,YES
assertions,18,audience,text,NO
assertions,19,asserted_at,timestamp with time zone,NO
assertions,20,created_at,timestamp with time zone,NO
asx_companies,1,id,uuid,NO
asx_companies,2,company_name,text,NO
asx_companies,3,asx_code,text,NO
asx_companies,4,gics_industry_group,text,YES
asx_companies,5,abn,text,YES
asx_companies,6,acn,text,YES
asx_companies,7,asic_match,boolean,YES
asx_companies,8,source_file,text,YES
asx_companies,9,created_at,timestamp with time zone,YES
asx_companies,10,updated_at,timestamp with time zone,YES
ato_tax_transparency,1,id,uuid,NO
ato_tax_transparency,2,entity_name,text,NO
ato_tax_transparency,3,abn,text,NO
ato_tax_transparency,4,total_income,numeric,YES
ato_tax_transparency,5,taxable_income,numeric,YES
ato_tax_transparency,6,tax_payable,numeric,YES
ato_tax_transparency,7,industry,text,YES
ato_tax_transparency,8,entity_type,text,YES
ato_tax_transparency,9,report_year,text,NO
ato_tax_transparency,10,effective_tax_rate,numeric,YES
ato_tax_transparency,11,acnc_match,boolean,YES
ato_tax_transparency,12,asic_match,boolean,YES
ato_tax_transparency,13,asx_listed,boolean,YES
ato_tax_transparency,14,source_file,text,YES
ato_tax_transparency,15,created_at,timestamp with time zone,YES
ato_tax_transparency,16,updated_at,timestamp with time zone,YES
audit_events,1,id,uuid,NO
audit_events,2,surface,text,NO
audit_events,3,event_type,text,NO
audit_events,4,resource_id,text,YES
audit_events,5,query,jsonb,YES
audit_events,6,actor_ip,text,YES
audit_events,7,user_agent,text,YES
audit_events,8,forwarded,boolean,YES
audit_events,9,forwarded_at,timestamp with time zone,YES
audit_events,10,created_at,timestamp with time zone,NO
auditor_general_audits,1,id,uuid,NO
auditor_general_audits,2,jurisdiction,text,NO
auditor_general_audits,3,title,text,NO
auditor_general_audits,4,report_number,text,YES
auditor_general_audits,5,url,text,NO
auditor_general_audits,6,publication_date,date,YES
auditor_general_audits,7,tabled_date,date,YES
auditor_general_audits,8,key_findings,jsonb,YES
auditor_general_audits,9,key_recommendations,jsonb,YES
auditor_general_audits,10,status,text,YES
auditor_general_audits,11,raw_text,text,YES
auditor_general_audits,12,metadata,jsonb,YES
auditor_general_audits,13,extracted_at,timestamp with time zone,YES
auditor_general_audits,14,llm_model,text,YES
auditor_general_audits,15,ingested_at,timestamp with time zone,YES
austender_contracts,1,id,uuid,NO
austender_contracts,2,ocid,text,NO
austender_contracts,3,release_id,text,YES
austender_contracts,4,title,text,YES
austender_contracts,5,description,text,YES
austender_contracts,6,contract_value,numeric,YES
austender_contracts,7,currency,text,YES
austender_contracts,8,procurement_method,text,YES
austender_contracts,9,category,text,YES
austender_contracts,10,contract_start,date,YES
austender_contracts,11,contract_end,date,YES
austender_contracts,12,date_published,timestamp with time zone,YES
austender_contracts,13,date_modified,timestamp with time zone,YES
austender_contracts,14,buyer_name,text,YES
austender_contracts,15,buyer_id,text,YES
austender_contracts,16,supplier_name,text,YES
austender_contracts,17,supplier_abn,text,YES
austender_contracts,18,supplier_id,text,YES
austender_contracts,19,supplier_acnc_match,boolean,YES
austender_contracts,20,supplier_oric_match,boolean,YES
austender_contracts,21,supplier_entity_type,text,YES
austender_contracts,22,source_url,text,YES
austender_contracts,23,created_at,timestamp with time zone,YES
austender_contracts,24,updated_at,timestamp with time zone,YES
austender_contracts,25,is_mmr_applicable,boolean,YES
australian_frameworks,1,id,uuid,NO
australian_frameworks,2,slug,text,NO
australian_frameworks,3,name,text,NO
australian_frameworks,4,state,text,NO
australian_frameworks,5,tagline,text,NO
australian_frameworks,6,overview,text,NO
australian_frameworks,7,key_features,ARRAY,YES
australian_frameworks,8,strengths,ARRAY,YES
australian_frameworks,9,challenges,ARRAY,YES
australian_frameworks,10,outcomes,jsonb,YES
australian_frameworks,11,resources,jsonb,YES
australian_frameworks,12,color,text,YES
australian_frameworks,13,display_order,integer,YES
australian_frameworks,14,is_active,boolean,YES
australian_frameworks,15,latitude,numeric,YES
australian_frameworks,16,longitude,numeric,YES
australian_frameworks,17,created_at,timestamp with time zone,YES
australian_frameworks,18,updated_at,timestamp with time zone,YES
authors,1,id,uuid,NO
authors,2,slug,text,NO
authors,3,name,text,NO
authors,4,bio,text,YES
authors,5,photo_url,text,YES
authors,6,role,text,YES
authors,7,email,text,YES
authors,8,linkedin_url,text,YES
authors,9,twitter_url,text,YES
authors,10,website_url,text,YES
authors,11,created_at,timestamp with time zone,YES
authors,12,updated_at,timestamp with time zone,YES
authors,13,public_profile_id,uuid,YES
auto_approval_quality,1,id,uuid,YES
auto_approval_quality,2,title,text,YES
auto_approval_quality,3,page_type,text,YES
auto_approval_quality,4,approval_confidence,double precision,YES
auto_approval_quality,5,approved_at,timestamp with time zone,YES
auto_approval_quality,6,last_updated,timestamp with time zone,YES
auto_approval_quality,7,post_approval_status,text,YES
auto_approval_quality,8,days_since_approval,integer,YES
bank_statement_lines,1,id,uuid,NO
bank_statement_lines,2,date,date,NO
bank_statement_lines,3,type,text,NO
bank_statement_lines,4,payee,text,YES
bank_statement_lines,5,particulars,text,YES
bank_statement_lines,6,reference,text,YES
bank_statement_lines,7,analysis_code,text,YES
bank_statement_lines,8,amount,numeric,NO
bank_statement_lines,9,direction,text,NO
bank_statement_lines,10,source,text,YES
bank_statement_lines,11,status,text,YES
bank_statement_lines,12,bank_account,text,YES
bank_statement_lines,13,card_last4,text,YES
bank_statement_lines,14,matched_xero_transaction_id,text,YES
bank_statement_lines,15,matched_receipt_email_id,uuid,YES
bank_statement_lines,16,project_code,text,YES
bank_statement_lines,17,notes,text,YES
bank_statement_lines,18,created_at,timestamp with time zone,YES
bank_statement_lines,19,receipt_match_id,uuid,YES
bank_statement_lines,20,receipt_match_score,numeric,YES
bank_statement_lines,21,receipt_match_status,text,YES
bank_statement_lines,22,subscription_group_id,uuid,YES
bank_statement_lines,23,xero_transaction_id,text,YES
bank_statement_lines,24,project_source,text,YES
bank_statement_lines,25,rd_eligible,boolean,YES
bank_statement_lines,26,xero_tenant_id,text,YES
bank_statement_lines,27,lane,text,YES
bank_statement_lines,28,lcaa_phase,text,YES
bank_statement_lines,29,lane_source,text,YES
bank_statement_lines,30,lcaa_phase_source,text,YES
bgfit_budget_items,1,id,uuid,NO
bgfit_budget_items,2,grant_id,uuid,NO
bgfit_budget_items,3,category,text,NO
bgfit_budget_items,4,item_name,text,NO
bgfit_budget_items,5,item_type,text,YES
bgfit_budget_items,6,budgeted_amount,numeric,NO
bgfit_budget_items,7,actual_amount,numeric,YES
bgfit_budget_items,8,status,text,YES
bgfit_budget_items,9,supplier_name,text,YES
bgfit_budget_items,10,receipt_details,text,YES
bgfit_budget_items,11,has_issue,boolean,YES
bgfit_budget_items,12,issue_severity,text,YES
bgfit_budget_items,13,issue_description,text,YES
bgfit_budget_items,14,reallocated_from_item_id,uuid,YES
bgfit_budget_items,15,reallocation_reason,text,YES
bgfit_budget_items,16,sort_order,integer,YES
bgfit_budget_items,17,created_at,timestamp with time zone,YES
bgfit_budget_items,18,updated_at,timestamp with time zone,YES
bgfit_deadlines,1,id,uuid,NO
bgfit_deadlines,2,grant_id,uuid,YES
bgfit_deadlines,3,deadline_type,text,NO
bgfit_deadlines,4,title,text,NO
bgfit_deadlines,5,due_date,date,NO
bgfit_deadlines,6,status,text,YES
bgfit_deadlines,7,submitted_date,date,YES
bgfit_deadlines,8,requirements,text,YES
bgfit_deadlines,9,document_url,text,YES
bgfit_deadlines,10,reminder_days_before,integer,YES
bgfit_deadlines,11,created_at,timestamp with time zone,YES
bgfit_financial_periods,1,id,uuid,NO
bgfit_financial_periods,2,period_name,text,NO
bgfit_financial_periods,3,period_type,text,YES
bgfit_financial_periods,4,start_date,date,NO
bgfit_financial_periods,5,end_date,date,NO
bgfit_financial_periods,6,total_income,numeric,YES
bgfit_financial_periods,7,total_expenses,numeric,YES
bgfit_financial_periods,8,net_position,numeric,YES
bgfit_financial_periods,9,gst_collected,numeric,YES
bgfit_financial_periods,10,gst_paid,numeric,YES
bgfit_financial_periods,11,gst_owing,numeric,YES
bgfit_financial_periods,12,bas_lodged,boolean,YES
bgfit_financial_periods,13,bas_lodged_date,date,YES
bgfit_financial_periods,14,notes,text,YES
bgfit_financial_periods,15,created_at,timestamp with time zone,YES
bgfit_financial_periods,16,organization_id,uuid,YES
bgfit_grants,1,id,uuid,NO
bgfit_grants,2,organization_id,uuid,YES
bgfit_grants,3,grant_name,text,NO
bgfit_grants,4,funder_name,text,NO
bgfit_grants,5,funder_department,text,YES
bgfit_grants,6,reference_number,text,YES
bgfit_grants,7,approved_amount,numeric,NO
bgfit_grants,8,gst_inclusive,boolean,YES
bgfit_grants,9,received_amount,numeric,YES
bgfit_grants,10,spent_amount,numeric,YES
bgfit_grants,11,start_date,date,YES
bgfit_grants,12,end_date,date,YES
bgfit_grants,13,acquittal_due,date,YES
bgfit_grants,14,status,text,YES
bgfit_grants,15,tranches,jsonb,YES
bgfit_grants,16,reporting_requirements,text,YES
bgfit_grants,17,reporting_frequency,text,YES
bgfit_grants,18,grantscope_funding_id,uuid,YES
bgfit_grants,19,source_document_url,text,YES
bgfit_grants,20,notes,text,YES
bgfit_grants,21,created_at,timestamp with time zone,YES
bgfit_grants,22,updated_at,timestamp with time zone,YES
bgfit_suppliers,1,id,uuid,NO
bgfit_suppliers,2,name,text,NO
bgfit_suppliers,3,abn,text,YES
bgfit_suppliers,4,contact_name,text,YES
bgfit_suppliers,5,contact_email,text,YES
bgfit_suppliers,6,contact_phone,text,YES
bgfit_suppliers,7,location,text,YES
bgfit_suppliers,8,category,text,YES
bgfit_suppliers,9,notes,text,YES
bgfit_suppliers,10,created_at,timestamp with time zone,YES
bgfit_suppliers,11,organization_id,uuid,YES
bgfit_transactions,1,id,uuid,NO
bgfit_transactions,2,grant_id,uuid,YES
bgfit_transactions,3,budget_item_id,uuid,YES
bgfit_transactions,4,transaction_date,date,NO
bgfit_transactions,5,description,text,NO
bgfit_transactions,6,amount,numeric,NO
bgfit_transactions,7,gst_amount,numeric,YES
bgfit_transactions,8,transaction_type,text,YES
bgfit_transactions,9,supplier_name,text,YES
bgfit_transactions,10,supplier_abn,text,YES
bgfit_transactions,11,receipt_number,text,YES
bgfit_transactions,12,receipt_image_url,text,YES
bgfit_transactions,13,receipt_verified,boolean,YES
bgfit_transactions,14,reconciled,boolean,YES
bgfit_transactions,15,reconciled_at,timestamp with time zone,YES
bgfit_transactions,16,bank_statement_ref,text,YES
bgfit_transactions,17,source,text,YES
bgfit_transactions,18,source_reference,text,YES
bgfit_transactions,19,created_at,timestamp with time zone,YES
bgfit_transactions,20,updated_at,timestamp with time zone,YES
blog_posts,1,id,uuid,NO
blog_posts,2,created_at,timestamp with time zone,YES
blog_posts,3,updated_at,timestamp with time zone,YES
blog_posts,4,published_at,timestamp with time zone,YES
blog_posts,5,title,text,NO
blog_posts,6,slug,text,NO
blog_posts,7,excerpt,text,YES
blog_posts,8,content,text,NO
blog_posts,9,featured_image_url,text,YES
blog_posts,10,featured_image_caption,text,YES
blog_posts,11,author_id,uuid,YES
blog_posts,12,co_authors,ARRAY,YES
blog_posts,13,status,text,YES
blog_posts,14,tags,ARRAY,YES
blog_posts,15,categories,ARRAY,YES
blog_posts,16,meta_title,text,YES
blog_posts,17,meta_description,text,YES
blog_posts,18,view_count,integer,YES
blog_posts,19,share_count,integer,YES
blog_posts,20,reading_time_minutes,integer,YES
blog_posts,21,empathy_ledger_transcript_id,uuid,YES
blog_posts,22,empathy_ledger_story_id,uuid,YES
blog_posts,23,synced_from_empathy_ledger,boolean,YES
blog_posts,24,video_url,text,YES
blog_posts,25,audio_url,text,YES
blog_posts,26,cultural_sensitivity_flag,boolean,YES
blog_posts_profiles,1,id,uuid,NO
blog_posts_profiles,2,blog_post_id,uuid,NO
blog_posts_profiles,3,public_profile_id,uuid,NO
blog_posts_profiles,4,role,text,YES
blog_posts_profiles,5,is_featured,boolean,YES
blog_posts_profiles,6,display_order,integer,YES
blog_posts_profiles,7,created_at,timestamp without time zone,YES
bocsar_source_files,1,id,uuid,NO
bocsar_source_files,2,url,text,NO
bocsar_source_files,3,sha256,text,YES
bocsar_source_files,4,last_seen,timestamp with time zone,YES
bocsar_source_files,5,release_date,date,YES
bocsar_youth_offending,1,id,uuid,NO
bocsar_youth_offending,2,state,text,NO
bocsar_youth_offending,3,period_start,date,NO
bocsar_youth_offending,4,period_end,date,NO
bocsar_youth_offending,5,period_type,text,NO
bocsar_youth_offending,6,geography_level,text,NO
bocsar_youth_offending,7,geography_name,text,YES
bocsar_youth_offending,8,age_group,text,NO
bocsar_youth_offending,9,indigenous_status,text,YES
bocsar_youth_offending,10,sex,text,YES
bocsar_youth_offending,11,offence_anzsoc,text,YES
bocsar_youth_offending,12,offence_subcategory,text,YES
bocsar_youth_offending,13,legal_proceeding,text,YES
bocsar_youth_offending,14,metric,text,NO
bocsar_youth_offending,15,count,integer,YES
bocsar_youth_offending,16,suppressed,boolean,YES
bocsar_youth_offending,17,source_file,text,NO
bocsar_youth_offending,18,source_url,text,NO
bocsar_youth_offending,19,release_date,date,YES
bocsar_youth_offending,20,ingested_at,timestamp with time zone,YES
bookkeeping_rules,1,id,bigint,NO
bookkeeping_rules,2,tenant_id,text,NO
bookkeeping_rules,3,pattern,text,NO
bookkeeping_rules,4,category,text,NO
bookkeeping_rules,5,account_code,text,YES
bookkeeping_rules,6,priority,integer,YES
bookkeeping_rules,7,created_at,timestamp with time zone,YES
bookkeeping_sync_state,1,tenant_id,text,NO
bookkeeping_sync_state,2,last_synced_at,timestamp with time zone,YES
bookkeeping_sync_state,3,last_page,integer,YES
bookkeeping_sync_state,4,updated_at,timestamp with time zone,YES
business_alerts,1,id,uuid,NO
business_alerts,2,alert_type,text,NO
business_alerts,3,priority,integer,YES
business_alerts,4,title,text,NO
business_alerts,5,description,text,NO
business_alerts,6,action_required,text,YES
business_alerts,7,due_date,timestamp with time zone,YES
business_alerts,8,status,text,YES
business_alerts,9,metadata,jsonb,YES
business_alerts,10,created_at,timestamp with time zone,YES
business_alerts,11,updated_at,timestamp with time zone,YES
calendar_events,1,id,uuid,NO
calendar_events,2,google_event_id,text,NO
calendar_events,3,google_calendar_id,text,YES
calendar_events,4,calendar_name,text,YES
calendar_events,5,calendar_color,text,YES
calendar_events,6,title,text,NO
calendar_events,7,description,text,YES
calendar_events,8,start_time,timestamp with time zone,NO
calendar_events,9,end_time,timestamp with time zone,YES
calendar_events,10,location,text,YES
calendar_events,11,attendees,jsonb,YES
calendar_events,12,organizer_email,text,YES
calendar_events,13,is_all_day,boolean,YES
calendar_events,14,recurrence_rule,text,YES
calendar_events,15,recurring_event_id,text,YES
calendar_events,16,status,text,YES
calendar_events,17,transparency,text,YES
calendar_events,18,visibility,text,YES
calendar_events,19,event_type,text,YES
calendar_events,20,project_code,text,YES
calendar_events,21,detected_project_code,text,YES
calendar_events,22,manual_project_code,text,YES
calendar_events,23,ghl_contact_ids,ARRAY,YES
calendar_events,24,attendee_contact_matches,jsonb,YES
calendar_events,25,metadata,jsonb,YES
calendar_events,26,html_link,text,YES
calendar_events,27,etag,text,YES
calendar_events,28,synced_at,timestamp with time zone,YES
calendar_events,29,sync_source,text,YES
calendar_events,30,created_at,timestamp with time zone,YES
calendar_events,31,updated_at,timestamp with time zone,YES
calendar_events,32,tags,ARRAY,YES
campaign_alignment_entities,1,id,uuid,NO
campaign_alignment_entities,2,entity_type,text,NO
campaign_alignment_entities,3,person_id,uuid,YES
campaign_alignment_entities,4,acnc_abn,text,YES
campaign_alignment_entities,5,organization_name,text,YES
campaign_alignment_entities,6,name,text,NO
campaign_alignment_entities,7,organization,text,YES
campaign_alignment_entities,8,position,text,YES
campaign_alignment_entities,9,email,text,YES
campaign_alignment_entities,10,website,text,YES
campaign_alignment_entities,11,justice_alignment_score,integer,YES
campaign_alignment_entities,12,reach_influence_score,integer,YES
campaign_alignment_entities,13,accessibility_score,integer,YES
campaign_alignment_entities,14,composite_score,integer,YES
campaign_alignment_entities,15,alignment_category,text,YES
campaign_alignment_entities,16,campaign_list,text,YES
campaign_alignment_entities,17,alignment_signals,jsonb,YES
campaign_alignment_entities,18,warm_paths,jsonb,YES
campaign_alignment_entities,19,funding_history,jsonb,YES
campaign_alignment_entities,20,political_donations_summary,jsonb,YES
campaign_alignment_entities,21,outreach_status,text,YES
campaign_alignment_entities,22,ghl_contact_id,text,YES
campaign_alignment_entities,23,draft_message,text,YES
campaign_alignment_entities,24,recommended_approach,text,YES
campaign_alignment_entities,25,score_confidence,text,YES
campaign_alignment_entities,26,last_scored_at,timestamp with time zone,YES
campaign_alignment_entities,27,scoring_run_id,uuid,YES
campaign_alignment_entities,28,created_at,timestamp with time zone,YES
campaign_alignment_entities,29,updated_at,timestamp with time zone,YES
campaign_alignment_entities,30,passion_score,integer,YES
campaign_alignment_entities,31,engagement_signals,jsonb,YES
campaign_alignment_entities,32,conflict_score,numeric,YES
campaign_alignment_entities,33,sector_tag,text,YES
campaign_alignment_entities,34,city,text,YES
campaign_alignment_entities,35,state,text,YES
campaign_alignment_runs,1,id,uuid,NO
campaign_alignment_runs,2,started_at,timestamp with time zone,YES
campaign_alignment_runs,3,completed_at,timestamp with time zone,YES
campaign_alignment_runs,4,status,text,YES
campaign_alignment_runs,5,orgs_scored,integer,YES
campaign_alignment_runs,6,persons_scored,integer,YES
campaign_alignment_runs,7,total_entities,integer,YES
campaign_alignment_runs,8,error_message,text,YES
campaign_alignment_runs,9,run_by,text,YES
campaign_alignment_runs,10,metadata,jsonb,YES
campaign_content,1,id,uuid,NO
campaign_content,2,type,text,NO
campaign_content,3,title,text,NO
campaign_content,4,status,text,NO
campaign_content,5,angle,text,YES
campaign_content,6,content,text,YES
campaign_content,7,link,text,YES
campaign_content,8,published_at,timestamp with time zone,YES
campaign_content,9,metrics,jsonb,YES
campaign_content,10,notes,text,YES
campaign_content,11,tags,ARRAY,YES
campaign_content,12,sort_order,integer,YES
campaign_content,13,created_at,timestamp with time zone,YES
campaign_content,14,updated_at,timestamp with time zone,YES
campaign_nomination_upvotes,1,id,uuid,NO
campaign_nomination_upvotes,2,project_id,uuid,NO
campaign_nomination_upvotes,3,nominee_key,text,NO
campaign_nomination_upvotes,4,voter_fingerprint,text,NO
campaign_nomination_upvotes,5,created_at,timestamp with time zone,NO
campaign_nominations,1,id,uuid,NO
campaign_nominations,2,project_id,uuid,YES
campaign_nominations,3,nominee_name,text,NO
campaign_nominations,4,nominee_title,text,YES
campaign_nominations,5,nominee_org,text,YES
campaign_nominations,6,category,text,NO
campaign_nominations,7,reason,text,NO
campaign_nominations,8,nominator_name,text,YES
campaign_nominations,9,nominator_email,text,YES
campaign_nominations,10,is_public,boolean,YES
campaign_nominations,11,created_at,timestamp with time zone,NO
campaign_outreach,1,id,uuid,NO
campaign_outreach,2,name,text,NO
campaign_outreach,3,org,text,YES
campaign_outreach,4,location,text,YES
campaign_outreach,5,sector,text,YES
campaign_outreach,6,priority,text,YES
campaign_outreach,7,status,text,YES
campaign_outreach,8,next_action,text,YES
campaign_outreach,9,email,text,YES
campaign_outreach,10,phone,text,YES
campaign_outreach,11,linkedin_chat_id,text,YES
campaign_outreach,12,notes,text,YES
campaign_outreach,13,last_contact_at,timestamp with time zone,YES
campaign_outreach,14,created_at,timestamp with time zone,YES
campaign_outreach,15,updated_at,timestamp with time zone,YES
campaign_tracked_posts,1,id,uuid,NO
campaign_tracked_posts,2,post_url,text,NO
campaign_tracked_posts,3,campaign_slug,text,YES
campaign_tracked_posts,4,last_scraped_at,timestamp with time zone,YES
campaign_tracked_posts,5,total_comments,integer,YES
campaign_tracked_posts,6,is_active,boolean,YES
campaign_tracked_posts,7,created_at,timestamp with time zone,YES
canonical_entities,1,id,uuid,NO
canonical_entities,2,entity_type,text,NO
canonical_entities,3,canonical_name,text,NO
canonical_entities,4,canonical_email,text,YES
canonical_entities,5,canonical_phone,text,YES
canonical_entities,6,canonical_company,text,YES
canonical_entities,7,merged_from,ARRAY,YES
canonical_entities,8,merge_count,integer,YES
canonical_entities,9,last_merge_at,timestamp with time zone,YES
canonical_entities,10,confidence,numeric,YES
canonical_entities,11,data_completeness,numeric,YES
canonical_entities,12,verification_status,text,YES
canonical_entities,13,enrichment_data,jsonb,YES
canonical_entities,14,enriched_at,timestamp with time zone,YES
canonical_entities,15,cultural_affiliation,text,YES
canonical_entities,16,community_connections,ARRAY,YES
canonical_entities,17,relationship_strength,text,YES
canonical_entities,18,primary_project_codes,ARRAY,YES
canonical_entities,19,created_at,timestamp with time zone,YES
canonical_entities,20,updated_at,timestamp with time zone,YES
canonical_entities,21,tags,ARRAY,YES
canonical_entities,22,projects,ARRAY,YES
canonical_entities,23,engagement_status,text,YES
canonical_entities,24,enrichment_source,text,YES
canonical_organizations,1,id,uuid,YES
canonical_organizations,2,gs_entity_id,uuid,YES
canonical_organizations,3,abn,text,YES
canonical_organizations,4,name,text,YES
canonical_organizations,5,slug,text,YES
canonical_organizations,6,state,text,YES
canonical_organizations,7,city,text,YES
canonical_organizations,8,is_indigenous_org,boolean,YES
canonical_organizations,9,indigenous_org_basis,text,YES
canonical_organizations,10,indigenous_basis_strength,text,YES
canonical_organizations,11,is_established_indigenous,boolean,YES
canonical_organizations,12,lga_name,text,YES
canonical_organizations,13,lga_code,text,YES
canonical_organizations,14,sa2_code,text,YES
canonical_organizations,15,remoteness,text,YES
canonical_organizations,16,seifa_irsd_decile,smallint,YES
canonical_organizations,17,postcode,text,YES
canonical_organizations,18,register_says_community_controlled,boolean,YES
canonical_organizations,19,register_tier,text,YES
canonical_organizations,20,is_supply_nation_certified,boolean,YES
canonical_organizations,21,entity_type,text,YES
canonical_organizations,22,latest_revenue,numeric,YES
cashflow_scenarios,1,id,uuid,NO
cashflow_scenarios,2,name,text,NO
cashflow_scenarios,3,description,text,YES
cashflow_scenarios,4,adjustments,jsonb,NO
cashflow_scenarios,5,is_active,boolean,YES
cashflow_scenarios,6,created_by,text,YES
cashflow_scenarios,7,created_at,timestamp with time zone,YES
cashflow_scenarios,8,updated_at,timestamp with time zone,YES
ce_metrics,1,id,uuid,NO
ce_metrics,2,user_id,text,YES
ce_metrics,3,stories_analyzed,integer,YES
ce_metrics,4,brand_tests_active,integer,YES
ce_metrics,5,content_items,integer,YES
ce_metrics,6,brand_score,real,YES
ce_metrics,7,last_updated,timestamp with time zone,YES
ce_metrics,8,created_at,timestamp with time zone,YES
ce_users,1,id,uuid,NO
ce_users,2,email,text,NO
ce_users,3,username,text,NO
ce_users,4,name,text,NO
ce_users,5,user_role,text,NO
ce_users,6,permissions,ARRAY,YES
ce_users,7,password_hash,text,NO
ce_users,8,last_login,timestamp with time zone,YES
ce_users,9,created_at,timestamp with time zone,YES
ce_users,10,updated_at,timestamp with time zone,YES
ce_users,11,is_active,boolean,YES
charity_claims,1,id,uuid,NO
charity_claims,2,user_id,uuid,NO
charity_claims,3,abn,text,NO
charity_claims,4,status,text,NO
charity_claims,5,verification_method,text,YES
charity_claims,6,profile_description,text,YES
charity_claims,7,profile_story,text,YES
charity_claims,8,contact_email,text,YES
charity_claims,9,contact_name,text,YES
charity_claims,10,featured,boolean,YES
charity_claims,11,feature_narrative,text,YES
charity_claims,12,featured_at,timestamp with time zone,YES
charity_claims,13,admin_notes,text,YES
charity_claims,14,verified_at,timestamp with time zone,YES
charity_claims,15,rejected_at,timestamp with time zone,YES
charity_claims,16,created_at,timestamp with time zone,YES
charity_claims,17,updated_at,timestamp with time zone,YES
charity_claims,18,organisation_name,text,YES
charity_claims,19,message,text,YES
charity_impact_reports,1,id,integer,NO
charity_impact_reports,2,abn,text,NO
charity_impact_reports,3,charity_name,text,YES
charity_impact_reports,4,report_year,integer,YES
charity_impact_reports,5,source_url,text,YES
charity_impact_reports,6,source_type,text,YES
charity_impact_reports,7,total_beneficiaries,integer,YES
charity_impact_reports,8,youth_beneficiaries,integer,YES
charity_impact_reports,9,indigenous_beneficiaries,integer,YES
charity_impact_reports,10,programs_delivered,integer,YES
charity_impact_reports,11,reports_recidivism,boolean,YES
charity_impact_reports,12,recidivism_metric,text,YES
charity_impact_reports,13,reports_employment,boolean,YES
charity_impact_reports,14,employment_metric,text,YES
charity_impact_reports,15,reports_housing,boolean,YES
charity_impact_reports,16,housing_metric,text,YES
charity_impact_reports,17,reports_education,boolean,YES
charity_impact_reports,18,education_metric,text,YES
charity_impact_reports,19,reports_cultural_connection,boolean,YES
charity_impact_reports,20,cultural_metric,text,YES
charity_impact_reports,21,reports_mental_health,boolean,YES
charity_impact_reports,22,mental_health_metric,text,YES
charity_impact_reports,23,reports_family_reunification,boolean,YES
charity_impact_reports,24,family_metric,text,YES
charity_impact_reports,25,has_quantitative_outcomes,boolean,YES
charity_impact_reports,26,has_external_evaluation,boolean,YES
charity_impact_reports,27,has_closing_the_gap,boolean,YES
charity_impact_reports,28,evidence_quality,text,YES
charity_impact_reports,29,impact_summary,text,YES
charity_impact_reports,30,key_quotes,ARRAY,YES
charity_impact_reports,31,programs_mentioned,ARRAY,YES
charity_impact_reports,32,extraction_model,text,YES
charity_impact_reports,33,extraction_confidence,numeric,YES
charity_impact_reports,34,pdf_pages,integer,YES
charity_impact_reports,35,extracted_text_chars,integer,YES
charity_impact_reports,36,created_at,timestamp with time zone,YES
charity_impact_reports,37,top_funders_mentioned,ARRAY,YES
charity_impact_reports,38,total_revenue,numeric,YES
charity_impact_reports,39,revenue_from_government,numeric,YES
charity_impact_reports,40,donations_and_bequests,numeric,YES
charity_impact_reports,41,revenue_from_goods_services,numeric,YES
charity_impact_reports,42,revenue_from_investments,numeric,YES
charity_impact_reports,43,total_expenses,numeric,YES
charity_impact_reports,44,employee_expenses,numeric,YES
charity_impact_reports,45,grants_donations_paid,numeric,YES
charity_impact_reports,46,net_surplus_deficit,numeric,YES
charity_impact_reports,47,staff_full_time,integer,YES
charity_impact_reports,48,staff_part_time,integer,YES
charity_impact_reports,49,staff_casual,integer,YES
charity_impact_reports,50,staff_fte,numeric,YES
charity_impact_reports,51,staff_volunteers,integer,YES
charity_impact_reports,52,num_kmp,integer,YES
charity_impact_reports,53,total_paid_kmp,numeric,YES
children_commissioner_reports,1,id,uuid,NO
children_commissioner_reports,2,jurisdiction,text,NO
children_commissioner_reports,3,body_name,text,NO
children_commissioner_reports,4,report_year,text,NO
children_commissioner_reports,5,report_url,text,NO
children_commissioner_reports,6,report_title,text,YES
children_commissioner_reports,7,page_count,integer,YES
children_commissioner_reports,8,published_date,date,YES
children_commissioner_reports,9,raw_text,text,YES
children_commissioner_reports,10,key_findings,jsonb,YES
children_commissioner_reports,11,recommendations,jsonb,YES
children_commissioner_reports,12,yj_relevant,boolean,YES
children_commissioner_reports,13,raise_age_mentioned,boolean,YES
children_commissioner_reports,14,detention_mentioned,boolean,YES
children_commissioner_reports,15,indigenous_overrep_mentioned,boolean,YES
children_commissioner_reports,16,metadata,jsonb,YES
children_commissioner_reports,17,extracted_at,timestamp with time zone,YES
children_commissioner_reports,18,llm_model,text,YES
civic_alerts,1,id,uuid,NO
civic_alerts,2,alert_type,text,NO
civic_alerts,3,severity,text,YES
civic_alerts,4,title,text,NO
civic_alerts,5,summary,text,NO
civic_alerts,6,jurisdiction,text,YES
civic_alerts,7,source_table,text,YES
civic_alerts,8,source_id,uuid,YES
civic_alerts,9,source_url,text,YES
civic_alerts,10,linked_records,jsonb,YES
civic_alerts,11,delivered_via,ARRAY,YES
civic_alerts,12,delivered_at,timestamp with time zone,YES
civic_alerts,13,created_at,timestamp with time zone,YES
civic_alerts,14,expires_at,timestamp with time zone,YES
civic_alerts,15,sent_at,timestamp with time zone,YES
civic_charter_commitments,1,id,uuid,NO
civic_charter_commitments,2,minister_name,text,NO
civic_charter_commitments,3,portfolio,text,NO
civic_charter_commitments,4,department,text,YES
civic_charter_commitments,5,commitment_type,text,NO
civic_charter_commitments,6,commitment_text,text,NO
civic_charter_commitments,7,category,text,YES
civic_charter_commitments,8,youth_justice_relevant,boolean,YES
civic_charter_commitments,9,status,text,YES
civic_charter_commitments,10,status_evidence,text,YES
civic_charter_commitments,11,linked_statement_ids,ARRAY,YES
civic_charter_commitments,12,linked_funding_ids,ARRAY,YES
civic_charter_commitments,13,linked_intervention_ids,ARRAY,YES
civic_charter_commitments,14,charter_date,date,NO
civic_charter_commitments,15,premier_name,text,YES
civic_charter_commitments,16,source_document,text,YES
civic_charter_commitments,17,jurisdiction,text,YES
civic_charter_commitments,18,created_at,timestamp with time zone,YES
civic_charter_commitments,19,updated_at,timestamp with time zone,YES
civic_claim_evidence,1,id,uuid,NO
civic_claim_evidence,2,claim_id,text,NO
civic_claim_evidence,3,source_table,text,NO
civic_claim_evidence,4,source_record_ids,jsonb,YES
civic_claim_evidence,5,supports,boolean,YES
civic_claim_evidence,6,confidence,numeric,YES
civic_claim_evidence,7,methodology_note,text,YES
civic_claim_evidence,8,contributed_by,text,YES
civic_claim_evidence,9,contributed_at,timestamp with time zone,YES
civic_claim_evidence,10,reviewer_status,text,YES
civic_claim_evidence,11,reviewer_id,uuid,YES
civic_claim_evidence,12,reviewed_at,timestamp with time zone,YES
civic_claim_evidence,13,notes,text,YES
civic_consultancy_spending,1,id,uuid,NO
civic_consultancy_spending,2,department,text,NO
civic_consultancy_spending,3,consultant_name,text,NO
civic_consultancy_spending,4,consultant_abn,text,YES
civic_consultancy_spending,5,description,text,YES
civic_consultancy_spending,6,amount_dollars,numeric,YES
civic_consultancy_spending,7,financial_year,text,YES
civic_consultancy_spending,8,category,text,YES
civic_consultancy_spending,9,linked_entity_id,uuid,YES
civic_consultancy_spending,10,linked_contract_id,uuid,YES
civic_consultancy_spending,11,source_dataset_id,text,YES
civic_consultancy_spending,12,source_resource_id,text,YES
civic_consultancy_spending,13,source_url,text,YES
civic_consultancy_spending,14,jurisdiction,text,YES
civic_consultancy_spending,15,scraped_at,timestamp with time zone,YES
civic_consultancy_spending,16,created_at,timestamp with time zone,YES
civic_digests,1,id,uuid,NO
civic_digests,2,period_start,date,NO
civic_digests,3,period_end,date,NO
civic_digests,4,digest_type,text,NO
civic_digests,5,summary,text,NO
civic_digests,6,raw_data,jsonb,YES
civic_digests,7,commitment_snapshot,jsonb,YES
civic_digests,8,statement_count,integer,YES
civic_digests,9,hansard_count,integer,YES
civic_digests,10,alert_count,integer,YES
civic_digests,11,new_links,integer,YES
civic_digests,12,status_changes,jsonb,YES
civic_digests,13,jurisdiction,text,YES
civic_digests,14,sent_at,timestamp with time zone,YES
civic_digests,15,created_at,timestamp with time zone,YES
civic_funding_yj_classifications,1,id,uuid,NO
civic_funding_yj_classifications,2,funding_id,uuid,NO
civic_funding_yj_classifications,3,is_yj_relevant,boolean,YES
civic_funding_yj_classifications,4,yj_relevance_category,text,YES
civic_funding_yj_classifications,5,llm_proposed_yj,boolean,YES
civic_funding_yj_classifications,6,llm_proposed_category,text,YES
civic_funding_yj_classifications,7,llm_confidence,numeric,YES
civic_funding_yj_classifications,8,llm_evidence_snippet,text,YES
civic_funding_yj_classifications,9,llm_model,text,YES
civic_funding_yj_classifications,10,llm_proposed_at,timestamp with time zone,YES
civic_funding_yj_classifications,11,confirmed_at,timestamp with time zone,YES
civic_funding_yj_classifications,12,confirmed_by,uuid,YES
civic_funding_yj_classifications,13,override_reason,text,YES
civic_funding_yj_classifications,14,created_at,timestamp with time zone,NO
civic_funding_yj_classifications,15,updated_at,timestamp with time zone,NO
civic_hansard,1,id,uuid,NO
civic_hansard,2,sitting_date,date,NO
civic_hansard,3,session_name,text,YES
civic_hansard,4,speaker_name,text,YES
civic_hansard,5,speaker_party,text,YES
civic_hansard,6,speaker_electorate,text,YES
civic_hansard,7,speaker_role,text,YES
civic_hansard,8,speech_type,text,YES
civic_hansard,9,subject,text,YES
civic_hansard,10,body_text,text,NO
civic_hansard,11,mentioned_amounts,jsonb,YES
civic_hansard,12,mentioned_orgs,jsonb,YES
civic_hansard,13,mentioned_programs,jsonb,YES
civic_hansard,14,mentioned_locations,jsonb,YES
civic_hansard,15,linked_funding_ids,ARRAY,YES
civic_hansard,16,linked_intervention_ids,ARRAY,YES
civic_hansard,17,linked_statement_ids,ARRAY,YES
civic_hansard,18,source_url,text,YES
civic_hansard,19,source_format,text,YES
civic_hansard,20,page_number,integer,YES
civic_hansard,21,summary,text,YES
civic_hansard,22,topics,ARRAY,YES
civic_hansard,23,jurisdiction,text,YES
civic_hansard,24,scraped_at,timestamp with time zone,YES
civic_hansard,25,enriched_at,timestamp with time zone,YES
civic_hansard,26,created_at,timestamp with time zone,YES
civic_intelligence_chunks,1,id,uuid,NO
civic_intelligence_chunks,2,source_table,text,NO
civic_intelligence_chunks,3,source_id,uuid,NO
civic_intelligence_chunks,4,chunk_index,integer,NO
civic_intelligence_chunks,5,chunk_text,text,NO
civic_intelligence_chunks,6,embedding,USER-DEFINED,YES
civic_intelligence_chunks,7,metadata,jsonb,YES
civic_intelligence_chunks,8,created_at,timestamp with time zone,YES
civic_intelligence_claims,1,claim_id,text,NO
civic_intelligence_claims,2,display_label,text,NO
civic_intelligence_claims,3,value_numeric,numeric,YES
civic_intelligence_claims,4,value_text,text,YES
civic_intelligence_claims,5,unit,text,YES
civic_intelligence_claims,6,tier,smallint,NO
civic_intelligence_claims,7,region,text,NO
civic_intelligence_claims,8,chapter,text,NO
civic_intelligence_claims,9,methodology,text,NO
civic_intelligence_claims,10,methodology_url,text,YES
civic_intelligence_claims,11,source_record_ids,jsonb,NO
civic_intelligence_claims,12,source_doc_urls,jsonb,NO
civic_intelligence_claims,13,computed_at,timestamp with time zone,NO
civic_intelligence_claims,14,verified_by,uuid,YES
civic_intelligence_claims,15,verification_status,text,NO
civic_intelligence_claims,16,notes,text,YES
civic_intelligence_claims,17,source_year,text,YES
civic_meeting_tags,1,id,uuid,NO
civic_meeting_tags,2,diary_id,uuid,NO
civic_meeting_tags,3,sector_category,text,YES
civic_meeting_tags,4,is_yj_relevant,boolean,NO
civic_meeting_tags,5,llm_proposed_sector,text,YES
civic_meeting_tags,6,llm_confidence,numeric,YES
civic_meeting_tags,7,llm_evidence_snippet,text,YES
civic_meeting_tags,8,llm_model,text,YES
civic_meeting_tags,9,llm_proposed_at,timestamp with time zone,YES
civic_meeting_tags,10,confirmed_at,timestamp with time zone,YES
civic_meeting_tags,11,confirmed_by,uuid,YES
civic_meeting_tags,12,override_reason,text,YES
civic_meeting_tags,13,created_at,timestamp with time zone,NO
civic_meeting_tags,14,updated_at,timestamp with time zone,NO
civic_metric_snapshots,1,id,uuid,NO
civic_metric_snapshots,2,snapshot_date,date,NO
civic_metric_snapshots,3,metric_key,text,NO
civic_metric_snapshots,4,metric_value,numeric,NO
civic_metric_snapshots,5,metric_context,jsonb,YES
civic_metric_snapshots,6,created_at,timestamp with time zone,NO
civic_ministerial_diaries,1,id,uuid,NO
civic_ministerial_diaries,2,minister_name,text,NO
civic_ministerial_diaries,3,portfolio,text,YES
civic_ministerial_diaries,4,meeting_date,date,YES
civic_ministerial_diaries,5,quarter,text,YES
civic_ministerial_diaries,6,who_met,text,NO
civic_ministerial_diaries,7,organisation,text,YES
civic_ministerial_diaries,8,organisation_abn,text,YES
civic_ministerial_diaries,9,purpose,text,YES
civic_ministerial_diaries,10,meeting_type,text,YES
civic_ministerial_diaries,11,linked_entity_id,uuid,YES
civic_ministerial_diaries,12,linked_lobbyist_id,uuid,YES
civic_ministerial_diaries,13,source_url,text,YES
civic_ministerial_diaries,14,source_file,text,YES
civic_ministerial_diaries,15,jurisdiction,text,YES
civic_ministerial_diaries,16,scraped_at,timestamp with time zone,YES
civic_ministerial_diaries,17,created_at,timestamp with time zone,YES
civic_ministerial_statements,1,id,uuid,NO
civic_ministerial_statements,2,source_id,text,NO
civic_ministerial_statements,3,headline,text,NO
civic_ministerial_statements,4,minister_name,text,YES
civic_ministerial_statements,5,portfolio,text,YES
civic_ministerial_statements,6,published_at,timestamp with time zone,YES
civic_ministerial_statements,7,body_text,text,YES
civic_ministerial_statements,8,body_html,text,YES
civic_ministerial_statements,9,source_url,text,NO
civic_ministerial_statements,10,mentioned_amounts,jsonb,YES
civic_ministerial_statements,11,mentioned_orgs,jsonb,YES
civic_ministerial_statements,12,mentioned_programs,jsonb,YES
civic_ministerial_statements,13,mentioned_locations,jsonb,YES
civic_ministerial_statements,14,linked_funding_ids,ARRAY,YES
civic_ministerial_statements,15,linked_intervention_ids,ARRAY,YES
civic_ministerial_statements,16,linked_entity_ids,ARRAY,YES
civic_ministerial_statements,17,summary,text,YES
civic_ministerial_statements,18,topics,ARRAY,YES
civic_ministerial_statements,19,jurisdiction,text,YES
civic_ministerial_statements,20,scraped_at,timestamp with time zone,YES
civic_ministerial_statements,21,enriched_at,timestamp with time zone,YES
civic_ministerial_statements,22,created_at,timestamp with time zone,YES
civic_org_classifications,1,id,uuid,NO
civic_org_classifications,2,organization_id,uuid,NO
civic_org_classifications,3,tier,smallint,YES
civic_org_classifications,4,sector_category,text,YES
civic_org_classifications,5,llm_proposed_tier,smallint,YES
civic_org_classifications,6,llm_proposed_sector,text,YES
civic_org_classifications,7,llm_confidence,numeric,YES
civic_org_classifications,8,llm_evidence_snippet,text,YES
civic_org_classifications,9,llm_model,text,YES
civic_org_classifications,10,llm_proposed_at,timestamp with time zone,YES
civic_org_classifications,11,confirmed_at,timestamp with time zone,YES
civic_org_classifications,12,confirmed_by,uuid,YES
civic_org_classifications,13,override_reason,text,YES
civic_org_classifications,14,notes,text,YES
civic_org_classifications,15,created_at,timestamp with time zone,NO
civic_org_classifications,16,updated_at,timestamp with time zone,NO
civic_rti_disclosures,1,id,uuid,NO
civic_rti_disclosures,2,department,text,NO
civic_rti_disclosures,3,title,text,NO
civic_rti_disclosures,4,description,text,YES
civic_rti_disclosures,5,decision_date,date,YES
civic_rti_disclosures,6,document_url,text,YES
civic_rti_disclosures,7,document_type,text,YES
civic_rti_disclosures,8,applicant_type,text,YES
civic_rti_disclosures,9,mentioned_orgs,jsonb,YES
civic_rti_disclosures,10,mentioned_programs,jsonb,YES
civic_rti_disclosures,11,summary,text,YES
civic_rti_disclosures,12,topics,ARRAY,YES
civic_rti_disclosures,13,source_url,text,NO
civic_rti_disclosures,14,jurisdiction,text,YES
civic_rti_disclosures,15,scraped_at,timestamp with time zone,YES
civic_rti_disclosures,16,created_at,timestamp with time zone,YES
civicscope_act_entity_bridge,1,id,uuid,NO
civicscope_act_entity_bridge,2,act_source_table,text,NO
civicscope_act_entity_bridge,3,act_source_id,uuid,NO
civicscope_act_entity_bridge,4,act_match_value,text,NO
civicscope_act_entity_bridge,5,gs_entity_id,uuid,NO
civicscope_act_entity_bridge,6,gs_id,text,NO
civicscope_act_entity_bridge,7,gs_canonical_name,text,NO
civicscope_act_entity_bridge,8,match_method,text,NO
civicscope_act_entity_bridge,9,confidence,numeric,NO
civicscope_act_entity_bridge,10,matched_field,text,NO
civicscope_act_entity_bridge,11,created_at,timestamp with time zone,NO
civicscope_act_entity_bridge,12,updated_at,timestamp with time zone,NO
civicscope_act_entity_bridge,13,reviewed_at,timestamp with time zone,YES
civicscope_act_entity_bridge,14,reviewed_by,text,YES
civicscope_act_entity_bridge,15,is_active,boolean,NO
clearinghouse_documents,1,id,uuid,NO
clearinghouse_documents,2,title,text,NO
clearinghouse_documents,3,description,text,YES
clearinghouse_documents,4,content,text,YES
clearinghouse_documents,5,url,text,YES
clearinghouse_documents,6,format,text,YES
clearinghouse_documents,7,source_system,text,NO
clearinghouse_documents,8,source_record_id,text,YES
clearinghouse_documents,9,source_url,text,YES
clearinghouse_documents,10,submitted_by,text,YES
clearinghouse_documents,11,tags,ARRAY,YES
clearinghouse_documents,12,status,text,YES
clearinghouse_documents,13,summary,text,YES
clearinghouse_documents,14,created_at,timestamp with time zone,YES
clearinghouse_documents,15,updated_at,timestamp with time zone,YES
cms_pages,1,id,uuid,NO
cms_pages,2,slug,character varying,NO
cms_pages,3,title,character varying,NO
cms_pages,4,description,text,YES
cms_pages,5,page_type,character varying,YES
cms_pages,6,status,character varying,YES
cms_pages,7,content,jsonb,YES
cms_pages,8,seo_title,character varying,YES
cms_pages,9,seo_description,text,YES
cms_pages,10,seo_keywords,text,YES
cms_pages,11,meta_data,jsonb,YES
cms_pages,12,project_id,uuid,YES
cms_pages,13,created_at,timestamp with time zone,YES
cms_pages,14,updated_at,timestamp with time zone,YES
cms_pages,15,published_at,timestamp with time zone,YES
coe_key_people,1,id,uuid,NO
coe_key_people,2,profile_id,uuid,NO
coe_key_people,3,role_title,text,NO
coe_key_people,4,expertise_area,text,YES
coe_key_people,5,bio_override,text,YES
coe_key_people,6,display_order,integer,YES
coe_key_people,7,is_active,boolean,YES
coe_key_people,8,created_at,timestamp with time zone,YES
coe_key_people,9,role,text,NO
coe_key_people,10,role_description,text,YES
coe_key_people_v,1,id,uuid,YES
coe_key_people_v,2,profile_id,uuid,YES
coe_key_people_v,3,role,text,YES
coe_key_people_v,4,role_title,text,YES
coe_key_people_v,5,expertise_area,text,YES
coe_key_people_v,6,bio_override,text,YES
coe_key_people_v,7,display_order,integer,YES
coe_key_people_v,8,is_active,boolean,YES
coe_key_people_v,9,created_at,timestamp with time zone,YES
collection_media,1,collection_id,uuid,NO
collection_media,2,media_id,uuid,NO
collection_media,3,sort_order,integer,YES
collection_media,4,caption,text,YES
collection_media,5,featured_in_collection,boolean,YES
collection_media,6,created_at,timestamp with time zone,YES
collections_actions,1,id,uuid,NO
collections_actions,2,invoice_number,text,NO
collections_actions,3,contact_name,text,YES
collections_actions,4,amount_due,numeric,YES
collections_actions,5,days_overdue,integer,YES
collections_actions,6,escalation_level,text,NO
collections_actions,7,action_type,text,NO
collections_actions,8,detail,text,YES
collections_actions,9,created_at,timestamp with time zone,YES
communication_project_links,1,id,uuid,NO
communication_project_links,2,communication_id,uuid,NO
communication_project_links,3,project_code,text,NO
communication_project_links,4,confidence,numeric,NO
communication_project_links,5,reasoning,text,YES
communication_project_links,6,created_at,timestamp with time zone,YES
communication_user_actions,1,communication_id,uuid,NO
communication_user_actions,2,action,text,NO
communication_user_actions,3,created_at,timestamp with time zone,NO
communications_history,1,id,uuid,NO
communications_history,2,ghl_contact_id,text,YES
communications_history,3,channel,text,NO
communications_history,4,direction,text,NO
communications_history,5,from_identity,uuid,YES
communications_history,6,to_identities,ARRAY,YES
communications_history,7,subject,text,YES
communications_history,8,content_preview,text,YES
communications_history,9,full_content_ref,text,YES
communications_history,10,summary,text,YES
communications_history,11,sentiment,text,YES
communications_history,12,topics,ARRAY,YES
communications_history,13,action_items,jsonb,YES
communications_history,14,key_decisions,ARRAY,YES
communications_history,15,waiting_for_response,boolean,YES
communications_history,16,response_needed_by,text,YES
communications_history,17,follow_up_date,date,YES
communications_history,18,source_system,text,NO
communications_history,19,source_id,text,YES
communications_history,20,source_thread_id,text,YES
communications_history,21,parent_id,uuid,YES
communications_history,22,occurred_at,timestamp with time zone,NO
communications_history,23,synced_at,timestamp with time zone,YES
communications_history,24,enriched_at,timestamp with time zone,YES
communications_history,25,created_at,timestamp with time zone,YES
communications_history,26,updated_at,timestamp with time zone,YES
communications_history,27,contact_email,text,YES
communications_history,28,contact_name,text,YES
communications_history,29,is_reply,boolean,YES
communications_history,30,has_reply,boolean,YES
communications_history,31,requires_response,boolean,YES
communications_history,32,response_received_at,timestamp with time zone,YES
communications_history,33,project_code,text,YES
communications_history,34,metadata,jsonb,YES
communications_history,35,project_codes,ARRAY,YES
communications_history,36,ai_project_confidence,numeric,YES
communications_history,37,intelligence_version,integer,YES
communications_history,38,outreach_reason,text,YES
communications_history,39,outreach_campaign,text,YES
communications_history,40,dismissed_at,timestamp with time zone,YES
communications_history,41,dismissed_reason,text,YES
community_directory_orgs,1,id,uuid,NO
community_directory_orgs,2,name,text,NO
community_directory_orgs,3,description,text,YES
community_directory_orgs,4,service_type,text,YES
community_directory_orgs,5,website,text,YES
community_directory_orgs,6,phone,text,YES
community_directory_orgs,7,email,text,YES
community_directory_orgs,8,address,text,YES
community_directory_orgs,9,suburb,text,YES
community_directory_orgs,10,state,text,YES
community_directory_orgs,11,postcode,text,YES
community_directory_orgs,12,abn,text,YES
community_directory_orgs,13,gs_entity_id,uuid,YES
community_directory_orgs,14,source,text,NO
community_directory_orgs,15,source_url,text,YES
community_directory_orgs,16,raw,jsonb,YES
community_directory_orgs,17,first_seen,timestamp with time zone,NO
community_directory_orgs,18,last_seen,timestamp with time zone,NO
community_engagement_overview,1,week,timestamp with time zone,YES
community_engagement_overview,2,event_category,text,YES
community_engagement_overview,3,event_count,bigint,YES
community_engagement_overview,4,unique_users,bigint,YES
community_engagement_overview,5,avg_engagement_score,numeric,YES
community_engagement_overview,6,user_actions,bigint,YES
community_engagement_overview,7,milestones_reached,bigint,YES
community_events,1,id,uuid,NO
community_events,2,event_type,text,NO
community_events,3,event_category,text,NO
community_events,4,event_name,text,NO
community_events,5,user_id,uuid,YES
community_events,6,session_id,text,YES
community_events,7,user_agent,text,YES
community_events,8,ip_address,inet,YES
community_events,9,project_id,uuid,YES
community_events,10,story_id,uuid,YES
community_events,11,outcome_id,uuid,YES
community_events,12,community_id,uuid,YES
community_events,13,event_properties,jsonb,YES
community_events,14,event_metadata,jsonb,YES
community_events,15,geographic_data,jsonb,YES
community_events,16,device_data,jsonb,YES
community_events,17,referrer_data,jsonb,YES
community_events,18,conversion_funnel_stage,text,YES
community_events,19,engagement_score,numeric,YES
community_events,20,business_value,jsonb,YES
community_events,21,created_at,timestamp with time zone,YES
community_events,22,event_timestamp,timestamp with time zone,YES
community_events,23,session_start_time,timestamp with time zone,YES
community_events,24,time_on_page,integer,YES
community_events,25,data_retention_policy,text,YES
community_events,26,anonymized,boolean,YES
community_events,27,consent_level,text,YES
community_orgs,1,id,uuid,NO
community_orgs,2,acnc_abn,text,YES
community_orgs,3,name,text,NO
community_orgs,4,website,text,YES
community_orgs,5,description,text,YES
community_orgs,6,domain,ARRAY,YES
community_orgs,7,geographic_focus,ARRAY,YES
community_orgs,8,annual_revenue,numeric,YES
community_orgs,9,annual_funding_received,numeric,YES
community_orgs,10,funding_sources,jsonb,YES
community_orgs,11,programs,jsonb,YES
community_orgs,12,outcomes,jsonb,YES
community_orgs,13,admin_burden_hours,numeric,YES
community_orgs,14,admin_burden_cost,numeric,YES
community_orgs,15,profile_confidence,text,YES
community_orgs,16,enriched_at,timestamp with time zone,YES
community_orgs,17,created_at,timestamp with time zone,YES
community_orgs,18,updated_at,timestamp with time zone,YES
community_outcome_definitions,1,id,uuid,NO
community_outcome_definitions,2,name,text,NO
community_outcome_definitions,3,slug,text,YES
community_outcome_definitions,4,description,text,YES
community_outcome_definitions,5,category,text,YES
community_outcome_definitions,6,metric_kind,text,YES
community_outcome_definitions,7,measurement_unit,text,YES
community_outcome_definitions,8,community_priority_weight,numeric,NO
community_outcome_definitions,9,created_at,timestamp with time zone,NO
community_outcome_definitions,10,updated_at,timestamp with time zone,NO
community_outcome_definitions,11,outcome_domain,text,YES
community_outcome_definitions,12,unit,text,YES
community_outcome_definitions,13,baseline_method,text,YES
community_outcome_definitions,14,community_defined,boolean,NO
community_outcome_definitions,15,first_nations_data_sensitive,boolean,NO
community_outcome_definitions,16,is_active,boolean,NO
community_outcome_definitions,17,metadata,jsonb,NO
community_outcome_validations,1,id,uuid,NO
community_outcome_validations,2,update_id,uuid,YES
community_outcome_validations,3,validator_kind,text,YES
community_outcome_validations,4,validator_name,text,YES
community_outcome_validations,5,validation_status,text,NO
community_outcome_validations,6,validation_notes,text,YES
community_outcome_validations,7,trust_rating,numeric,YES
community_outcome_validations,8,impact_rating,numeric,YES
community_outcome_validations,9,validated_at,timestamp with time zone,YES
community_outcome_validations,10,validator_user_id,uuid,YES
community_outcome_validations,11,created_at,timestamp with time zone,NO
community_outcome_validations,12,updated_at,timestamp with time zone,NO
community_programs_profiles_v,1,id,uuid,YES
community_programs_profiles_v,2,community_program_id,uuid,YES
community_programs_profiles_v,3,program_id,uuid,YES
community_programs_profiles_v,4,profile_id,uuid,YES
community_programs_profiles_v,5,public_profile_id,uuid,YES
community_programs_profiles_v,6,role,text,YES
community_programs_profiles_v,7,role_description,text,YES
community_programs_profiles_v,8,display_order,integer,YES
community_programs_profiles_v,9,is_featured,boolean,YES
community_programs_profiles_v,10,created_at,timestamp with time zone,YES
community_reflections,1,id,uuid,NO
community_reflections,2,name,text,NO
community_reflections,3,location,text,YES
community_reflections,4,reflection,text,NO
community_reflections,5,city_nomination,text,YES
community_reflections,6,is_approved,boolean,YES
community_reflections,7,metadata,jsonb,YES
community_reflections,8,created_at,timestamp with time zone,YES
community_reflections,9,device_session_id,uuid,YES
community_submissions,1,id,uuid,NO
community_submissions,2,type,text,NO
community_submissions,3,name,text,NO
community_submissions,4,email,text,NO
community_submissions,5,phone,text,YES
community_submissions,6,payload,jsonb,NO
community_submissions,7,ghl_contact_id,text,YES
community_submissions,8,ghl_synced,boolean,NO
community_submissions,9,created_at,timestamp with time zone,NO
compliance_ack,1,id,uuid,NO
compliance_ack,2,obligation_id,text,NO
compliance_ack,3,acked_at,timestamp with time zone,NO
compliance_ack,4,acked_by,text,NO
compliance_ack,5,acked_via,text,YES
compliance_tracking,1,id,uuid,NO
compliance_tracking,2,compliance_type,text,NO
compliance_tracking,3,status,text,NO
compliance_tracking,4,due_date,date,YES
compliance_tracking,5,details,jsonb,YES
compliance_tracking,6,next_actions,ARRAY,YES
compliance_tracking,7,created_at,timestamp with time zone,YES
compliance_tracking,8,updated_at,timestamp with time zone,YES
consolidation_progress,1,tenant_id,text,YES
consolidation_progress,2,account_email,text,YES
consolidation_progress,3,consolidation_status,text,YES
consolidation_progress,4,subscription_count,bigint,YES
consolidation_progress,5,annual_value,numeric,YES
contact_cadence_metrics,1,contact_id,text,NO
contact_cadence_metrics,2,last_interaction,timestamp with time zone,YES
contact_cadence_metrics,3,days_since_last,integer,YES
contact_cadence_metrics,4,touchpoints_last_7,integer,YES
contact_cadence_metrics,5,touchpoints_last_30,integer,YES
contact_cadence_metrics,6,touchpoints_last_90,integer,YES
contact_cadence_metrics,7,total_touchpoints,integer,YES
contact_cadence_metrics,8,active_sources,ARRAY,YES
contact_cadence_metrics,9,updated_at,timestamp with time zone,YES
contact_enrichments,1,id,uuid,NO
contact_enrichments,2,contact_id,uuid,NO
contact_enrichments,3,enrichment,jsonb,YES
contact_enrichments,4,mode,text,YES
contact_enrichments,5,email_suggestions,ARRAY,YES
contact_enrichments,6,collaboration_potential,integer,YES
contact_enrichments,7,reasoning,text,YES
contact_enrichments,8,project_alignment,ARRAY,YES
contact_enrichments,9,outreach_strategy,jsonb,YES
contact_enrichments,10,risk_factors,ARRAY,YES
contact_enrichments,11,value_proposition,text,YES
contact_enrichments,12,created_at,timestamp with time zone,YES
contact_entity_links,1,id,uuid,NO
contact_entity_links,2,contact_id,uuid,NO
contact_entity_links,3,entity_id,uuid,NO
contact_entity_links,4,confidence_score,numeric,NO
contact_entity_links,5,link_method,text,NO
contact_entity_links,6,link_evidence,jsonb,YES
contact_entity_links,7,verified,boolean,NO
contact_entity_links,8,verified_at,timestamp with time zone,YES
contact_entity_links,9,verified_by,uuid,YES
contact_entity_links,10,created_at,timestamp with time zone,NO
contact_entity_links,11,updated_at,timestamp with time zone,NO
contact_intelligence,1,id,uuid,NO
contact_intelligence,2,contact_id,uuid,NO
contact_intelligence,3,intelligence,jsonb,YES
contact_intelligence,4,collaboration_score,integer,YES
contact_intelligence,5,response_rate,integer,YES
contact_intelligence,6,influence_score,integer,YES
contact_intelligence,7,last_interaction,timestamp with time zone,YES
contact_intelligence,8,interaction_count,integer,YES
contact_intelligence,9,project_matches,integer,YES
contact_intelligence,10,created_at,timestamp with time zone,YES
contact_intelligence,11,updated_at,timestamp with time zone,YES
contact_intelligence_insights,1,id,uuid,NO
contact_intelligence_insights,2,contact_id,text,NO
contact_intelligence_insights,3,source,text,NO
contact_intelligence_insights,4,headline,text,YES
contact_intelligence_insights,5,current_company,text,YES
contact_intelligence_insights,6,current_role,text,YES
contact_intelligence_insights,7,last_post_title,text,YES
contact_intelligence_insights,8,last_post_url,text,YES
contact_intelligence_insights,9,last_post_published_at,timestamp with time zone,YES
contact_intelligence_insights,10,highlights,jsonb,YES
contact_intelligence_insights,11,enriched_at,timestamp with time zone,NO
contact_intelligence_insights,12,created_at,timestamp with time zone,NO
contact_intelligence_insights,13,updated_at,timestamp with time zone,NO
contact_intelligence_scores,1,id,uuid,NO
contact_intelligence_scores,2,person_id,uuid,NO
contact_intelligence_scores,3,influence_score,integer,YES
contact_intelligence_scores,4,accessibility_score,integer,YES
contact_intelligence_scores,5,alignment_score,integer,YES
contact_intelligence_scores,6,timing_score,integer,YES
contact_intelligence_scores,7,strategic_value_score,integer,YES
contact_intelligence_scores,8,composite_score,integer,YES
contact_intelligence_scores,9,engagement_readiness,integer,YES
contact_intelligence_scores,10,response_likelihood,integer,YES
contact_intelligence_scores,11,last_calculated,timestamp with time zone,YES
contact_intelligence_scores,12,calculation_method,text,YES
contact_intelligence_scores,13,confidence_level,numeric,YES
contact_project_links,1,id,uuid,NO
contact_project_links,2,entity_id,uuid,YES
contact_project_links,3,project_code,text,NO
contact_project_links,4,source,text,YES
contact_project_links,5,confidence,numeric,YES
contact_project_links,6,created_at,timestamp with time zone,YES
contact_project_links,7,ghl_contact_id,text,YES
contact_submissions,1,id,uuid,NO
contact_submissions,2,name,text,NO
contact_submissions,3,email,text,NO
contact_submissions,4,phone,text,YES
contact_submissions,5,subject,text,YES
contact_submissions,6,category,text,NO
contact_submissions,7,message,text,NO
contact_submissions,8,organization,text,YES
contact_submissions,9,organization_id,uuid,YES
contact_submissions,10,status,text,NO
contact_submissions,11,created_at,timestamp with time zone,NO
contact_support_recommendations,1,contact_id,text,NO
contact_support_recommendations,2,recommendations,jsonb,YES
contact_support_recommendations,3,pinned_count,integer,YES
contact_support_recommendations,4,total_recommendations,integer,YES
contact_support_recommendations,5,last_generated,timestamp with time zone,YES
contact_support_recommendations,6,created_at,timestamp with time zone,YES
contact_support_recommendations,7,updated_at,timestamp with time zone,YES
contact_votes,1,id,uuid,NO
contact_votes,2,ghl_contact_id,text,NO
contact_votes,3,vote_type,text,NO
contact_votes,4,voted_at,timestamp with time zone,NO
contact_votes,5,activity_snapshot_at,timestamp with time zone,YES
contained_capture_log,1,id,uuid,NO
contained_capture_log,2,route,text,NO
contained_capture_log,3,email,text,NO
contained_capture_log,4,name,text,YES
contained_capture_log,5,role,text,YES
contained_capture_log,6,payload,jsonb,NO
contained_capture_log,7,ghl_contact_id,text,YES
contained_capture_log,8,ghl_synced,boolean,NO
contained_capture_log,9,receipt_sent,boolean,NO
contained_capture_log,10,created_at,timestamp with time zone,NO
content_link_suggestions,1,id,uuid,NO
content_link_suggestions,2,source_type,text,NO
content_link_suggestions,3,source_id,uuid,NO
content_link_suggestions,4,target_type,text,NO
content_link_suggestions,5,target_id,uuid,NO
content_link_suggestions,6,suggested_role,text,YES
content_link_suggestions,7,confidence,numeric,YES
content_link_suggestions,8,reasoning,text,NO
content_link_suggestions,9,evidence,jsonb,YES
content_link_suggestions,10,status,text,YES
content_link_suggestions,11,reviewed_by,uuid,YES
content_link_suggestions,12,reviewed_at,timestamp without time zone,YES
content_link_suggestions,13,auto_applied,boolean,YES
content_link_suggestions,14,applied_at,timestamp without time zone,YES
content_link_suggestions,15,created_at,timestamp without time zone,YES
content_link_suggestions,16,updated_at,timestamp without time zone,YES
content_placements,1,id,uuid,NO
content_placements,2,project_code,text,NO
content_placements,3,slot_key,text,NO
content_placements,4,media_item_id,uuid,YES
content_placements,5,placement_type,text,NO
content_placements,6,title,text,YES
content_placements,7,alt_text,text,YES
content_placements,8,tags,jsonb,YES
content_placements,9,priority,integer,NO
content_placements,10,active,boolean,NO
content_placements,11,placed_by,uuid,YES
content_placements,12,placed_at,timestamp with time zone,NO
content_placements,13,updated_at,timestamp with time zone,NO
coordinating_tasks,1,id,uuid,YES
coordinating_tasks,2,parent_agent,text,YES
coordinating_tasks,3,title,text,YES
coordinating_tasks,4,coordination_status,text,YES
coordinating_tasks,5,child_count,integer,YES
coordinating_tasks,6,completed_children,bigint,YES
coordinating_tasks,7,pending_children,bigint,YES
coordinating_tasks,8,created_at,timestamp with time zone,YES
coroners_findings,1,id,uuid,NO
coroners_findings,2,source_id,text,NO
coroners_findings,3,source_url,text,NO
coroners_findings,4,title,text,YES
coroners_findings,5,deceased_identifier,text,YES
coroners_findings,6,age_at_death,integer,YES
coroners_findings,7,date_of_death,date,YES
coroners_findings,8,finding_date,date,YES
coroners_findings,9,coroner_name,text,YES
coroners_findings,10,location,text,YES
coroners_findings,11,cause_of_death_summary,text,YES
coroners_findings,12,key_findings,text,YES
coroners_findings,13,recommendations_count,integer,YES
coroners_findings,14,is_youth_justice,boolean,YES
coroners_findings,15,is_in_custody,boolean,YES
coroners_findings,16,topics,ARRAY,YES
coroners_findings,17,body_text,text,YES
coroners_findings,18,scraped_at,timestamp with time zone,YES
coroners_findings,19,created_at,timestamp with time zone,YES
coroners_findings,20,jurisdiction,text,NO
crime_stats_lga,1,id,uuid,NO
crime_stats_lga,2,lga_name,text,NO
crime_stats_lga,3,state,text,NO
crime_stats_lga,4,offence_group,text,YES
crime_stats_lga,5,offence_type,text,NO
crime_stats_lga,6,year_period,text,NO
crime_stats_lga,7,incidents,integer,YES
crime_stats_lga,8,rate_per_100k,numeric,YES
crime_stats_lga,9,two_year_trend_pct,numeric,YES
crime_stats_lga,10,ten_year_trend_pct,numeric,YES
crime_stats_lga,11,lga_rank,integer,YES
crime_stats_lga,12,source,text,NO
crime_stats_lga,13,created_at,timestamp with time zone,YES
crm_contact_organization_affiliations,1,id,uuid,NO
crm_contact_organization_affiliations,2,ghl_contact_id,uuid,NO
crm_contact_organization_affiliations,3,organization_id,uuid,YES
crm_contact_organization_affiliations,4,gs_entity_id,uuid,YES
crm_contact_organization_affiliations,5,relationship_type,text,NO
crm_contact_organization_affiliations,6,role_title,text,YES
crm_contact_organization_affiliations,7,is_primary,boolean,NO
crm_contact_organization_affiliations,8,is_current,boolean,NO
crm_contact_organization_affiliations,9,confidence,numeric,NO
crm_contact_organization_affiliations,10,match_method,text,NO
crm_contact_organization_affiliations,11,review_status,text,NO
crm_contact_organization_affiliations,12,project_codes,ARRAY,NO
crm_contact_organization_affiliations,13,source_systems,ARRAY,NO
crm_contact_organization_affiliations,14,evidence,jsonb,NO
crm_contact_organization_affiliations,15,reviewed_at,timestamp with time zone,YES
crm_contact_organization_affiliations,16,reviewed_by,uuid,YES
crm_contact_organization_affiliations,17,created_at,timestamp with time zone,NO
crm_contact_organization_affiliations,18,updated_at,timestamp with time zone,NO
cross_system_stats,1,id,uuid,NO
cross_system_stats,2,domain,text,NO
cross_system_stats,3,metric,text,NO
cross_system_stats,4,value,numeric,YES
cross_system_stats,5,unit,text,YES
cross_system_stats,6,state,text,YES
cross_system_stats,7,indigenous_status,text,YES
cross_system_stats,8,age_group,text,YES
cross_system_stats,9,gender,text,YES
cross_system_stats,10,financial_year,text,YES
cross_system_stats,11,source_name,text,NO
cross_system_stats,12,source_url,text,YES
cross_system_stats,13,notes,text,YES
cross_system_stats,14,created_at,timestamp with time zone,YES
current_knowledge,1,knowledge_id,text,YES
current_knowledge,2,version,integer,YES
current_knowledge,3,content,text,YES
current_knowledge,4,content_type,text,YES
current_knowledge,5,tags,ARRAY,YES
current_knowledge,6,projects,ARRAY,YES
current_knowledge,7,active_from,timestamp with time zone,YES
current_knowledge,8,changed_by,uuid,YES
current_knowledge,9,reason_for_change,text,YES
daily_reflections,1,id,uuid,NO
daily_reflections,2,chat_id,bigint,NO
daily_reflections,3,reflection_date,date,NO
daily_reflections,4,voice_transcript,text,YES
daily_reflections,5,lcaa_listen,text,YES
daily_reflections,6,lcaa_curiosity,text,YES
daily_reflections,7,lcaa_action,text,YES
daily_reflections,8,lcaa_art,text,YES
daily_reflections,9,loop_to_tomorrow,text,YES
daily_reflections,10,gratitude,ARRAY,YES
daily_reflections,11,challenges,ARRAY,YES
daily_reflections,12,learnings,ARRAY,YES
daily_reflections,13,intentions,ARRAY,YES
daily_reflections,14,day_stats,jsonb,YES
daily_reflections,15,embedding,USER-DEFINED,YES
daily_reflections,16,created_at,timestamp with time zone,YES
daily_reflections,17,updated_at,timestamp with time zone,YES
data_agent_findings,1,id,uuid,NO
data_agent_findings,2,gap_question_id,uuid,YES
data_agent_findings,3,topic,text,NO
data_agent_findings,4,candidate_url,text,NO
data_agent_findings,5,candidate_title,text,YES
data_agent_findings,6,summary,text,YES
data_agent_findings,7,relevance_score,numeric,YES
data_agent_findings,8,rationale,text,YES
data_agent_findings,9,search_query,text,YES
data_agent_findings,10,raw_result,jsonb,YES
data_agent_findings,11,status,text,NO
data_agent_findings,12,reviewed_at,timestamp with time zone,YES
data_agent_findings,13,reviewer,text,YES
data_agent_findings,14,resulting_source_key,text,YES
data_agent_findings,15,created_at,timestamp with time zone,NO
data_catalog,1,id,uuid,NO
data_catalog,2,table_name,text,NO
data_catalog,3,domain,text,NO
data_catalog,4,owner_team,text,NO
data_catalog,5,description,text,YES
data_catalog,6,source_of_truth,boolean,NO
data_catalog,7,pii_level,text,NO
data_catalog,8,sla_hours,integer,NO
data_catalog,9,freshness_key,text,YES
data_catalog,10,provenance_field,text,YES
data_catalog,11,confidence_field,text,YES
data_catalog,12,active,boolean,NO
data_catalog,13,created_at,timestamp with time zone,NO
data_catalog,14,updated_at,timestamp with time zone,NO
data_catalog,15,public_export,boolean,NO
data_catalog,16,licence,text,YES
data_catalog,17,source_url,text,YES
data_catalog,18,source_owner,text,YES
data_catalog,19,collection_method,text,YES
data_catalog,20,update_cadence,text,YES
data_catalog,21,public_caveat,text,YES
data_catalog_snapshots,1,id,bigint,NO
data_catalog_snapshots,2,snapshot_at,timestamp with time zone,NO
data_catalog_snapshots,3,table_name,text,NO
data_catalog_snapshots,4,row_count,bigint,NO
data_catalog_snapshots,5,freshness_hours,numeric,YES
data_catalog_snapshots,6,provenance_coverage_pct,numeric,YES
data_catalog_snapshots,7,confidence_coverage_pct,numeric,YES
data_catalog_snapshots,8,notes,text,YES
data_catalogue,1,id,text,NO
data_catalogue,2,jurisdiction,text,YES
data_catalogue,3,title,text,NO
data_catalogue,4,description,text,YES
data_catalogue,5,publisher,text,YES
data_catalogue,6,licence,text,YES
data_catalogue,7,landing_page,text,YES
data_catalogue,8,formats,ARRAY,NO
data_catalogue,9,resource_count,integer,NO
data_catalogue,10,last_modified_at,timestamp with time zone,YES
data_catalogue,11,first_seen_at,timestamp with time zone,NO
data_catalogue,12,last_seen_at,timestamp with time zone,NO
data_catalogue,13,category,text,NO
data_catalogue,14,indigenous_breakdown,boolean,NO
data_catalogue,15,youth_focused,boolean,NO
data_catalogue,16,source_portal,text,NO
data_corrections,1,id,uuid,NO
data_corrections,2,target_type,text,NO
data_corrections,3,target_id,text,YES
data_corrections,4,claim_url,text,YES
data_corrections,5,submitter_name,text,NO
data_corrections,6,submitter_email,text,NO
data_corrections,7,submitter_org,text,YES
data_corrections,8,requested_change,text,NO
data_corrections,9,evidence_url,text,YES
data_corrections,10,evidence_text,text,YES
data_corrections,11,right_of_reply,boolean,NO
data_corrections,12,status,text,NO
data_corrections,13,admin_notes,text,YES
data_corrections,14,created_at,timestamp with time zone,NO
data_corrections,15,updated_at,timestamp with time zone,NO
data_corrections,16,resolved_at,timestamp with time zone,YES
data_gap_questions,1,id,uuid,NO
data_gap_questions,2,question,text,NO
data_gap_questions,3,topic,text,NO
data_gap_questions,4,status,text,NO
data_gap_questions,5,proposed_source_url,text,YES
data_gap_questions,6,outcome_note,text,YES
data_gap_questions,7,raised_at,timestamp with time zone,NO
data_gap_questions,8,resolved_at,timestamp with time zone,YES
data_gap_questions,9,owner,text,YES
data_gap_questions,10,priority,smallint,NO
data_sources,1,id,uuid,NO
data_sources,2,name,character varying,NO
data_sources,3,type,character varying,NO
data_sources,4,base_url,text,NO
data_sources,5,api_endpoint,text,YES
data_sources,6,scraping_config,jsonb,NO
data_sources,7,discovery_patterns,jsonb,YES
data_sources,8,update_frequency,character varying,YES
data_sources,9,reliability_score,numeric,YES
data_sources,10,last_successful_scrape,timestamp with time zone,YES
data_sources,11,last_error_message,text,YES
data_sources,12,active,boolean,YES
data_sources,13,rate_limit_ms,integer,YES
data_sources,14,max_concurrent_requests,integer,YES
data_sources,15,respect_robots_txt,boolean,YES
data_sources,16,created_at,timestamp with time zone,YES
data_sources,17,updated_at,timestamp with time zone,YES
data_sources_inventory,1,id,uuid,NO
data_sources_inventory,2,source_key,text,NO
data_sources_inventory,3,topic,text,NO
data_sources_inventory,4,display_name,text,NO
data_sources_inventory,5,description,text,YES
data_sources_inventory,6,url,text,YES
data_sources_inventory,7,ingest_method,text,YES
data_sources_inventory,8,refresh_cadence,text,YES
data_sources_inventory,9,last_refreshed_at,timestamp with time zone,YES
data_sources_inventory,10,row_count,integer,YES
data_sources_inventory,11,coverage_note,text,YES
data_sources_inventory,12,status,text,NO
data_sources_inventory,13,created_at,timestamp with time zone,NO
data_sources_inventory,14,updated_at,timestamp with time zone,NO
dedup_tranche1_20260809,1,oric_gs_id,text,YES
dedup_tranche1_20260809,2,oric_id,uuid,YES
dedup_tranche1_20260809,3,abn_gs_id,text,YES
dedup_tranche1_20260809,4,abn_id,uuid,YES
dedup_tranche1_20260809,5,canonical_name,text,YES
dedup_tranche1_20260809,6,o_state,text,YES
dedup_tranche1_20260809,7,a_state,text,YES
dedup_tranche1_20260809,8,o_lga,text,YES
dedup_tranche1_20260809,9,a_lga,text,YES
delegated_tasks,1,id,uuid,YES
delegated_tasks,2,for_agent,text,YES
delegated_tasks,3,from_agent,text,YES
delegated_tasks,4,action_name,text,YES
delegated_tasks,5,title,text,YES
delegated_tasks,6,params,jsonb,YES
delegated_tasks,7,context,jsonb,YES
delegated_tasks,8,parent_task,text,YES
delegated_tasks,9,created_at,timestamp with time zone,YES
device_sessions,1,id,uuid,NO
device_sessions,2,auth_user_id,uuid,NO
device_sessions,3,enrollment_code_id,uuid,YES
device_sessions,4,display_name,text,YES
device_sessions,5,phone,text,YES
device_sessions,6,location_lat,numeric,YES
device_sessions,7,location_lng,numeric,YES
device_sessions,8,location_text,text,YES
device_sessions,9,project_slug,text,NO
device_sessions,10,el_profile_id,text,YES
device_sessions,11,el_storyteller_id,text,YES
device_sessions,12,is_upgraded,boolean,NO
device_sessions,13,metadata,jsonb,NO
device_sessions,14,enrolled_at,timestamp with time zone,NO
device_sessions,15,last_active_at,timestamp with time zone,NO
dext_forwarded_emails,1,id,bigint,NO
dext_forwarded_emails,2,gmail_message_id,text,NO
dext_forwarded_emails,3,mailbox,text,NO
dext_forwarded_emails,4,vendor,text,YES
dext_forwarded_emails,5,subject,text,YES
dext_forwarded_emails,6,original_date,text,YES
dext_forwarded_emails,7,forwarded_at,timestamp with time zone,NO
dext_receipts,1,id,uuid,NO
dext_receipts,2,vendor_name,text,YES
dext_receipts,3,receipt_date,date,YES
dext_receipts,4,dext_id,text,YES
dext_receipts,5,file_type,text,YES
dext_receipts,6,filename,text,NO
dext_receipts,7,xero_transaction_id,text,YES
dext_receipts,8,match_confidence,integer,YES
dext_receipts,9,match_method,text,YES
dext_receipts,10,imported_at,timestamp with time zone,YES
dext_receipts,11,matched_at,timestamp with time zone,YES
dext_receipts,12,notes,text,YES
dext_supplier_setup_status,1,id,uuid,NO
dext_supplier_setup_status,2,vendor_name,text,NO
dext_supplier_setup_status,3,configured_in_dext,boolean,YES
dext_supplier_setup_status,4,configured_at,timestamp with time zone,YES
dext_supplier_setup_status,5,notes,text,YES
dext_supplier_setup_status,6,updated_at,timestamp with time zone,YES
digest_log,1,id,uuid,NO
digest_log,2,org_profile_id,uuid,NO
digest_log,3,sent_at,timestamp with time zone,NO
digest_log,4,subject,text,NO
digest_log,5,row_keys,ARRAY,NO
digest_log,6,counts,jsonb,NO
digest_log,7,channel,text,NO
digest_log,8,heartbeat,boolean,NO
discovered_subscriptions,1,id,uuid,NO
discovered_subscriptions,2,tenant_id,text,NO
discovered_subscriptions,3,vendor,text,NO
discovered_subscriptions,4,amount,numeric,YES
discovered_subscriptions,5,currency,text,YES
discovered_subscriptions,6,frequency,text,YES
discovered_subscriptions,7,status,text,YES
discovered_subscriptions,8,cancel_reason,text,YES
discovered_subscriptions,9,notes,text,YES
discovered_subscriptions,10,confidence,numeric,YES
discovered_subscriptions,11,signals,jsonb,YES
discovered_subscriptions,12,gmail_message_id,text,YES
discovered_subscriptions,13,xero_contact_id,text,YES
discovered_subscriptions,14,notion_page_id,text,YES
discovered_subscriptions,15,first_detected,timestamp with time zone,YES
discovered_subscriptions,16,last_scanned,timestamp with time zone,YES
discovered_subscriptions,17,created_at,timestamp with time zone,YES
discovered_subscriptions,18,updated_at,timestamp with time zone,YES
discovered_subscriptions,19,account_email,text,YES
discovered_subscriptions,20,annual_cost_cached,numeric,YES
discovered_subscriptions,21,metadata,jsonb,YES
discovered_subscriptions,22,migration_status,text,YES
discovered_subscriptions,23,migration_priority,integer,YES
discovered_subscriptions,24,vendor_contact_email,text,YES
discovered_subscriptions,25,vendor_contact_source,text,YES
discovered_subscriptions,26,contacted_at,timestamp with time zone,YES
discovered_subscriptions,27,confirmed_at,timestamp with time zone,YES
discovered_subscriptions,28,completed_at,timestamp with time zone,YES
discovered_subscriptions,29,migration_notes,text,YES
discoveries,1,id,uuid,NO
discoveries,2,agent_id,text,NO
discoveries,3,discovery_type,text,NO
discoveries,4,severity,text,NO
discoveries,5,title,text,NO
discoveries,6,description,text,YES
discoveries,7,entity_ids,ARRAY,YES
discoveries,8,person_names,ARRAY,YES
discoveries,9,metadata,jsonb,YES
discoveries,10,created_at,timestamp with time zone,YES
discoveries,11,reviewed_at,timestamp with time zone,YES
discoveries,12,dismissed,boolean,YES
discrimination_aggregations_v,1,sa3_code,text,YES
discrimination_aggregations_v,2,sa3_name,text,YES
discrimination_aggregations_v,3,sa3_state,text,YES
discrimination_aggregations_v,4,system_type,text,YES
discrimination_aggregations_v,5,report_count,bigint,YES
discrimination_reports,1,id,uuid,NO
discrimination_reports,2,sa3_code,text,YES
discrimination_reports,3,sa3_name,text,YES
discrimination_reports,4,state,text,YES
discrimination_reports,5,system_type,text,NO
discrimination_reports,6,description,text,YES
discrimination_reports,7,severity,text,YES
discrimination_reports,8,reported_at,timestamp with time zone,NO
discrimination_reports,9,created_at,timestamp with time zone,NO
discrimination_sa3_totals_v,1,sa3_code,text,YES
discrimination_sa3_totals_v,2,sa3_name,text,YES
discrimination_sa3_totals_v,3,sa3_state,text,YES
discrimination_sa3_totals_v,4,total_reports,bigint,YES
discrimination_sa3_totals_v,5,system_types_reported,bigint,YES
donor_entity_matches,1,id,uuid,NO
donor_entity_matches,2,donor_name,text,NO
donor_entity_matches,3,donor_name_normalized,text,NO
donor_entity_matches,4,matched_entity_type,text,NO
donor_entity_matches,5,matched_entity_name,text,YES
donor_entity_matches,6,matched_abn,text,YES
donor_entity_matches,7,match_method,text,NO
donor_entity_matches,8,match_confidence,numeric,YES
donor_entity_matches,9,total_donated,numeric,YES
donor_entity_matches,10,donation_count,integer,YES
donor_entity_matches,11,verified,boolean,YES
donor_entity_matches,12,created_at,timestamp with time zone,YES
dream_journal,1,id,uuid,NO
dream_journal,2,title,text,YES
dream_journal,3,content,text,NO
dream_journal,4,category,text,NO
dream_journal,5,tags,ARRAY,YES
dream_journal,6,media_url,text,YES
dream_journal,7,media_type,text,YES
dream_journal,8,media_file_id,text,YES
dream_journal,9,source,text,NO
dream_journal,10,author,text,YES
dream_journal,11,telegram_message_id,bigint,YES
dream_journal,12,telegram_chat_id,bigint,YES
dream_journal,13,ai_summary,text,YES
dream_journal,14,ai_themes,ARRAY,YES
dream_journal,15,ai_linked_projects,ARRAY,YES
dream_journal,16,ai_sentiment,text,YES
dream_journal,17,ai_connections,jsonb,YES
dream_journal,18,created_at,timestamp with time zone,NO
dream_journal,19,updated_at,timestamp with time zone,NO
dss_payment_demographics,1,id,uuid,NO
dss_payment_demographics,2,payment_type,text,NO
dss_payment_demographics,3,quarter,text,NO
dss_payment_demographics,4,geography_type,text,NO
dss_payment_demographics,5,geography_code,text,NO
dss_payment_demographics,6,geography_name,text,YES
dss_payment_demographics,7,state,text,YES
dss_payment_demographics,8,recipient_count,integer,YES
dss_payment_demographics,9,male_count,integer,YES
dss_payment_demographics,10,female_count,integer,YES
dss_payment_demographics,11,indigenous_count,integer,YES
dss_payment_demographics,12,age_under_25,integer,YES
dss_payment_demographics,13,age_25_44,integer,YES
dss_payment_demographics,14,age_45_64,integer,YES
dss_payment_demographics,15,age_65_plus,integer,YES
dss_payment_demographics,16,created_at,timestamp with time zone,YES
ecosystem_projects,1,id,uuid,NO
ecosystem_projects,2,slug,text,NO
ecosystem_projects,3,name,text,NO
ecosystem_projects,4,tier,integer,NO
ecosystem_projects,5,url,text,NO
ecosystem_projects,6,description,text,YES
ecosystem_projects,7,purpose,text,YES
ecosystem_projects,8,tech_stack,ARRAY,YES
ecosystem_projects,9,git_repo,text,YES
ecosystem_projects,10,key_contacts,ARRAY,YES
ecosystem_projects,11,data_sources,ARRAY,YES
ecosystem_projects,12,health_status,text,YES
ecosystem_projects,13,last_health_check,timestamp with time zone,YES
ecosystem_projects,14,metadata,jsonb,YES
ecosystem_projects,15,created_at,timestamp with time zone,NO
ecosystem_projects,16,updated_at,timestamp with time zone,NO
ecosystem_sites,1,id,uuid,NO
ecosystem_sites,2,name,text,NO
ecosystem_sites,3,slug,text,NO
ecosystem_sites,4,url,text,NO
ecosystem_sites,5,description,text,YES
ecosystem_sites,6,category,text,YES
ecosystem_sites,7,status,text,YES
ecosystem_sites,8,last_check_at,timestamp with time zone,YES
ecosystem_sites,9,response_time_ms,integer,YES
ecosystem_sites,10,icon_url,text,YES
ecosystem_sites,11,display_order,integer,YES
ecosystem_sites,12,created_at,timestamp with time zone,YES
ecosystem_sites,13,updated_at,timestamp with time zone,YES
ecosystem_sites,14,vercel_project_id,text,YES
ecosystem_sites,15,vercel_project_name,text,YES
ecosystem_sites,16,github_repo,text,YES
ecosystem_sites,17,health_score,integer,YES
ecosystem_sites,18,health_trend,text,YES
ecosystem_sites,19,last_deployment_at,timestamp with time zone,YES
ecosystem_sites,20,ssl_expires_at,timestamp with time zone,YES
editable_content,1,id,integer,NO
editable_content,2,page,character varying,NO
editable_content,3,slot,character varying,NO
editable_content,4,content,text,NO
editable_content,5,contentType,character varying,NO
editable_content,6,editedBy,integer,YES
editable_content,7,createdAt,timestamp without time zone,NO
editable_content,8,updatedAt,timestamp without time zone,NO
el_storytellers,1,id,uuid,NO
el_storytellers,2,display_name,text,NO
el_storytellers,3,bio,text,YES
el_storytellers,4,avatar_url,text,YES
el_storytellers,5,cultural_background,ARRAY,YES
el_storytellers,6,location,text,YES
el_storytellers,7,role,text,YES
el_storytellers,8,is_elder,boolean,YES
el_storytellers,9,is_active,boolean,YES
el_storytellers,10,story_count,integer,YES
el_storytellers,11,el_created_at,timestamp with time zone,YES
el_storytellers,12,synced_at,timestamp with time zone,YES
el_storytellers,13,updated_at,timestamp with time zone,YES
el_transcripts,1,id,uuid,NO
el_transcripts,2,title,text,YES
el_transcripts,3,content,text,YES
el_transcripts,4,status,text,YES
el_transcripts,5,word_count,integer,YES
el_transcripts,6,project_id,uuid,YES
el_transcripts,7,has_video,boolean,YES
el_transcripts,8,video_url,text,YES
el_transcripts,9,video_platform,text,YES
el_transcripts,10,video_thumbnail,text,YES
el_transcripts,11,storyteller_id,uuid,YES
el_transcripts,12,storyteller_name,text,YES
el_transcripts,13,el_created_at,timestamp with time zone,YES
el_transcripts,14,el_updated_at,timestamp with time zone,YES
el_transcripts,15,synced_at,timestamp with time zone,YES
el_transcripts,16,location,text,YES
el_transcripts,17,themes,ARRAY,YES
el_transcripts,18,is_nq_relevant,boolean,YES
email_financial_documents,1,id,uuid,NO
email_financial_documents,2,tenant_id,text,NO
email_financial_documents,3,document_type,text,NO
email_financial_documents,4,vendor,text,NO
email_financial_documents,5,amount,numeric,YES
email_financial_documents,6,currency,text,YES
email_financial_documents,7,transaction_date,date,YES
email_financial_documents,8,gmail_message_id,text,NO
email_financial_documents,9,account_email,text,NO
email_financial_documents,10,subject,text,YES
email_financial_documents,11,from_email,text,YES
email_financial_documents,12,confidence,numeric,YES
email_financial_documents,13,extraction_method,text,YES
email_financial_documents,14,raw_extraction,jsonb,YES
email_financial_documents,15,xero_transaction_id,text,YES
email_financial_documents,16,xero_contact_id,text,YES
email_financial_documents,17,reconciliation_status,text,YES
email_financial_documents,18,reconciliation_confidence,numeric,YES
email_financial_documents,19,reconciliation_date,timestamp with time zone,YES
email_financial_documents,20,reconciliation_notes,text,YES
email_financial_documents,21,is_subscription,boolean,YES
email_financial_documents,22,subscription_frequency,text,YES
email_financial_documents,23,subscription_id,uuid,YES
email_financial_documents,24,created_at,timestamp with time zone,YES
email_financial_documents,25,updated_at,timestamp with time zone,YES
email_financial_documents,26,processed_by,text,YES
email_financial_documents,27,target_account_email,text,YES
email_financial_documents,28,consolidation_status,text,YES
email_financial_documents,29,vendor_contact_email,text,YES
email_financial_documents,30,consolidation_notes,text,YES
email_financial_documents,31,next_payment_date,date,YES
email_financial_documents,32,last_payment_date,date,YES
email_financial_documents,33,payment_day_of_month,integer,YES
email_financial_documents,34,payment_pattern_confidence,numeric,YES
email_financial_documents,35,category,text,YES
email_financial_documents,36,tags,jsonb,YES
email_financial_documents,37,data_quality_score,integer,YES
email_financial_documents,38,subscription_status,text,YES
email_financial_documents,39,cancellation_date,date,YES
email_financial_documents,40,cancellation_reason,text,YES
email_financial_documents,41,renewal_reminder_sent,boolean,YES
email_financial_documents,42,last_renewal_reminder_date,date,YES
email_financial_documents,43,usage_last_checked_date,date,YES
email_financial_documents,44,usage_status,text,YES
email_response_templates,1,id,uuid,NO
email_response_templates,2,name,text,NO
email_response_templates,3,category,text,NO
email_response_templates,4,subject_template,text,YES
email_response_templates,5,body_template,text,NO
email_response_templates,6,variables,jsonb,YES
email_response_templates,7,tone,text,YES
email_response_templates,8,use_count,integer,YES
email_response_templates,9,last_used_at,timestamp with time zone,YES
email_response_templates,10,created_at,timestamp with time zone,YES
email_response_templates,11,updated_at,timestamp with time zone,YES
enrichment_candidates,1,id,uuid,NO
enrichment_candidates,2,entity_id,uuid,YES
enrichment_candidates,3,source,text,NO
enrichment_candidates,4,source_query,jsonb,YES
enrichment_candidates,5,platform,text,YES
enrichment_candidates,6,raw_data,jsonb,NO
enrichment_candidates,7,extracted_fields,jsonb,YES
enrichment_candidates,8,confidence,numeric,YES
enrichment_candidates,9,status,text,YES
enrichment_candidates,10,reviewed_by,text,YES
enrichment_candidates,11,reviewed_at,timestamp with time zone,YES
enrichment_candidates,12,rejection_reason,text,YES
enrichment_candidates,13,provenance,jsonb,YES
enrichment_candidates,14,created_at,timestamp with time zone,YES
enrichment_ready_contacts,1,contact_id,uuid,YES
enrichment_ready_contacts,2,name,text,YES
enrichment_ready_contacts,3,email,text,YES
enrichment_ready_contacts,4,company,text,YES
enrichment_ready_contacts,5,phone,text,YES
enrichment_ready_contacts,6,tags,ARRAY,YES
enrichment_ready_contacts,7,projects,ARRAY,YES
enrichment_ready_contacts,8,engagement_status,text,YES
enrichment_ready_contacts,9,ghl_id,text,YES
enrichment_ready_contacts,10,linkedin_id,text,YES
enrichment_ready_contacts,11,linkedin_url,text,YES
enrichment_ready_contacts,12,linked_projects,ARRAY,YES
enrichment_ready_contacts,13,has_email,boolean,YES
enrichment_ready_contacts,14,has_linkedin,boolean,YES
enrichment_ready_contacts,15,has_ghl,boolean,YES
enrichment_ready_contacts,16,data_quality_score,integer,YES
enrichment_ready_contacts,17,enrichment_source,text,YES
enrichment_ready_contacts,18,enriched_at,timestamp with time zone,YES
enrichment_ready_contacts,19,created_at,timestamp with time zone,YES
enrichment_ready_contacts,20,updated_at,timestamp with time zone,YES
enrichment_reviews,1,id,uuid,NO
enrichment_reviews,2,project_slug,text,NO
enrichment_reviews,3,project_title,text,YES
enrichment_reviews,4,enrichment_type,text,NO
enrichment_reviews,5,ai_generated,jsonb,NO
enrichment_reviews,6,original_data,jsonb,YES
enrichment_reviews,7,confidence,numeric,YES
enrichment_reviews,8,reasoning,text,YES
enrichment_reviews,9,status,text,NO
enrichment_reviews,10,reviewed_by,uuid,YES
enrichment_reviews,11,reviewed_at,timestamp with time zone,YES
enrichment_reviews,12,reviewer_notes,text,YES
enrichment_reviews,13,created_at,timestamp with time zone,YES
enrichment_reviews,14,updated_at,timestamp with time zone,YES
enrollment_codes,1,id,uuid,NO
enrollment_codes,2,code,text,NO
enrollment_codes,3,project_slug,text,NO
enrollment_codes,4,event_name,text,YES
enrollment_codes,5,tour_stop_slug,text,YES
enrollment_codes,6,max_uses,integer,YES
enrollment_codes,7,current_uses,integer,NO
enrollment_codes,8,is_active,boolean,NO
enrollment_codes,9,expires_at,timestamp with time zone,YES
enrollment_codes,10,notes,text,YES
enrollment_codes,11,created_by,uuid,YES
enrollment_codes,12,created_at,timestamp with time zone,NO
enrollment_codes,13,updated_at,timestamp with time zone,NO
entity_identifiers,1,id,uuid,NO
entity_identifiers,2,entity_id,uuid,NO
entity_identifiers,3,identifier_type,text,NO
entity_identifiers,4,identifier_value,text,NO
entity_identifiers,5,normalized_value,text,YES
entity_identifiers,6,source,text,NO
entity_identifiers,7,source_record_id,text,YES
entity_identifiers,8,source_confidence,numeric,YES
entity_identifiers,9,is_primary,boolean,YES
entity_identifiers,10,is_verified,boolean,YES
entity_identifiers,11,verified_at,timestamp with time zone,YES
entity_identifiers,12,last_seen_at,timestamp with time zone,YES
entity_identifiers,13,created_at,timestamp with time zone,YES
entity_merge_log,1,id,uuid,NO
entity_merge_log,2,surviving_entity_id,uuid,NO
entity_merge_log,3,merged_entity_id,uuid,NO
entity_merge_log,4,merged_entity_snapshot,jsonb,NO
entity_merge_log,5,merge_reason,text,YES
entity_merge_log,6,match_confidence,numeric,YES
entity_merge_log,7,match_details,jsonb,YES
entity_merge_log,8,merged_by,text,YES
entity_merge_log,9,reviewed,boolean,YES
entity_merge_log,10,reviewed_by,text,YES
entity_merge_log,11,reviewed_at,timestamp with time zone,YES
entity_merge_log,12,can_unmerge,boolean,YES
entity_merge_log,13,unmerged,boolean,YES
entity_merge_log,14,unmerged_at,timestamp with time zone,YES
entity_merge_log,15,merged_at,timestamp with time zone,YES
entity_potential_matches,1,id,uuid,NO
entity_potential_matches,2,entity_a_id,uuid,NO
entity_potential_matches,3,entity_b_id,uuid,NO
entity_potential_matches,4,match_score,numeric,NO
entity_potential_matches,5,match_reasons,jsonb,NO
entity_potential_matches,6,status,text,YES
entity_potential_matches,7,reviewed_by,text,YES
entity_potential_matches,8,reviewed_at,timestamp with time zone,YES
entity_potential_matches,9,review_notes,text,YES
entity_potential_matches,10,detected_at,timestamp with time zone,YES
entity_watches,1,id,uuid,NO
entity_watches,2,user_id,uuid,NO
entity_watches,3,entity_id,uuid,NO
entity_watches,4,gs_id,text,NO
entity_watches,5,canonical_name,text,YES
entity_watches,6,watch_types,ARRAY,YES
entity_watches,7,notes,text,YES
entity_watches,8,last_checked_at,timestamp with time zone,YES
entity_watches,9,last_change_at,timestamp with time zone,YES
entity_watches,10,change_summary,jsonb,YES
entity_watches,11,created_at,timestamp with time zone,YES
entity_xref,1,entity_id,uuid,NO
entity_xref,2,gs_id,text,NO
entity_xref,3,canonical_name,text,YES
entity_xref,4,identifier_type,text,NO
entity_xref,5,identifier_value,text,NO
entity_xref,6,source,text,NO
event_feedback,1,id,integer,NO
event_feedback,2,event_id,integer,YES
event_feedback,3,rating,integer,YES
event_feedback,4,best_part,text,YES
event_feedback,5,would_return,text,YES
event_feedback,6,created_at,timestamp with time zone,YES
event_reactions,1,id,uuid,NO
event_reactions,2,event_id,uuid,YES
event_reactions,3,rule_name,text,NO
event_reactions,4,reaction_type,text,NO
event_reactions,5,priority,integer,YES
event_reactions,6,message,text,YES
event_reactions,7,actions,jsonb,YES
event_reactions,8,delivered,boolean,YES
event_reactions,9,delivered_at,timestamp with time zone,YES
event_reactions,10,created_at,timestamp with time zone,YES
event_registrations,1,id,uuid,NO
event_registrations,2,event_id,uuid,YES
event_registrations,3,email,text,NO
event_registrations,4,full_name,text,NO
event_registrations,5,organization,text,YES
event_registrations,6,ghl_contact_id,text,YES
event_registrations,7,registration_status,text,NO
event_registrations,8,metadata,jsonb,YES
event_registrations,9,created_at,timestamp with time zone,NO
event_registrations,10,updated_at,timestamp with time zone,NO
event_registrations,11,mentor_interest,boolean,NO
event_registrations,12,expertise,ARRAY,YES
event_registrations,13,availability,text,YES
events,1,id,uuid,NO
events,2,title,text,NO
events,3,slug,text,YES
events,4,description,text,YES
events,5,event_type,text,YES
events,6,start_date,timestamp with time zone,NO
events,7,end_date,timestamp with time zone,YES
events,8,location_name,text,YES
events,9,location_address,text,YES
events,10,location_state,text,YES
events,11,latitude,numeric,YES
events,12,longitude,numeric,YES
events,13,node_id,uuid,YES
events,14,registration_url,text,YES
events,15,ghl_event_id,text,YES
events,16,max_attendees,integer,YES
events,17,current_attendees,integer,YES
events,18,is_public,boolean,YES
events,19,is_featured,boolean,YES
events,20,image_url,text,YES
events,21,created_at,timestamp with time zone,YES
events,22,updated_at,timestamp with time zone,YES
events,23,video_url,text,YES
events,24,gallery_urls,ARRAY,YES
events,25,organization_id,uuid,YES
events,26,project_id,uuid,YES
exa_api_usage,1,id,uuid,NO
exa_api_usage,2,period_month,date,NO
exa_api_usage,3,total_requests,integer,NO
exa_api_usage,4,successful_requests,integer,NO
exa_api_usage,5,failed_requests,integer,NO
exa_api_usage,6,free_tier_limit,integer,NO
exa_api_usage,7,free_tier_remaining,integer,NO
exa_api_usage,8,free_tier_exceeded,boolean,YES
exa_api_usage,9,linkedin_requests,integer,YES
exa_api_usage,10,company_requests,integer,YES
exa_api_usage,11,media_requests,integer,YES
exa_api_usage,12,network_discovery_requests,integer,YES
exa_api_usage,13,estimated_cost_usd,numeric,YES
exa_api_usage,14,created_at,timestamp with time zone,NO
exa_api_usage,15,updated_at,timestamp with time zone,NO
exa_company_intelligence,1,id,uuid,NO
exa_company_intelligence,2,company_name,text,NO
exa_company_intelligence,3,industry,text,YES
exa_company_intelligence,4,company_size,text,YES
exa_company_intelligence,5,headquarters_location,text,YES
exa_company_intelligence,6,founded_year,integer,YES
exa_company_intelligence,7,description,text,YES
exa_company_intelligence,8,website,text,YES
exa_company_intelligence,9,leadership,jsonb,YES
exa_company_intelligence,10,recent_news,jsonb,YES
exa_company_intelligence,11,funding_info,jsonb,YES
exa_company_intelligence,12,twitter_handle,text,YES
exa_company_intelligence,13,linkedin_company_url,text,YES
exa_company_intelligence,14,exa_raw_data,jsonb,YES
exa_company_intelligence,15,enriched_at,timestamp with time zone,NO
exa_company_intelligence,16,confidence_score,numeric,YES
exa_company_intelligence,17,created_at,timestamp with time zone,NO
exa_company_intelligence,18,updated_at,timestamp with time zone,NO
exa_enrichment_queue,1,id,uuid,NO
exa_enrichment_queue,2,person_id,uuid,NO
exa_enrichment_queue,3,campaign_type,text,YES
exa_enrichment_queue,4,campaign_id,uuid,YES
exa_enrichment_queue,5,priority,integer,NO
exa_enrichment_queue,6,status,text,NO
exa_enrichment_queue,7,retry_count,integer,NO
exa_enrichment_queue,8,error_message,text,YES
exa_enrichment_queue,9,enrich_linkedin,boolean,YES
exa_enrichment_queue,10,enrich_company,boolean,YES
exa_enrichment_queue,11,enrich_media,boolean,YES
exa_enrichment_queue,12,enrich_network,boolean,YES
exa_enrichment_queue,13,queued_at,timestamp with time zone,NO
exa_enrichment_queue,14,started_at,timestamp with time zone,YES
exa_enrichment_queue,15,completed_at,timestamp with time zone,YES
exa_enrichment_queue,16,exa_requests_used,integer,YES
exa_enrichment_queue,17,estimated_cost_requests,integer,YES
exa_enrichment_queue,18,created_at,timestamp with time zone,NO
exa_enrichment_queue,19,updated_at,timestamp with time zone,NO
exa_linkedin_profiles,1,id,uuid,NO
exa_linkedin_profiles,2,person_id,uuid,NO
exa_linkedin_profiles,3,linkedin_url,text,YES
exa_linkedin_profiles,4,headline,text,YES
exa_linkedin_profiles,5,summary,text,YES
exa_linkedin_profiles,6,current_position,text,YES
exa_linkedin_profiles,7,current_company,text,YES
exa_linkedin_profiles,8,location,text,YES
exa_linkedin_profiles,9,experience,jsonb,YES
exa_linkedin_profiles,10,education,jsonb,YES
exa_linkedin_profiles,11,skills,ARRAY,YES
exa_linkedin_profiles,12,exa_raw_data,jsonb,YES
exa_linkedin_profiles,13,enriched_at,timestamp with time zone,NO
exa_linkedin_profiles,14,confidence_score,numeric,YES
exa_linkedin_profiles,15,source_url,text,YES
exa_linkedin_profiles,16,created_at,timestamp with time zone,NO
exa_linkedin_profiles,17,updated_at,timestamp with time zone,NO
exa_media_mentions,1,id,uuid,NO
exa_media_mentions,2,person_id,uuid,NO
exa_media_mentions,3,title,text,NO
exa_media_mentions,4,url,text,NO
exa_media_mentions,5,published_date,timestamp with time zone,YES
exa_media_mentions,6,source_domain,text,YES
exa_media_mentions,7,excerpt,text,YES
exa_media_mentions,8,full_text,text,YES
exa_media_mentions,9,mention_type,text,YES
exa_media_mentions,10,sentiment,text,YES
exa_media_mentions,11,relevance_score,numeric,YES
exa_media_mentions,12,topics,ARRAY,YES
exa_media_mentions,13,discovered_at,timestamp with time zone,NO
exa_media_mentions,14,created_at,timestamp with time zone,NO
exhibition_service_submissions,1,id,uuid,NO
exhibition_service_submissions,2,name,text,NO
exhibition_service_submissions,3,website_url,text,YES
exhibition_service_submissions,4,state,text,YES
exhibition_service_submissions,5,city,text,YES
exhibition_service_submissions,6,abn,text,YES
exhibition_service_submissions,7,description,text,NO
exhibition_service_submissions,8,proposed_sector,text,YES
exhibition_service_submissions,9,contact_email,text,YES
exhibition_service_submissions,10,submitter_name,text,YES
exhibition_service_submissions,11,acco_certified,boolean,YES
exhibition_service_submissions,12,cultural_authority,boolean,YES
exhibition_service_submissions,13,status,text,NO
exhibition_service_submissions,14,matched_organization_id,uuid,YES
exhibition_service_submissions,15,review_notes,text,YES
exhibition_service_submissions,16,reviewed_at,timestamp with time zone,YES
exhibition_service_submissions,17,reviewed_by,uuid,YES
exhibition_service_submissions,18,submitted_at,timestamp with time zone,NO
exhibition_service_submissions,19,submitted_from_ip,inet,YES
facility_partnerships,1,id,uuid,NO
facility_partnerships,2,facility_id,uuid,YES
facility_partnerships,3,partner_type,text,NO
facility_partnerships,4,organization_id,uuid,YES
facility_partnerships,5,program_id,uuid,YES
facility_partnerships,6,service_id,uuid,YES
facility_partnerships,7,partnership_type,text,NO
facility_partnerships,8,is_active,boolean,YES
facility_partnerships,9,start_date,date,YES
facility_partnerships,10,end_date,date,YES
facility_partnerships,11,participants_served,integer,YES
facility_partnerships,12,description,text,YES
facility_partnerships,13,created_at,timestamp with time zone,YES
facility_partnerships,14,updated_at,timestamp with time zone,YES
fellows,1,id,integer,NO
fellows,2,full_name,text,NO
fellows,3,role_title,text,YES
fellows,4,fellow_status,text,YES
fellows,5,areas_of_expertise,ARRAY,YES
fellows,6,created_at,timestamp without time zone,YES
fellows,7,additional_data,jsonb,YES
fellows,8,organization,text,YES
fellows,9,bio,text,YES
fellows,10,city,text,YES
fellows,11,state,text,YES
fellows,12,country,text,YES
fellows,13,linkedin_url,text,YES
fellows,14,website_url,text,YES
fellows,15,cohort_year,integer,YES
fellows,16,email,text,YES
fellows,17,fellowship_goals,jsonb,YES
fellows,18,impact_areas,ARRAY,YES
finance_ai_routing_suggestions,1,id,uuid,NO
finance_ai_routing_suggestions,2,source_table,text,NO
finance_ai_routing_suggestions,3,source_record_id,text,NO
finance_ai_routing_suggestions,4,vendor_name,text,YES
finance_ai_routing_suggestions,5,amount,numeric,YES
finance_ai_routing_suggestions,6,txn_date,date,YES
finance_ai_routing_suggestions,7,bank_account,text,YES
finance_ai_routing_suggestions,8,description,text,YES
finance_ai_routing_suggestions,9,suggested_project_code,text,NO
finance_ai_routing_suggestions,10,confidence,numeric,NO
finance_ai_routing_suggestions,11,reason,text,YES
finance_ai_routing_suggestions,12,risk_flags,ARRAY,YES
finance_ai_routing_suggestions,13,model,text,NO
finance_ai_routing_suggestions,14,prompt_version,text,NO
finance_ai_routing_suggestions,15,input_tokens,integer,YES
finance_ai_routing_suggestions,16,output_tokens,integer,YES
finance_ai_routing_suggestions,17,created_at,timestamp with time zone,NO
finance_ai_routing_suggestions,18,applied_at,timestamp with time zone,YES
finance_ai_routing_suggestions,19,applied_to_source,boolean,NO
finance_ai_routing_suggestions,20,rejected_at,timestamp with time zone,YES
finance_ai_routing_suggestions,21,rejected_reason,text,YES
finance_ai_routing_suggestions,22,superseded_at,timestamp with time zone,YES
finance_ai_routing_suggestions,23,applied_to_xero_at,timestamp with time zone,YES
finance_ai_routing_suggestions,24,applied_to_xero_error,text,YES
finance_receipt_bank_line_links,1,id,uuid,NO
finance_receipt_bank_line_links,2,bank_line_id,uuid,NO
finance_receipt_bank_line_links,3,receipt_document_id,uuid,NO
finance_receipt_bank_line_links,4,link_status,text,NO
finance_receipt_bank_line_links,5,match_method,text,NO
finance_receipt_bank_line_links,6,confidence,numeric,YES
finance_receipt_bank_line_links,7,rank,integer,YES
finance_receipt_bank_line_links,8,is_best_candidate,boolean,NO
finance_receipt_bank_line_links,9,vendor_score,numeric,YES
finance_receipt_bank_line_links,10,amount_score,numeric,YES
finance_receipt_bank_line_links,11,date_score,numeric,YES
finance_receipt_bank_line_links,12,amount_delta,numeric,YES
finance_receipt_bank_line_links,13,date_delta_days,integer,YES
finance_receipt_bank_line_links,14,review_owner,text,YES
finance_receipt_bank_line_links,15,review_note,text,YES
finance_receipt_bank_line_links,16,xero_action,text,NO
finance_receipt_bank_line_links,17,provenance,jsonb,NO
finance_receipt_bank_line_links,18,created_by,text,NO
finance_receipt_bank_line_links,19,created_at,timestamp with time zone,NO
finance_receipt_bank_line_links,20,updated_at,timestamp with time zone,NO
finance_receipt_documents,1,id,uuid,NO
finance_receipt_documents,2,source,text,NO
finance_receipt_documents,3,source_record_id,text,NO
finance_receipt_documents,4,source_table,text,YES
finance_receipt_documents,5,mailbox,text,YES
finance_receipt_documents,6,gmail_message_id,text,YES
finance_receipt_documents,7,gmail_thread_id,text,YES
finance_receipt_documents,8,from_email,text,YES
finance_receipt_documents,9,subject,text,YES
finance_receipt_documents,10,received_at,timestamp with time zone,YES
finance_receipt_documents,11,vendor_name,text,YES
finance_receipt_documents,12,document_number,text,YES
finance_receipt_documents,13,document_date,date,YES
finance_receipt_documents,14,amount_total,numeric,YES
finance_receipt_documents,15,tax_amount,numeric,YES
finance_receipt_documents,16,currency_code,text,YES
finance_receipt_documents,17,attachment_url,text,YES
finance_receipt_documents,18,attachment_storage_path,text,YES
finance_receipt_documents,19,attachment_filename,text,YES
finance_receipt_documents,20,attachment_content_type,text,YES
finance_receipt_documents,21,attachment_size_bytes,integer,YES
finance_receipt_documents,22,file_sha256,text,YES
finance_receipt_documents,23,xero_transaction_id,text,YES
finance_receipt_documents,24,xero_bank_transaction_id,text,YES
finance_receipt_documents,25,xero_invoice_id,text,YES
finance_receipt_documents,26,xero_file_id,text,YES
finance_receipt_documents,27,xero_attachment_id,text,YES
finance_receipt_documents,28,xero_tenant_id,text,YES
finance_receipt_documents,29,project_code,text,YES
finance_receipt_documents,30,entity_code,text,YES
finance_receipt_documents,31,ocr_text,text,YES
finance_receipt_documents,32,extracted_fields,jsonb,NO
finance_receipt_documents,33,provenance,jsonb,NO
finance_receipt_documents,34,status,text,NO
finance_receipt_documents,35,created_at,timestamp with time zone,NO
finance_receipt_documents,36,updated_at,timestamp with time zone,NO
finance_receipt_ingestion_runs,1,id,uuid,NO
finance_receipt_ingestion_runs,2,run_key,text,NO
finance_receipt_ingestion_runs,3,run_type,text,NO
finance_receipt_ingestion_runs,4,source_scope,ARRAY,NO
finance_receipt_ingestion_runs,5,quarter_scope,ARRAY,NO
finance_receipt_ingestion_runs,6,date_start,date,YES
finance_receipt_ingestion_runs,7,date_end,date,YES
finance_receipt_ingestion_runs,8,dry_run,boolean,NO
finance_receipt_ingestion_runs,9,status,text,NO
finance_receipt_ingestion_runs,10,rows_seen,integer,NO
finance_receipt_ingestion_runs,11,documents_upserted,integer,NO
finance_receipt_ingestion_runs,12,links_upserted,integer,NO
finance_receipt_ingestion_runs,13,summary,jsonb,NO
finance_receipt_ingestion_runs,14,error_message,text,YES
finance_receipt_ingestion_runs,15,started_at,timestamp with time zone,NO
finance_receipt_ingestion_runs,16,completed_at,timestamp with time zone,YES
financial_by_account,1,account_email,text,YES
financial_by_account,2,document_type,text,YES
financial_by_account,3,document_count,bigint,YES
financial_by_account,4,total_amount,numeric,YES
financial_by_account,5,avg_confidence,numeric,YES
financial_by_account,6,auto_matched_count,bigint,YES
financial_monthly_summary,1,month,timestamp with time zone,YES
financial_monthly_summary,2,account_email,text,YES
financial_monthly_summary,3,document_type,text,YES
financial_monthly_summary,4,transaction_count,bigint,YES
financial_monthly_summary,5,total_amount,numeric,YES
financial_monthly_summary,6,avg_confidence,numeric,YES
financial_overview_cache,1,id,uuid,NO
financial_overview_cache,2,fy,text,NO
financial_overview_cache,3,data,jsonb,NO
financial_overview_cache,4,computed_at,timestamp with time zone,YES
financial_overview_cache,5,computation_ms,integer,YES
financial_snapshots,1,id,uuid,NO
financial_snapshots,2,month,date,NO
financial_snapshots,3,income,numeric,YES
financial_snapshots,4,expenses,numeric,YES
financial_snapshots,5,net,numeric,YES
financial_snapshots,6,income_breakdown,jsonb,YES
financial_snapshots,7,expense_breakdown,jsonb,YES
financial_snapshots,8,opening_balance,numeric,YES
financial_snapshots,9,closing_balance,numeric,YES
financial_snapshots,10,source,text,YES
financial_snapshots,11,is_projection,boolean,YES
financial_snapshots,12,confidence,numeric,YES
financial_snapshots,13,notes,text,YES
financial_snapshots,14,created_at,timestamp with time zone,YES
financial_snapshots,15,updated_at,timestamp with time zone,YES
financial_summary,1,id,uuid,NO
financial_summary,2,reported_at,timestamp with time zone,NO
financial_summary,3,total_revenue,numeric,NO
financial_summary,4,community_share,numeric,NO
financial_summary,5,community_percentage,numeric,NO
financial_summary,6,operating_expenses,numeric,NO
financial_summary,7,net_available_for_communities,numeric,NO
financial_summary,8,income,numeric,NO
financial_summary,9,expenses,numeric,NO
financial_summary,10,net_income,numeric,NO
financial_summary,11,transaction_count,integer,NO
financial_summary,12,created_at,timestamp with time zone,NO
foundation_categories,1,category_slug,text,NO
foundation_categories,2,label,text,NO
foundation_categories,3,parent_slug,text,YES
foundation_categories,4,description,text,YES
foundation_categories,5,color_hex,text,NO
foundation_categories,6,sort_order,integer,NO
foundation_categories,7,created_at,timestamp with time zone,NO
foundation_categories,8,updated_at,timestamp with time zone,NO
foundation_category_assignments,1,foundation_id,uuid,NO
foundation_category_assignments,2,category_slug,text,NO
foundation_category_assignments,3,assignment_kind,text,NO
foundation_category_assignments,4,confidence,numeric,NO
foundation_category_assignments,5,evidence_text,text,YES
foundation_category_assignments,6,evidence_url,text,YES
foundation_category_assignments,7,assignment_source,text,NO
foundation_category_assignments,8,classifier_version,text,NO
foundation_category_assignments,9,created_at,timestamp with time zone,NO
foundation_category_assignments,10,updated_at,timestamp with time zone,NO
foundation_geo_focus,1,id,uuid,NO
foundation_geo_focus,2,foundation_id,uuid,NO
foundation_geo_focus,3,geo_type,text,NO
foundation_geo_focus,4,geo_code,text,YES
foundation_geo_focus,5,geo_name,text,NO
foundation_geo_focus,6,confidence,numeric,NO
foundation_geo_focus,7,evidence_text,text,YES
foundation_geo_focus,8,evidence_url,text,YES
foundation_geo_focus,9,assignment_source,text,NO
foundation_geo_focus,10,classifier_version,text,NO
foundation_geo_focus,11,created_at,timestamp with time zone,NO
foundation_geo_focus,12,updated_at,timestamp with time zone,NO
foundation_grantees,1,id,uuid,NO
foundation_grantees,2,foundation_id,uuid,NO
foundation_grantees,3,foundation_abn,text,YES
foundation_grantees,4,foundation_name,text,NO
foundation_grantees,5,grantee_name,text,NO
foundation_grantees,6,grantee_name_normalised,text,NO
foundation_grantees,7,grantee_entity_id,uuid,YES
foundation_grantees,8,grantee_abn,text,YES
foundation_grantees,9,grant_amount,numeric,YES
foundation_grantees,10,grant_year,integer,YES
foundation_grantees,11,program_name,text,YES
foundation_grantees,12,source_url,text,NO
foundation_grantees,13,source_document_url,text,NO
foundation_grantees,14,evidence_text,text,YES
foundation_grantees,15,link_method,text,YES
foundation_grantees,16,extraction_method,text,NO
foundation_grantees,17,confidence,text,YES
foundation_grantees,18,metadata,jsonb,NO
foundation_grantees,19,extracted_at,timestamp with time zone,NO
foundation_grantees,20,updated_at,timestamp with time zone,NO
foundation_grantees,21,yj_relevant,boolean,YES
foundation_grantees,22,yj_category,text,YES
foundation_grantees,23,yj_classified_at,timestamp with time zone,YES
foundation_grantees,24,yj_confidence,numeric,YES
foundation_grantees,25,yj_evidence_snippet,text,YES
foundation_notes,1,id,bigint,NO
foundation_notes,2,user_id,uuid,NO
foundation_notes,3,foundation_id,uuid,YES
foundation_notes,4,foundation_abn,text,YES
foundation_notes,5,note_type,text,YES
foundation_notes,6,title,text,YES
foundation_notes,7,content,text,NO
foundation_notes,8,contact_name,text,YES
foundation_notes,9,contact_role,text,YES
foundation_notes,10,contact_email,text,YES
foundation_notes,11,next_action,text,YES
foundation_notes,12,next_action_date,date,YES
foundation_notes,13,created_at,timestamp with time zone,YES
foundation_notes,14,updated_at,timestamp with time zone,YES
foundation_people,1,id,uuid,NO
foundation_people,2,foundation_id,uuid,NO
foundation_people,3,foundation_abn,text,YES
foundation_people,4,foundation_name,text,NO
foundation_people,5,person_name,text,NO
foundation_people,6,person_name_normalised,text,NO
foundation_people,7,role_title,text,YES
foundation_people,8,role_type,text,NO
foundation_people,9,person_entity_id,uuid,YES
foundation_people,10,source_url,text,NO
foundation_people,11,source_document_url,text,NO
foundation_people,12,evidence_text,text,YES
foundation_people,13,extraction_method,text,NO
foundation_people,14,confidence,text,YES
foundation_people,15,metadata,jsonb,NO
foundation_people,16,extracted_at,timestamp with time zone,NO
foundation_people,17,updated_at,timestamp with time zone,NO
foundation_power_profiles,1,foundation_id,uuid,NO
foundation_power_profiles,2,capital_holder_class,text,NO
foundation_power_profiles,3,capital_source_class,text,NO
foundation_power_profiles,4,reportable_in_power_map,boolean,NO
foundation_power_profiles,5,public_grant_surface,boolean,NO
foundation_power_profiles,6,openness_score,numeric,NO
foundation_power_profiles,7,approachability_score,numeric,NO
foundation_power_profiles,8,gatekeeping_score,numeric,NO
foundation_power_profiles,9,capital_power_score,numeric,NO
foundation_power_profiles,10,classification_confidence,text,NO
foundation_power_profiles,11,classifier_version,text,NO
foundation_power_profiles,12,reasons,ARRAY,NO
foundation_power_profiles,13,evidence,jsonb,NO
foundation_power_profiles,14,created_at,timestamp with time zone,NO
foundation_power_profiles,15,updated_at,timestamp with time zone,NO
foundation_program_years,1,id,uuid,NO
foundation_program_years,2,foundation_program_id,uuid,NO
foundation_program_years,3,foundation_id,uuid,NO
foundation_program_years,4,report_year,integer,YES
foundation_program_years,5,fiscal_year,text,YES
foundation_program_years,6,summary,text,YES
foundation_program_years,7,reported_amount,numeric,YES
foundation_program_years,8,partners,jsonb,NO
foundation_program_years,9,places,jsonb,NO
foundation_program_years,10,outcomes,jsonb,NO
foundation_program_years,11,source_report_url,text,YES
foundation_program_years,12,metadata,jsonb,NO
foundation_program_years,13,created_at,timestamp with time zone,NO
foundation_program_years,14,updated_at,timestamp with time zone,NO
foundation_programs,1,id,uuid,NO
foundation_programs,2,foundation_id,uuid,YES
foundation_programs,3,name,text,NO
foundation_programs,4,url,text,YES
foundation_programs,5,description,text,YES
foundation_programs,6,amount_min,numeric,YES
foundation_programs,7,amount_max,numeric,YES
foundation_programs,8,deadline,date,YES
foundation_programs,9,status,text,YES
foundation_programs,10,categories,ARRAY,YES
foundation_programs,11,eligibility,text,YES
foundation_programs,12,application_process,text,YES
foundation_programs,13,scraped_at,timestamp with time zone,YES
foundation_programs,14,created_at,timestamp with time zone,YES
foundation_programs,15,program_type,text,YES
foundation_programs,16,slug,text,YES
foundation_programs,17,metadata,jsonb,NO
foundation_programs,18,thematic_focus,ARRAY,NO
foundation_programs,19,place_focus,ARRAY,NO
foundation_programs,20,source_urls,ARRAY,NO
foundation_programs,21,application_mode,text,YES
foundation_relationship_signals,1,id,uuid,NO
foundation_relationship_signals,2,foundation_id,uuid,NO
foundation_relationship_signals,3,foundation_abn,text,YES
foundation_relationship_signals,4,foundation_name,text,NO
foundation_relationship_signals,5,signal_type,text,NO
foundation_relationship_signals,6,related_entity_id,uuid,YES
foundation_relationship_signals,7,related_abn,text,YES
foundation_relationship_signals,8,related_name,text,YES
foundation_relationship_signals,9,person_name,text,YES
foundation_relationship_signals,10,foundation_person_id,uuid,YES
foundation_relationship_signals,11,foundation_grantee_id,uuid,YES
foundation_relationship_signals,12,source_url,text,NO
foundation_relationship_signals,13,evidence_text,text,YES
foundation_relationship_signals,14,strength,numeric,YES
foundation_relationship_signals,15,confidence,text,YES
foundation_relationship_signals,16,metadata,jsonb,NO
foundation_relationship_signals,17,created_at,timestamp with time zone,NO
foundation_relationship_signals,18,updated_at,timestamp with time zone,NO
foundations,1,id,uuid,NO
foundations,2,acnc_abn,text,YES
foundations,3,name,text,NO
foundations,4,type,text,YES
foundations,5,website,text,YES
foundations,6,description,text,YES
foundations,7,total_giving_annual,numeric,YES
foundations,8,giving_history,jsonb,YES
foundations,9,avg_grant_size,numeric,YES
foundations,10,grant_range_min,numeric,YES
foundations,11,grant_range_max,numeric,YES
foundations,12,thematic_focus,ARRAY,YES
foundations,13,geographic_focus,ARRAY,YES
foundations,14,target_recipients,ARRAY,YES
foundations,15,endowment_size,numeric,YES
foundations,16,investment_returns,numeric,YES
foundations,17,giving_ratio,numeric,YES
foundations,18,revenue_sources,ARRAY,YES
foundations,19,parent_company,text,YES
foundations,20,asx_code,text,YES
foundations,21,open_programs,jsonb,YES
foundations,22,acnc_data,jsonb,YES
foundations,23,last_scraped_at,timestamp with time zone,YES
foundations,24,profile_confidence,text,YES
foundations,25,created_at,timestamp with time zone,YES
foundations,26,updated_at,timestamp with time zone,YES
foundations,27,giving_philosophy,text,YES
foundations,28,wealth_source,text,YES
foundations,29,application_tips,text,YES
foundations,30,notable_grants,ARRAY,YES
foundations,31,board_members,ARRAY,YES
foundations,32,scraped_urls,ARRAY,YES
foundations,33,enrichment_source,text,YES
foundations,34,enriched_at,timestamp with time zone,YES
foundations,35,embedding,USER-DEFINED,YES
foundations,36,embedded_at,timestamp with time zone,YES
foundations,37,gs_entity_id,uuid,YES
foundations,38,has_dgr,boolean,YES
foundations,39,dgr_endorsed_at,timestamp with time zone,YES
foundations,40,abr_entity_type,text,YES
foundations,41,abr_status,text,YES
foundations,42,metadata,jsonb,YES
founder_intake_messages,1,id,uuid,NO
founder_intake_messages,2,intake_id,uuid,NO
founder_intake_messages,3,role,text,NO
founder_intake_messages,4,content,text,NO
founder_intake_messages,5,phase,text,YES
founder_intake_messages,6,metadata,jsonb,YES
founder_intake_messages,7,created_at,timestamp with time zone,YES
founder_intake_signals,1,id,uuid,NO
founder_intake_signals,2,issue_area,text,NO
founder_intake_signals,3,geographic_focus,jsonb,YES
founder_intake_signals,4,entity_type_recommended,text,YES
founder_intake_signals,5,intake_count,integer,YES
founder_intake_signals,6,month,text,NO
founder_intake_signals,7,metadata,jsonb,YES
founder_intake_signals,8,created_at,timestamp with time zone,YES
founder_intakes,1,id,uuid,NO
founder_intakes,2,user_id,uuid,YES
founder_intakes,3,org_profile_id,uuid,YES
founder_intakes,4,idea_summary,text,YES
founder_intakes,5,problem_statement,text,YES
founder_intakes,6,target_beneficiary,jsonb,YES
founder_intakes,7,issue_areas,ARRAY,YES
founder_intakes,8,geographic_focus,jsonb,YES
founder_intakes,9,founder_motivation,text,YES
founder_intakes,10,existing_orgs_shown,jsonb,YES
founder_intakes,11,differentiation,text,YES
founder_intakes,12,partnership_decision,text,YES
founder_intakes,13,recommended_entity_type,text,YES
founder_intakes,14,entity_type_rationale,text,YES
founder_intakes,15,entity_type_scores,jsonb,YES
founder_intakes,16,revenue_model,ARRAY,YES
founder_intakes,17,matched_alma_interventions,jsonb,YES
founder_intakes,18,evidence_gaps,ARRAY,YES
founder_intakes,19,matched_grants,jsonb,YES
founder_intakes,20,matched_foundations,jsonb,YES
founder_intakes,21,procurement_pathways,jsonb,YES
founder_intakes,22,action_plan,jsonb,YES
founder_intakes,23,project_brief_md,text,YES
founder_intakes,24,draft_email,text,YES
founder_intakes,25,phase,text,YES
founder_intakes,26,status,text,YES
founder_intakes,27,metadata,jsonb,YES
founder_intakes,28,created_at,timestamp with time zone,YES
founder_intakes,29,updated_at,timestamp with time zone,YES
funder_allowlist,1,id,uuid,NO
funder_allowlist,2,funder_name,text,NO
funder_allowlist,3,funder_aliases,ARRAY,YES
funder_allowlist,4,website,text,YES
funder_allowlist,5,programs_url,text,YES
funder_allowlist,6,type,text,NO
funder_allowlist,7,primary_themes,ARRAY,NO
funder_allowlist,8,jurisdictions,ARRAY,NO
funder_allowlist,9,min_typical_grant,integer,YES
funder_allowlist,10,max_typical_grant,integer,YES
funder_allowlist,11,requires_dgr,boolean,YES
funder_allowlist,12,application_channel,text,NO
funder_allowlist,13,notes,text,YES
funder_allowlist,14,active,boolean,NO
funder_allowlist,15,added_at,timestamp with time zone,NO
funder_allowlist,16,verified_at,timestamp with time zone,YES
funder_allowlist,17,updated_at,timestamp with time zone,NO
funder_blocklist,1,id,uuid,NO
funder_blocklist,2,funder_name,text,NO
funder_blocklist,3,funder_aliases,ARRAY,YES
funder_blocklist,4,reason,text,YES
funder_blocklist,5,blocked_at,timestamp with time zone,NO
funder_blocklist,6,blocked_by,text,YES
funder_blocklist,7,pass_count,integer,YES
funder_blocklist,8,watch_count,integer,YES
funder_blocklist,9,pursue_count,integer,YES
funder_blocklist,10,active,boolean,YES
funder_blocklist,11,updated_at,timestamp with time zone,YES
funder_board_paths,1,id,uuid,NO
funder_board_paths,2,foundation_id,uuid,NO
funder_board_paths,3,foundation_abn,text,YES
funder_board_paths,4,foundation_name,text,NO
funder_board_paths,5,person_name,text,NO
funder_board_paths,6,identity_key,text,NO
funder_board_paths,7,identity_confidence,text,NO
funder_board_paths,8,cluster_size,integer,YES
funder_board_paths,9,role_at_funder,text,YES
funder_board_paths,10,connected_entity_id,uuid,YES
funder_board_paths,11,connected_entity_name,text,YES
funder_board_paths,12,connected_entity_type,text,YES
funder_board_paths,13,connected_state,text,YES
funder_board_paths,14,connected_community_controlled,boolean,YES
funder_board_paths,15,role_at_connected,text,YES
funder_board_paths,16,path_grade,text,NO
funder_board_paths,17,collision_risk,text,NO
funder_board_paths,18,computed_at,timestamp with time zone,NO
funder_briefs,1,id,uuid,NO
funder_briefs,2,funder_slug,text,NO
funder_briefs,3,project_code,text,NO
funder_briefs,4,brief_title,text,YES
funder_briefs,5,status,text,YES
funder_briefs,6,asks_from_them,jsonb,YES
funder_briefs,7,ask_amount_aud,numeric,YES
funder_briefs,8,ask_outcome,text,YES
funder_briefs,9,ask_status,text,YES
funder_briefs,10,ask_submitted_at,date,YES
funder_briefs,11,ask_decision_due,date,YES
funder_briefs,12,alignment_status,text,YES
funder_briefs,13,alignment_notes,text,YES
funder_briefs,14,procurement_delivered_count,integer,YES
funder_briefs,15,procurement_unit,text,YES
funder_briefs,16,procurement_demand_count,integer,YES
funder_briefs,17,procurement_notes,text,YES
funder_briefs,18,strategy_their_priorities,ARRAY,YES
funder_briefs,19,strategy_our_claims,ARRAY,YES
funder_briefs,20,next_move,text,YES
funder_briefs,21,next_move_owner,text,YES
funder_briefs,22,next_move_due,date,YES
funder_briefs,23,notion_hq_url,text,YES
funder_briefs,24,related_files,ARRAY,YES
funder_briefs,25,last_feedback_date,date,YES
funder_briefs,26,last_feedback_summary,text,YES
funder_briefs,27,recorded_at,timestamp with time zone,YES
funder_briefs,28,updated_at,timestamp with time zone,YES
funder_context_snapshot,1,funder_name,text,NO
funder_context_snapshot,2,funder_aliases,ARRAY,NO
funder_context_snapshot,3,foundation_id,uuid,YES
funder_context_snapshot,4,abn,text,YES
funder_context_snapshot,5,annual_giving,numeric,YES
funder_context_snapshot,6,thematic_focus,ARRAY,YES
funder_context_snapshot,7,geographic_focus,ARRAY,YES
funder_context_snapshot,8,website,text,YES
funder_context_snapshot,9,contacts_count,integer,NO
funder_context_snapshot,10,contacts,jsonb,NO
funder_context_snapshot,11,most_recent_contact_at,timestamp with time zone,YES
funder_context_snapshot,12,grantee_count,integer,NO
funder_context_snapshot,13,recent_grantees,ARRAY,NO
funder_context_snapshot,14,xero_invoiced_total,numeric,NO
funder_context_snapshot,15,xero_paid_total,numeric,NO
funder_context_snapshot,16,xero_authorised_total,numeric,NO
funder_context_snapshot,17,xero_last_invoice_date,date,YES
funder_context_snapshot,18,xero_last_payment_date,date,YES
funder_context_snapshot,19,notion_org_id,text,YES
funder_context_snapshot,20,notion_org_name,text,YES
funder_context_snapshot,21,decisions,jsonb,NO
funder_context_snapshot,22,total_decisions,integer,NO
funder_context_snapshot,23,email_count,integer,NO
funder_context_snapshot,24,email_last_date,timestamp with time zone,YES
funder_context_snapshot,25,email_summary,text,YES
funder_context_snapshot,26,relationship_score,integer,NO
funder_context_snapshot,27,refreshed_at,timestamp with time zone,NO
funder_intelligence,1,id,uuid,NO
funder_intelligence,2,foundation_id,uuid,NO
funder_intelligence,3,foundation_abn,text,YES
funder_intelligence,4,foundation_name,text,NO
funder_intelligence,5,total_giving_annual,numeric,YES
funder_intelligence,6,giving_grade,text,NO
funder_intelligence,7,grantee_count,integer,NO
funder_intelligence,8,community_controlled_grantees,integer,NO
funder_intelligence,9,target_state_grantees,integer,NO
funder_intelligence,10,reach_grade,text,NO
funder_intelligence,11,thematic_focus,ARRAY,YES
funder_intelligence,12,geographic_focus,ARRAY,YES
funder_intelligence,13,theme_grade,text,NO
funder_intelligence,14,board_member_count,integer,NO
funder_intelligence,15,board_path_count,integer,NO
funder_intelligence,16,board_grade,text,NO
funder_intelligence,17,funder_type,text,YES
funder_intelligence,18,type_grade,text,NO
funder_intelligence,19,evidence_tier,smallint,NO
funder_intelligence,20,rank_score,numeric,NO
funder_intelligence,21,previous_rank_score,numeric,YES
funder_intelligence,22,computed_at,timestamp with time zone,NO
funder_intelligence,23,derived_thematics,ARRAY,YES
funder_intelligence,24,derived_theme_evidence,jsonb,NO
funder_intelligence,25,derived_theme_grade,text,NO
funder_nudge_log,1,id,uuid,NO
funder_nudge_log,2,funder_name,text,NO
funder_nudge_log,3,funder_name_lc,text,YES
funder_nudge_log,4,project_code,text,YES
funder_nudge_log,5,nudge_type,text,NO
funder_nudge_log,6,subject,text,YES
funder_nudge_log,7,body,text,YES
funder_nudge_log,8,outcome,text,YES
funder_nudge_log,9,nudged_by,text,YES
funder_nudge_log,10,nudged_at,timestamp with time zone,NO
funder_nudge_log,11,metadata,jsonb,YES
funder_portfolio_entities,1,id,uuid,NO
funder_portfolio_entities,2,portfolio_id,uuid,NO
funder_portfolio_entities,3,entity_id,uuid,NO
funder_portfolio_entities,4,gs_id,text,NO
funder_portfolio_entities,5,notes,text,YES
funder_portfolio_entities,6,added_at,timestamp with time zone,NO
funder_portfolios,1,id,uuid,NO
funder_portfolios,2,user_id,uuid,NO
funder_portfolios,3,name,text,NO
funder_portfolios,4,description,text,YES
funder_portfolios,5,created_at,timestamp with time zone,NO
funder_portfolios,6,updated_at,timestamp with time zone,NO
funder_profiles,1,id,uuid,NO
funder_profiles,2,user_id,uuid,YES
funder_profiles,3,email,text,NO
funder_profiles,4,funder_slug,text,NO
funder_profiles,5,funder_name,text,NO
funder_profiles,6,short_name,text,NO
funder_profiles,7,organization_id,uuid,YES
funder_profiles,8,source_tags,ARRAY,NO
funder_profiles,9,config,jsonb,NO
funder_profiles,10,role,text,NO
funder_profiles,11,invited_at,timestamp with time zone,YES
funder_profiles,12,last_login_at,timestamp with time zone,YES
funder_profiles,13,created_at,timestamp with time zone,YES
funder_profiles,14,updated_at,timestamp with time zone,YES
funding_agent_workflows,1,id,uuid,NO
funding_agent_workflows,2,workflow_type,text,NO
funding_agent_workflows,3,workflow_status,text,NO
funding_agent_workflows,4,scope_kind,text,NO
funding_agent_workflows,5,scope_id,uuid,YES
funding_agent_workflows,6,started_at,timestamp with time zone,NO
funding_agent_workflows,7,completed_at,timestamp with time zone,YES
funding_agent_workflows,8,records_scanned,integer,NO
funding_agent_workflows,9,records_changed,integer,NO
funding_agent_workflows,10,error_count,integer,NO
funding_agent_workflows,11,workflow_notes,text,YES
funding_agent_workflows,12,input_payload,jsonb,NO
funding_agent_workflows,13,output_payload,jsonb,NO
funding_agent_workflows,14,triggered_by_user_id,uuid,YES
funding_agent_workflows,15,created_at,timestamp with time zone,NO
funding_agent_workflows,16,updated_at,timestamp with time zone,NO
funding_application_draft_workspace,1,id,uuid,NO
funding_application_draft_workspace,2,organization_id,uuid,NO
funding_application_draft_workspace,3,opportunity_id,uuid,NO
funding_application_draft_workspace,4,application_id,uuid,YES
funding_application_draft_workspace,5,narrative_draft,text,YES
funding_application_draft_workspace,6,support_material,jsonb,NO
funding_application_draft_workspace,7,community_review_notes,jsonb,NO
funding_application_draft_workspace,8,budget_notes,text,YES
funding_application_draft_workspace,9,draft_status,text,NO
funding_application_draft_workspace,10,last_review_requested_at,timestamp with time zone,YES
funding_application_draft_workspace,11,last_review_completed_at,timestamp with time zone,YES
funding_application_draft_workspace,12,created_by,uuid,YES
funding_application_draft_workspace,13,updated_by,uuid,YES
funding_application_draft_workspace,14,created_at,timestamp with time zone,NO
funding_application_draft_workspace,15,updated_at,timestamp with time zone,NO
funding_awards,1,id,uuid,NO
funding_awards,2,funding_program_id,uuid,NO
funding_awards,3,opportunity_id,uuid,YES
funding_awards,4,application_id,uuid,YES
funding_awards,5,organization_id,uuid,NO
funding_awards,6,award_status,text,NO
funding_awards,7,award_type,text,NO
funding_awards,8,amount_awarded,numeric,NO
funding_awards,9,amount_disbursed,numeric,NO
funding_awards,10,currency,text,NO
funding_awards,11,awarded_at,timestamp with time zone,YES
funding_awards,12,contract_start_at,timestamp with time zone,YES
funding_awards,13,contract_end_at,timestamp with time zone,YES
funding_awards,14,reporting_cadence,text,YES
funding_awards,15,community_governance_required,boolean,NO
funding_awards,16,community_report_due_at,timestamp with time zone,YES
funding_awards,17,outcome_summary,text,YES
funding_awards,18,public_summary,text,YES
funding_awards,19,created_by_user_id,uuid,YES
funding_awards,20,metadata,jsonb,NO
funding_awards,21,created_at,timestamp with time zone,NO
funding_awards,22,updated_at,timestamp with time zone,NO
funding_discovery_review_workspace,1,id,uuid,NO
funding_discovery_review_workspace,2,organization_id,uuid,NO
funding_discovery_review_workspace,3,note,text,YES
funding_discovery_review_workspace,4,decision_tag,text,YES
funding_discovery_review_workspace,5,activity_log,jsonb,NO
funding_discovery_review_workspace,6,last_activity_at,timestamp with time zone,YES
funding_discovery_review_workspace,7,last_activity_type,text,YES
funding_discovery_review_workspace,8,last_reviewed_at,timestamp with time zone,YES
funding_discovery_review_workspace,9,created_by,uuid,YES
funding_discovery_review_workspace,10,updated_by,uuid,YES
funding_discovery_review_workspace,11,created_at,timestamp with time zone,NO
funding_discovery_review_workspace,12,updated_at,timestamp with time zone,NO
funding_ghl_callback_events,1,id,uuid,NO
funding_ghl_callback_events,2,external_event_id,text,NO
funding_ghl_callback_events,3,ghl_opportunity_id,text,NO
funding_ghl_callback_events,4,event_type,text,NO
funding_ghl_callback_events,5,stage_id,text,YES
funding_ghl_callback_events,6,stage_name,text,YES
funding_ghl_callback_events,7,status,text,YES
funding_ghl_callback_events,8,payload,jsonb,NO
funding_ghl_callback_events,9,processed,boolean,NO
funding_ghl_callback_events,10,processing_error,text,YES
funding_ghl_callback_events,11,received_at,timestamp with time zone,NO
funding_ghl_callback_events,12,processed_at,timestamp with time zone,YES
funding_ghl_handoffs,1,id,uuid,NO
funding_ghl_handoffs,2,org_profile_id,uuid,NO
funding_ghl_handoffs,3,org_project_id,uuid,NO
funding_ghl_handoffs,4,project_code,text,NO
funding_ghl_handoffs,5,opportunity_id,uuid,NO
funding_ghl_handoffs,6,decision_id,uuid,YES
funding_ghl_handoffs,7,ghl_opportunity_id,text,YES
funding_ghl_handoffs,8,ghl_pipeline_id,text,YES
funding_ghl_handoffs,9,ghl_stage_id,text,YES
funding_ghl_handoffs,10,ghl_stage_name,text,YES
funding_ghl_handoffs,11,amount_sought,numeric,NO
funding_ghl_handoffs,12,applicant_entity,text,NO
funding_ghl_handoffs,13,relationship_owner,text,NO
funding_ghl_handoffs,14,next_action,text,NO
funding_ghl_handoffs,15,next_action_due,date,NO
funding_ghl_handoffs,16,grantscope_decision_url,text,NO
funding_ghl_handoffs,17,notion_brief_url,text,YES
funding_ghl_handoffs,18,sync_status,text,NO
funding_ghl_handoffs,19,last_error,text,YES
funding_ghl_handoffs,20,callback_status,text,YES
funding_ghl_handoffs,21,callback_received_at,timestamp with time zone,YES
funding_ghl_handoffs,22,created_by,uuid,YES
funding_ghl_handoffs,23,created_at,timestamp with time zone,NO
funding_ghl_handoffs,24,updated_at,timestamp with time zone,NO
funding_ingest_sources,1,code,text,NO
funding_ingest_sources,2,label,text,NO
funding_ingest_sources,3,jurisdiction,text,YES
funding_ingest_sources,4,feed_kind,text,NO
funding_ingest_sources,5,cadence_days,integer,YES
funding_ingest_sources,6,ingest_method,text,NO
funding_ingest_sources,7,script_path,text,YES
funding_ingest_sources,8,automatable,boolean,NO
funding_ingest_sources,9,notes,text,YES
funding_ingest_sources,10,is_active,boolean,NO
funding_ingest_sources,11,created_at,timestamp with time zone,NO
funding_ingest_sources,12,updated_at,timestamp with time zone,NO
funding_match_recommendations,1,id,uuid,NO
funding_match_recommendations,2,opportunity_id,uuid,NO
funding_match_recommendations,3,organization_id,uuid,NO
funding_match_recommendations,4,capability_profile_id,uuid,YES
funding_match_recommendations,5,generated_by_workflow_id,uuid,YES
funding_match_recommendations,6,recommendation_status,text,NO
funding_match_recommendations,7,match_score,numeric,NO
funding_match_recommendations,8,readiness_score,numeric,NO
funding_match_recommendations,9,community_alignment_score,numeric,NO
funding_match_recommendations,10,outcome_alignment_score,numeric,NO
funding_match_recommendations,11,geographic_fit_score,numeric,NO
funding_match_recommendations,12,explainability,jsonb,NO
funding_match_recommendations,13,agent_notes,text,YES
funding_match_recommendations,14,last_evaluated_at,timestamp with time zone,NO
funding_match_recommendations,15,created_at,timestamp with time zone,NO
funding_match_recommendations,16,updated_at,timestamp with time zone,NO
funding_outcome_commitments,1,id,uuid,NO
funding_outcome_commitments,2,funding_award_id,uuid,NO
funding_outcome_commitments,3,organization_id,uuid,NO
funding_outcome_commitments,4,outcome_definition_id,uuid,NO
funding_outcome_commitments,5,commitment_status,text,NO
funding_outcome_commitments,6,baseline_value,numeric,YES
funding_outcome_commitments,7,target_value,numeric,YES
funding_outcome_commitments,8,current_value,numeric,YES
funding_outcome_commitments,9,target_date,date,YES
funding_outcome_commitments,10,measurement_notes,text,YES
funding_outcome_commitments,11,evidence_confidence_score,numeric,NO
funding_outcome_commitments,12,community_priority_weight,numeric,NO
funding_outcome_commitments,13,metadata,jsonb,NO
funding_outcome_commitments,14,created_at,timestamp with time zone,NO
funding_outcome_commitments,15,updated_at,timestamp with time zone,NO
funding_outcome_updates,1,id,uuid,NO
funding_outcome_updates,2,commitment_id,uuid,NO
funding_outcome_updates,3,update_type,text,NO
funding_outcome_updates,4,reported_value,numeric,YES
funding_outcome_updates,5,reported_at,timestamp with time zone,NO
funding_outcome_updates,6,reporting_period_start,date,YES
funding_outcome_updates,7,reporting_period_end,date,YES
funding_outcome_updates,8,reported_by_user_id,uuid,YES
funding_outcome_updates,9,narrative,text,YES
funding_outcome_updates,10,evidence_urls,ARRAY,NO
funding_outcome_updates,11,confidence_score,numeric,NO
funding_outcome_updates,12,created_at,timestamp with time zone,NO
funding_outcome_updates,13,updated_at,timestamp with time zone,NO
funding_programs,1,id,uuid,NO
funding_programs,2,funding_source_id,uuid,NO
funding_programs,3,linked_opportunity_id,uuid,YES
funding_programs,4,name,text,NO
funding_programs,5,slug,text,NO
funding_programs,6,program_kind,text,NO
funding_programs,7,status,text,NO
funding_programs,8,source_program_code,text,YES
funding_programs,9,description,text,YES
funding_programs,10,objective,text,YES
funding_programs,11,total_budget_amount,numeric,YES
funding_programs,12,committed_amount,numeric,NO
funding_programs,13,disbursed_amount,numeric,NO
funding_programs,14,budget_currency,text,NO
funding_programs,15,budget_start_date,date,YES
funding_programs,16,budget_end_date,date,YES
funding_programs,17,decision_window,text,YES
funding_programs,18,primary_jurisdictions,ARRAY,NO
funding_programs,19,target_populations,ARRAY,NO
funding_programs,20,focus_areas,ARRAY,NO
funding_programs,21,community_reporting_required,boolean,NO
funding_programs,22,public_transparency_required,boolean,NO
funding_programs,23,metadata,jsonb,NO
funding_programs,24,created_at,timestamp with time zone,NO
funding_programs,25,updated_at,timestamp with time zone,NO
funding_relationship_engagements,1,id,uuid,NO
funding_relationship_engagements,2,source_follow_up_task_id,uuid,YES
funding_relationship_engagements,3,parent_conversation_task_id,uuid,YES
funding_relationship_engagements,4,organization_id,uuid,NO
funding_relationship_engagements,5,recommendation_id,uuid,YES
funding_relationship_engagements,6,opportunity_id,uuid,YES
funding_relationship_engagements,7,engagement_kind,text,NO
funding_relationship_engagements,8,relationship_status,text,NO
funding_relationship_engagements,9,current_stage_label,text,YES
funding_relationship_engagements,10,next_action_label,text,YES
funding_relationship_engagements,11,next_action_due_at,timestamp with time zone,YES
funding_relationship_engagements,12,last_engaged_at,timestamp with time zone,YES
funding_relationship_engagements,13,notes,text,YES
funding_relationship_engagements,14,metadata,jsonb,NO
funding_relationship_engagements,15,created_by,uuid,YES
funding_relationship_engagements,16,updated_by,uuid,YES
funding_relationship_engagements,17,created_at,timestamp with time zone,NO
funding_relationship_engagements,18,updated_at,timestamp with time zone,NO
funding_sources,1,id,uuid,NO
funding_sources,2,name,text,NO
funding_sources,3,source_type,text,NO
funding_sources,4,source_subtype,text,YES
funding_sources,5,website_url,text,YES
funding_sources,6,canonical_url,text,YES
funding_sources,7,jurisdictions,ARRAY,YES
funding_sources,8,decision_cycle,text,YES
funding_sources,9,reporting_orientation,text,NO
funding_sources,10,discovery_priority,integer,NO
funding_sources,11,is_active,boolean,NO
funding_sources,12,metadata,jsonb,NO
funding_sources,13,created_at,timestamp with time zone,NO
funding_sources,14,updated_at,timestamp with time zone,NO
funding_weekly_cycles,1,id,uuid,NO
funding_weekly_cycles,2,org_profile_id,uuid,NO
funding_weekly_cycles,3,week_start,date,NO
funding_weekly_cycles,4,generated_at,timestamp with time zone,NO
funding_weekly_cycles,5,metrics,jsonb,NO
funding_weekly_cycles,6,queue_snapshot,jsonb,NO
funding_weekly_cycles,7,priority_actions,jsonb,NO
funding_weekly_cycles,8,digest_markdown,text,NO
funding_weekly_cycles,9,delivery_status,text,NO
funding_weekly_cycles,10,delivery_error,text,YES
funding_weekly_cycles,11,created_at,timestamp with time zone,NO
funding_weekly_cycles,12,updated_at,timestamp with time zone,NO
fundraising_pipeline,1,id,uuid,NO
fundraising_pipeline,2,name,text,NO
fundraising_pipeline,3,funder,text,YES
fundraising_pipeline,4,type,text,NO
fundraising_pipeline,5,amount,numeric,YES
fundraising_pipeline,6,status,text,YES
fundraising_pipeline,7,probability,numeric,YES
fundraising_pipeline,8,expected_date,date,YES
fundraising_pipeline,9,actual_date,date,YES
fundraising_pipeline,10,project_codes,ARRAY,YES
fundraising_pipeline,11,stream_id,uuid,YES
fundraising_pipeline,12,contact_id,uuid,YES
fundraising_pipeline,13,requirements,text,YES
fundraising_pipeline,14,deadline,date,YES
fundraising_pipeline,15,notes,text,YES
fundraising_pipeline,16,created_at,timestamp with time zone,YES
fundraising_pipeline,17,updated_at,timestamp with time zone,YES
geo_resolution_gaps,1,id,uuid,NO
geo_resolution_gaps,2,postcode,text,NO
geo_resolution_gaps,3,issue,text,NO
geo_resolution_gaps,4,affected_entities,integer,NO
geo_resolution_gaps,5,affected_community_controlled,integer,NO
geo_resolution_gaps,6,required_source,text,NO
geo_resolution_gaps,7,detected_at,timestamp with time zone,NO
geo_resolution_gaps,8,resolved_at,timestamp with time zone,YES
ghl_contacts,1,id,uuid,NO
ghl_contacts,2,ghl_id,text,NO
ghl_contacts,3,ghl_location_id,text,NO
ghl_contacts,4,first_name,text,YES
ghl_contacts,5,last_name,text,YES
ghl_contacts,6,full_name,text,YES
ghl_contacts,7,email,text,YES
ghl_contacts,8,phone,text,YES
ghl_contacts,9,company_name,text,YES
ghl_contacts,10,tags,ARRAY,YES
ghl_contacts,11,custom_fields,jsonb,YES
ghl_contacts,12,projects,ARRAY,YES
ghl_contacts,13,engagement_status,text,YES
ghl_contacts,14,first_contact_date,timestamp with time zone,YES
ghl_contacts,15,last_contact_date,timestamp with time zone,YES
ghl_contacts,16,ghl_created_at,timestamp with time zone,YES
ghl_contacts,17,ghl_updated_at,timestamp with time zone,YES
ghl_contacts,18,last_synced_at,timestamp with time zone,YES
ghl_contacts,19,sync_status,text,YES
ghl_contacts,20,sync_error,text,YES
ghl_contacts,21,created_at,timestamp with time zone,YES
ghl_contacts,22,updated_at,timestamp with time zone,YES
ghl_contacts,23,stories_count,integer,YES
ghl_contacts,24,published_stories,integer,YES
ghl_contacts,25,is_storyteller,boolean,YES
ghl_contacts,26,is_elder,boolean,YES
ghl_contacts,27,empathy_ledger_id,uuid,YES
ghl_contacts,28,el_last_synced_at,timestamp with time zone,YES
ghl_contacts,29,auto_created,boolean,YES
ghl_contacts,30,auto_created_from,text,YES
ghl_contacts,31,first_seen_subject,text,YES
ghl_contacts,32,enrichment_status,text,YES
ghl_contacts,33,source,text,YES
ghl_contacts,34,newsletter_consent,boolean,YES
ghl_contacts,35,newsletter_consent_at,timestamp with time zone,YES
ghl_contacts,36,newsletter_unsubscribed_at,timestamp with time zone,YES
ghl_contacts,37,website,text,YES
ghl_contacts,38,canonical_entity_id,uuid,YES
ghl_contacts,39,xero_contact_id,uuid,YES
ghl_contacts,40,xero_match_method,text,YES
ghl_contacts,41,xero_matched_at,timestamp with time zone,YES
ghl_contacts,42,canonical_contact_id,uuid,YES
ghl_contacts,43,audience_segments,ARRAY,NO
ghl_contacts,44,primary_audience,text,YES
ghl_opportunities,1,id,uuid,NO
ghl_opportunities,2,ghl_id,text,NO
ghl_opportunities,3,ghl_contact_id,text,YES
ghl_opportunities,4,ghl_pipeline_id,text,NO
ghl_opportunities,5,ghl_stage_id,text,NO
ghl_opportunities,6,name,text,NO
ghl_opportunities,7,pipeline_name,text,YES
ghl_opportunities,8,stage_name,text,YES
ghl_opportunities,9,status,text,YES
ghl_opportunities,10,monetary_value,numeric,YES
ghl_opportunities,11,custom_fields,jsonb,YES
ghl_opportunities,12,assigned_to,text,YES
ghl_opportunities,13,ghl_created_at,timestamp with time zone,YES
ghl_opportunities,14,ghl_updated_at,timestamp with time zone,YES
ghl_opportunities,15,last_synced_at,timestamp with time zone,YES
ghl_opportunities,16,created_at,timestamp with time zone,YES
ghl_opportunities,17,updated_at,timestamp with time zone,YES
ghl_opportunities,18,project_code,text,YES
ghl_opportunities,19,xero_invoice_id,text,YES
ghl_opportunities,20,received_date,timestamp with time zone,YES
ghl_opportunities,21,acquittal_due_date,timestamp with time zone,YES
ghl_opportunities,22,acquittal_status,text,YES
ghl_opportunities,23,pile,text,YES
ghl_opportunities,24,last_stage_change_at,timestamp with time zone,YES
ghl_opportunities,25,last_status_change_at,timestamp with time zone,YES
ghl_opportunities,26,sync_status,text,NO
ghl_pipelines,1,id,uuid,NO
ghl_pipelines,2,ghl_id,text,NO
ghl_pipelines,3,ghl_location_id,text,NO
ghl_pipelines,4,name,text,NO
ghl_pipelines,5,stages,jsonb,YES
ghl_pipelines,6,last_synced_at,timestamp with time zone,YES
ghl_pipelines,7,created_at,timestamp with time zone,YES
ghl_pipelines,8,updated_at,timestamp with time zone,YES
ghl_sync_log,1,id,uuid,NO
ghl_sync_log,2,operation,text,NO
ghl_sync_log,3,entity_type,text,NO
ghl_sync_log,4,entity_id,text,YES
ghl_sync_log,5,direction,text,NO
ghl_sync_log,6,status,text,NO
ghl_sync_log,7,error_message,text,YES
ghl_sync_log,8,records_processed,integer,YES
ghl_sync_log,9,records_created,integer,YES
ghl_sync_log,10,records_updated,integer,YES
ghl_sync_log,11,records_skipped,integer,YES
ghl_sync_log,12,records_failed,integer,YES
ghl_sync_log,13,started_at,timestamp with time zone,YES
ghl_sync_log,14,completed_at,timestamp with time zone,YES
ghl_sync_log,15,duration_ms,integer,YES
ghl_sync_log,16,triggered_by,text,YES
ghl_sync_log,17,metadata,jsonb,YES
ghl_tags,1,id,uuid,NO
ghl_tags,2,ghl_location_id,text,NO
ghl_tags,3,name,text,NO
ghl_tags,4,category,text,YES
ghl_tags,5,color,text,YES
ghl_tags,6,last_synced_at,timestamp with time zone,YES
ghl_tags,7,created_at,timestamp with time zone,YES
ghl_task_bridge,1,source_key,text,NO
ghl_task_bridge,2,org_profile_id,uuid,NO
ghl_task_bridge,3,ghl_task_id,text,NO
ghl_task_bridge,4,ghl_contact_id,text,NO
ghl_task_bridge,5,title,text,NO
ghl_task_bridge,6,due_date,date,YES
ghl_task_bridge,7,created_at,timestamp with time zone,NO
ghl_task_bridge,8,updated_at,timestamp with time zone,NO
gmail_auth_tokens,1,id,uuid,NO
gmail_auth_tokens,2,user_id,uuid,YES
gmail_auth_tokens,3,user_email,text,NO
gmail_auth_tokens,4,access_token,text,NO
gmail_auth_tokens,5,refresh_token,text,YES
gmail_auth_tokens,6,expiry_date,bigint,YES
gmail_auth_tokens,7,scope,text,YES
gmail_auth_tokens,8,created_at,timestamp with time zone,YES
gmail_auth_tokens,9,updated_at,timestamp with time zone,YES
gmail_contacts,1,id,uuid,NO
gmail_contacts,2,email,text,NO
gmail_contacts,3,name,text,YES
gmail_contacts,4,domain,text,YES
gmail_contacts,5,last_interaction,timestamp with time zone,YES
gmail_contacts,6,discovered_at,timestamp with time zone,YES
gmail_contacts,7,created_at,timestamp with time zone,YES
gmail_contacts,8,updated_at,timestamp with time zone,YES
gmail_messages,1,id,uuid,NO
gmail_messages,2,gmail_id,text,NO
gmail_messages,3,thread_id,text,NO
gmail_messages,4,user_email,text,NO
gmail_messages,5,subject,text,YES
gmail_messages,6,snippet,text,YES
gmail_messages,7,from_email,text,YES
gmail_messages,8,from_name,text,YES
gmail_messages,9,to_emails,ARRAY,YES
gmail_messages,10,cc_emails,ARRAY,YES
gmail_messages,11,bcc_emails,ARRAY,YES
gmail_messages,12,sent_date,timestamp with time zone,YES
gmail_messages,13,received_date,timestamp with time zone,YES
gmail_messages,14,body_text,text,YES
gmail_messages,15,body_html,text,YES
gmail_messages,16,labels,ARRAY,YES
gmail_messages,17,importance,text,YES
gmail_messages,18,has_attachments,boolean,YES
gmail_messages,19,attachment_count,integer,YES
gmail_messages,20,attachment_names,ARRAY,YES
gmail_messages,21,attachment_total_size,bigint,YES
gmail_messages,22,keywords,ARRAY,YES
gmail_messages,23,is_read,boolean,YES
gmail_messages,24,is_starred,boolean,YES
gmail_messages,25,is_archived,boolean,YES
gmail_messages,26,is_trashed,boolean,YES
gmail_messages,27,is_spam,boolean,YES
gmail_messages,28,created_at,timestamp with time zone,YES
gmail_messages,29,updated_at,timestamp with time zone,YES
gmail_messages,30,synced_at,timestamp with time zone,YES
gmail_sync_status,1,id,uuid,NO
gmail_sync_status,2,user_email,text,NO
gmail_sync_status,3,sync_status,text,YES
gmail_sync_status,4,last_sync,timestamp with time zone,YES
gmail_sync_status,5,next_sync,timestamp with time zone,YES
gmail_sync_status,6,total_messages,integer,YES
gmail_sync_status,7,synced_messages,integer,YES
gmail_sync_status,8,error_count,integer,YES
gmail_sync_status,9,error_message,text,YES
gmail_sync_status,10,last_error,timestamp with time zone,YES
gmail_sync_status,11,sync_duration_ms,integer,YES
gmail_sync_status,12,created_at,timestamp with time zone,YES
gmail_sync_status,13,updated_at,timestamp with time zone,YES
goal_updates,1,id,uuid,NO
goal_updates,2,goal_id,uuid,NO
goal_updates,3,field_changed,text,NO
goal_updates,4,old_value,text,YES
goal_updates,5,new_value,text,YES
goal_updates,6,source,text,NO
goal_updates,7,updated_by,text,YES
goal_updates,8,comment,text,YES
goal_updates,9,created_at,timestamp with time zone,YES
goals_2026,1,id,uuid,NO
goals_2026,2,notion_id,text,NO
goals_2026,3,title,text,NO
goals_2026,4,type,text,NO
goals_2026,5,lane,text,YES
goals_2026,6,status,text,YES
goals_2026,7,owner,jsonb,YES
goals_2026,8,key_results,text,YES
goals_2026,9,start_date,date,YES
goals_2026,10,due_date,date,YES
goals_2026,11,parent_goal_id,text,YES
goals_2026,12,pillar_id,text,YES
goals_2026,13,project_id,text,YES
goals_2026,14,synced_at,timestamp with time zone,YES
goals_2026,15,created_at,timestamp with time zone,YES
goals_2026,16,updated_at,timestamp with time zone,YES
goals_2026,17,progress_percentage,integer,YES
goals_2026,18,last_updated_by,text,YES
goals_2026,19,last_update_source,text,YES
goods_asset_lifecycle,1,id,uuid,NO
goods_asset_lifecycle,2,goods_asset_id,text,NO
goods_asset_lifecycle,3,product_slug,text,YES
goods_asset_lifecycle,4,community_id,uuid,YES
goods_asset_lifecycle,5,asset_name,text,YES
goods_asset_lifecycle,6,product_type,text,YES
goods_asset_lifecycle,7,community_name,text,NO
goods_asset_lifecycle,8,household,text,YES
goods_asset_lifecycle,9,deployed_at,timestamp with time zone,YES
goods_asset_lifecycle,10,last_checkin_at,timestamp with time zone,YES
goods_asset_lifecycle,11,last_ticket_at,timestamp with time zone,YES
goods_asset_lifecycle,12,current_status,text,YES
goods_asset_lifecycle,13,age_months,integer,YES
goods_asset_lifecycle,14,months_since_checkin,integer,YES
goods_asset_lifecycle,15,is_overdue,boolean,YES
goods_asset_lifecycle,16,total_tickets,integer,NO
goods_asset_lifecycle,17,open_tickets,integer,NO
goods_asset_lifecycle,18,urgent_tickets,integer,NO
goods_asset_lifecycle,19,total_cycles,integer,YES
goods_asset_lifecycle,20,avg_power_kwh,numeric,YES
goods_asset_lifecycle,21,error_count,integer,NO
goods_asset_lifecycle,22,needs_replacement,boolean,YES
goods_asset_lifecycle,23,replacement_reason,text,YES
goods_asset_lifecycle,24,replacement_product_slug,text,YES
goods_asset_lifecycle,25,last_synced_at,timestamp with time zone,YES
goods_asset_lifecycle,26,created_at,timestamp with time zone,NO
goods_asset_lifecycle,27,updated_at,timestamp with time zone,NO
goods_asset_lifecycle,28,funded_by_funder_id,uuid,YES
goods_asset_lifecycle,29,funded_by_label,text,YES
goods_asset_lifecycle,30,funded_amount_aud,numeric,YES
goods_asset_lifecycle,31,funded_via_invoice,text,YES
goods_asset_lifecycle,32,paid_at,date,YES
goods_asset_lifecycle,33,deployment_batch_id,uuid,YES
goods_asset_lifecycle,34,deployment_notes,text,YES
goods_capital_blocks,1,id,uuid,NO
goods_capital_blocks,2,org_profile_id,uuid,YES
goods_capital_blocks,3,project_code,text,NO
goods_capital_blocks,4,code,text,NO
goods_capital_blocks,5,name,text,NO
goods_capital_blocks,6,purpose,text,NO
goods_capital_blocks,7,amount_min_aud,numeric,NO
goods_capital_blocks,8,amount_max_aud,numeric,NO
goods_capital_blocks,9,receiving_entity_kind,text,NO
goods_capital_blocks,10,receiving_entity_name,text,NO
goods_capital_blocks,11,allowed_instruments,ARRAY,NO
goods_capital_blocks,12,target_by,date,YES
goods_capital_blocks,13,state,text,NO
goods_capital_blocks,14,source_refs,jsonb,NO
goods_capital_blocks,15,sort_order,integer,NO
goods_capital_blocks,16,created_at,timestamp with time zone,NO
goods_capital_blocks,17,updated_at,timestamp with time zone,NO
goods_communities,1,id,uuid,NO
goods_communities,2,community_name,text,NO
goods_communities,3,aliases,ARRAY,NO
goods_communities,4,state,text,NO
goods_communities,5,postcode,text,YES
goods_communities,6,lga_name,text,YES
goods_communities,7,lga_code,text,YES
goods_communities,8,region_label,text,YES
goods_communities,9,service_region,text,YES
goods_communities,10,land_council,text,YES
goods_communities,11,remoteness,text,YES
goods_communities,12,latitude,numeric,YES
goods_communities,13,longitude,numeric,YES
goods_communities,14,estimated_population,integer,YES
goods_communities,15,estimated_households,integer,YES
goods_communities,16,indigenous_population_pct,numeric,YES
goods_communities,17,priority,text,NO
goods_communities,18,signal_type,text,NO
goods_communities,19,signal_source,text,YES
goods_communities,20,demand_beds,integer,NO
goods_communities,21,demand_washers,integer,NO
goods_communities,22,demand_fridges,integer,NO
goods_communities,23,demand_mattresses,integer,NO
goods_communities,24,assets_deployed,integer,NO
goods_communities,25,assets_active,integer,NO
goods_communities,26,assets_overdue,integer,NO
goods_communities,27,latest_checkin_date,timestamp with time zone,YES
goods_communities,28,known_buyer_name,text,YES
goods_communities,29,buyer_entity_count,integer,NO
goods_communities,30,store_count,integer,NO
goods_communities,31,health_service_count,integer,NO
goods_communities,32,housing_org_count,integer,NO
goods_communities,33,council_count,integer,NO
goods_communities,34,community_controlled_org_count,integer,NO
goods_communities,35,total_local_entities,integer,NO
goods_communities,36,total_govt_contract_value,numeric,YES
goods_communities,37,total_justice_funding,numeric,YES
goods_communities,38,total_foundation_grants,numeric,YES
goods_communities,39,ndis_provider_count,integer,YES
goods_communities,40,ndis_thin_market,boolean,YES
goods_communities,41,nearest_staging_hub,text,YES
goods_communities,42,freight_corridor,text,YES
goods_communities,43,estimated_freight_cost_per_kg,numeric,YES
goods_communities,44,last_mile_method,text,YES
goods_communities,45,proof_line,text,YES
goods_communities,46,story,text,YES
goods_communities,47,youth_employment_angle,text,YES
goods_communities,48,data_quality_score,numeric,YES
goods_communities,49,last_profiled_at,timestamp with time zone,YES
goods_communities,50,last_agent_run_id,uuid,YES
goods_communities,51,notes,text,YES
goods_communities,52,created_at,timestamp with time zone,NO
goods_communities,53,updated_at,timestamp with time zone,NO
goods_communities,54,agil_code,text,YES
goods_communities,55,community_type,text,YES
goods_communities,56,main_language,text,YES
goods_communities,57,local_government,text,YES
goods_communities,58,data_sources,ARRAY,YES
goods_content_library,1,id,uuid,NO
goods_content_library,2,el_id,text,YES
goods_content_library,3,content_type,text,NO
goods_content_library,4,title,text,NO
goods_content_library,5,excerpt,text,YES
goods_content_library,6,storyteller_name,text,YES
goods_content_library,7,url,text,YES
goods_content_library,8,image_url,text,YES
goods_content_library,9,topics,ARRAY,YES
goods_content_library,10,impact_themes,ARRAY,YES
goods_content_library,11,audience_fit,ARRAY,YES
goods_content_library,12,key_message,text,YES
goods_content_library,13,suggested_use,text,YES
goods_content_library,14,emotional_tone,text,YES
goods_content_library,15,times_used_newsletter,integer,YES
goods_content_library,16,last_used_newsletter_at,timestamp with time zone,YES
goods_content_library,17,syndicated_to,ARRAY,YES
goods_content_library,18,published_at,timestamp with time zone,YES
goods_content_library,19,synced_at,timestamp with time zone,YES
goods_content_library,20,analyzed_at,timestamp with time zone,YES
goods_content_library,21,created_at,timestamp with time zone,YES
goods_cost_allocation_decisions,1,id,uuid,NO
goods_cost_allocation_decisions,2,project_code,text,NO
goods_cost_allocation_decisions,3,xero_invoice_id,uuid,YES
goods_cost_allocation_decisions,4,invoice_number,text,YES
goods_cost_allocation_decisions,5,line_index,integer,NO
goods_cost_allocation_decisions,6,line_fingerprint,text,NO
goods_cost_allocation_decisions,7,supplier,text,YES
goods_cost_allocation_decisions,8,account_code,text,YES
goods_cost_allocation_decisions,9,account_label,text,YES
goods_cost_allocation_decisions,10,description,text,YES
goods_cost_allocation_decisions,11,line_amount,numeric,YES
goods_cost_allocation_decisions,12,category,text,YES
goods_cost_allocation_decisions,13,decision,text,NO
goods_cost_allocation_decisions,14,allocation_scope,text,NO
goods_cost_allocation_decisions,15,batch_ref,text,YES
goods_cost_allocation_decisions,16,asset_refs,ARRAY,NO
goods_cost_allocation_decisions,17,notes,text,YES
goods_cost_allocation_decisions,18,decided_by,text,YES
goods_cost_allocation_decisions,19,decided_at,timestamp with time zone,NO
goods_cost_allocation_decisions,20,created_at,timestamp with time zone,NO
goods_cost_allocation_decisions,21,updated_at,timestamp with time zone,NO
goods_deployment_batches,1,id,uuid,NO
goods_deployment_batches,2,community_id,uuid,YES
goods_deployment_batches,3,community_name,text,NO
goods_deployment_batches,4,product_slug,text,NO
goods_deployment_batches,5,product_type,text,YES
goods_deployment_batches,6,unit_count,integer,NO
goods_deployment_batches,7,funded_by_label,text,YES
goods_deployment_batches,8,funded_by_funder_id,uuid,YES
goods_deployment_batches,9,funded_amount_aud,numeric,YES
goods_deployment_batches,10,funded_via_invoice,text,YES
goods_deployment_batches,11,deployed_at,date,NO
goods_deployment_batches,12,deployed_by,text,YES
goods_deployment_batches,13,notes,text,YES
goods_deployment_batches,14,created_at,timestamp with time zone,YES
goods_deployment_batches,15,updated_at,timestamp with time zone,YES
goods_funding_matters,1,id,uuid,NO
goods_funding_matters,2,org_profile_id,uuid,YES
goods_funding_matters,3,project_code,text,NO
goods_funding_matters,4,slug,text,NO
goods_funding_matters,5,title,text,NO
goods_funding_matters,6,counterparty_name,text,NO
goods_funding_matters,7,counterparty_entity_id,uuid,YES
goods_funding_matters,8,purpose,text,NO
goods_funding_matters,9,state,text,NO
goods_funding_matters,10,why_now,text,YES
goods_funding_matters,11,current_learning_question,text,YES
goods_funding_matters,12,evidence_gaps,ARRAY,NO
goods_funding_matters,13,authority_state,text,NO
goods_funding_matters,14,community_authority_ref,text,YES
goods_funding_matters,15,protection_floor,text,NO
goods_funding_matters,16,source_opportunity_id,uuid,YES
goods_funding_matters,17,official_source_url,text,YES
goods_funding_matters,18,source_refs,jsonb,NO
goods_funding_matters,19,next_review_at,timestamp with time zone,YES
goods_funding_matters,20,opened_at,timestamp with time zone,NO
goods_funding_matters,21,closed_at,timestamp with time zone,YES
goods_funding_matters,22,created_at,timestamp with time zone,NO
goods_funding_matters,23,updated_at,timestamp with time zone,NO
goods_funding_routes,1,id,uuid,NO
goods_funding_routes,2,matter_id,uuid,NO
goods_funding_routes,3,route_code,text,NO
goods_funding_routes,4,route_type,text,NO
goods_funding_routes,5,named_route,text,YES
goods_funding_routes,6,legal_recipient_name,text,YES
goods_funding_routes,7,legal_recipient_basis,text,YES
goods_funding_routes,8,eligibility_state,text,NO
goods_funding_routes,9,instrument_label,text,YES
goods_funding_routes,10,target_amount_aud,numeric,YES
goods_funding_routes,11,ask_made_at,timestamp with time zone,YES
goods_funding_routes,12,application_state,text,NO
goods_funding_routes,13,commitment_state,text,NO
goods_funding_routes,14,commitment_amount_aud,numeric,YES
goods_funding_routes,15,commitment_evidence_form,text,NO
goods_funding_routes,16,commitment_evidence_ref,text,YES
goods_funding_routes,17,match_assessment,text,NO
goods_funding_routes,18,match_assessment_reason,text,YES
goods_funding_routes,19,official_source_url,text,YES
goods_funding_routes,20,official_source_checked_at,timestamp with time zone,YES
goods_funding_routes,21,decision_due_at,timestamp with time zone,YES
goods_funding_routes,22,submitted_at,timestamp with time zone,YES
goods_funding_routes,23,ghl_opportunity_id,text,YES
goods_funding_routes,24,notion_url,text,YES
goods_funding_routes,25,application_url,text,YES
goods_funding_routes,26,next_action,text,YES
goods_funding_routes,27,next_action_owner,text,YES
goods_funding_routes,28,next_action_due,date,YES
goods_funding_routes,29,evidence_gaps,ARRAY,NO
goods_funding_routes,30,source_refs,jsonb,NO
goods_funding_routes,31,created_at,timestamp with time zone,NO
goods_funding_routes,32,updated_at,timestamp with time zone,NO
goods_governance_readiness,1,id,uuid,NO
goods_governance_readiness,2,readiness_key,text,NO
goods_governance_readiness,3,area,text,NO
goods_governance_readiness,4,status,text,NO
goods_governance_readiness,5,priority,text,NO
goods_governance_readiness,6,decision,text,YES
goods_governance_readiness,7,position,text,YES
goods_governance_readiness,8,owner,text,YES
goods_governance_readiness,9,next_action,text,YES
goods_governance_readiness,10,blocker,text,YES
goods_governance_readiness,11,evidence_refs,jsonb,NO
goods_governance_readiness,12,source_refs,jsonb,NO
goods_governance_readiness,13,opportunity_lanes,ARRAY,NO
goods_governance_readiness,14,public_visibility,text,NO
goods_governance_readiness,15,reviewed_at,timestamp with time zone,YES
goods_governance_readiness,16,due_at,timestamp with time zone,YES
goods_governance_readiness,17,created_at,timestamp with time zone,NO
goods_governance_readiness,18,updated_at,timestamp with time zone,NO
goods_procurement_entities,1,id,uuid,NO
goods_procurement_entities,2,community_id,uuid,YES
goods_procurement_entities,3,entity_id,uuid,YES
goods_procurement_entities,4,gs_id,text,YES
goods_procurement_entities,5,entity_name,text,NO
goods_procurement_entities,6,abn,text,YES
goods_procurement_entities,7,entity_type,text,YES
goods_procurement_entities,8,buyer_role,text,NO
goods_procurement_entities,9,procurement_method,text,YES
goods_procurement_entities,10,estimated_annual_spend,numeric,YES
goods_procurement_entities,11,current_supplier,text,YES
goods_procurement_entities,12,contract_cycle,text,YES
goods_procurement_entities,13,relationship_status,text,NO
goods_procurement_entities,14,contact_surface,text,YES
goods_procurement_entities,15,last_contact_date,timestamp with time zone,YES
goods_procurement_entities,16,product_fit,ARRAY,YES
goods_procurement_entities,17,fit_score,numeric,YES
goods_procurement_entities,18,next_action,text,YES
goods_procurement_entities,19,govt_contract_count,integer,YES
goods_procurement_entities,20,govt_contract_value,numeric,YES
goods_procurement_entities,21,is_community_controlled,boolean,YES
goods_procurement_entities,22,website,text,YES
goods_procurement_entities,23,created_at,timestamp with time zone,NO
goods_procurement_entities,24,updated_at,timestamp with time zone,NO
goods_procurement_entities,25,ghl_contact_id,text,YES
goods_procurement_entities,26,ghl_opportunity_id,text,YES
goods_procurement_entities,27,ghl_pipeline_id,text,YES
goods_procurement_entities,28,ghl_stage_id,text,YES
goods_procurement_entities,29,ghl_stage_name,text,YES
goods_procurement_entities,30,ghl_last_pushed_at,timestamp with time zone,YES
goods_procurement_entities,31,ghl_last_synced_at,timestamp with time zone,YES
goods_procurement_signals,1,id,uuid,NO
goods_procurement_signals,2,signal_type,text,NO
goods_procurement_signals,3,priority,text,NO
goods_procurement_signals,4,community_id,uuid,YES
goods_procurement_signals,5,asset_id,uuid,YES
goods_procurement_signals,6,product_id,uuid,YES
goods_procurement_signals,7,buyer_entity_id,uuid,YES
goods_procurement_signals,8,title,text,NO
goods_procurement_signals,9,description,text,YES
goods_procurement_signals,10,estimated_value,numeric,YES
goods_procurement_signals,11,estimated_units,integer,YES
goods_procurement_signals,12,products_needed,ARRAY,YES
goods_procurement_signals,13,matched_grant_ids,ARRAY,YES
goods_procurement_signals,14,matched_foundation_ids,ARRAY,YES
goods_procurement_signals,15,funding_confidence,text,YES
goods_procurement_signals,16,status,text,NO
goods_procurement_signals,17,assigned_to,text,YES
goods_procurement_signals,18,action_notes,text,YES
goods_procurement_signals,19,actioned_at,timestamp with time zone,YES
goods_procurement_signals,20,ghl_contact_id,text,YES
goods_procurement_signals,21,ghl_synced_at,timestamp with time zone,YES
goods_procurement_signals,22,source_agent,text,YES
goods_procurement_signals,23,expires_at,timestamp with time zone,YES
goods_procurement_signals,24,created_at,timestamp with time zone,NO
goods_procurement_signals,25,updated_at,timestamp with time zone,NO
goods_products,1,id,uuid,NO
goods_products,2,slug,text,NO
goods_products,3,name,text,NO
goods_products,4,category,text,NO
goods_products,5,status,text,NO
goods_products,6,bom_description,text,YES
goods_products,7,material_cost_aud,numeric,YES
goods_products,8,manufacturing_cost_aud,numeric,YES
goods_products,9,wholesale_price_aud,numeric,YES
goods_products,10,typical_retail_price_aud,numeric,YES
goods_products,11,typical_delivered_cost_remote,numeric,YES
goods_products,12,idiot_index,numeric,YES
goods_products,13,goods_delivered_cost_remote,numeric,YES
goods_products,14,cost_advantage_pct,numeric,YES
goods_products,15,expected_lifespan_months,integer,YES
goods_products,16,warranty_months,integer,YES
goods_products,17,mean_time_to_failure_months,integer,YES
goods_products,18,common_failure_modes,ARRAY,YES
goods_products,19,maintenance_interval_months,integer,YES
goods_products,20,weight_kg,numeric,YES
goods_products,21,volume_m3,numeric,YES
goods_products,22,flat_packable,boolean,YES
goods_products,23,assembly_time_minutes,integer,YES
goods_products,24,specs,jsonb,YES
goods_products,25,created_at,timestamp with time zone,NO
goods_products,26,updated_at,timestamp with time zone,NO
goods_relationships,1,id,uuid,NO
goods_relationships,2,relationship_type,text,NO
goods_relationships,3,display_name,text,NO
goods_relationships,4,entity_id,uuid,YES
goods_relationships,5,ghl_contact_id,text,YES
goods_relationships,6,ghl_opportunity_id,text,YES
goods_relationships,7,stage,text,NO
goods_relationships,8,target_stage,text,YES
goods_relationships,9,warmth_computed,integer,NO
goods_relationships,10,warmth_override,integer,YES
goods_relationships,11,warmth_display,integer,YES
goods_relationships,12,last_touch_at,timestamp with time zone,YES
goods_relationships,13,total_received_aud,numeric,NO
goods_relationships,14,alignment_score,numeric,YES
goods_relationships,15,has_prior_support,boolean,NO
goods_relationships,16,advocacy_score,numeric,NO
goods_relationships,17,next_action,text,YES
goods_relationships,18,next_action_due,date,YES
goods_relationships,19,warm_intro_path,text,YES
goods_relationships,20,source_refs,jsonb,NO
goods_relationships,21,notes,text,YES
goods_relationships,23,created_at,timestamp with time zone,NO
goods_relationships,24,updated_at,timestamp with time zone,NO
goods_relationships,25,dedupe_key,text,YES
goods_relationships,26,ghl_signal,jsonb,NO
goods_relationships,27,ask_amount_aud,numeric,YES
goods_relationships,28,ask_purpose,text,YES
goods_relationships,29,framing,jsonb,YES
goods_route_allocations,1,id,uuid,NO
goods_route_allocations,2,route_id,uuid,NO
goods_route_allocations,3,capital_block_id,uuid,NO
goods_route_allocations,4,proposed_amount_aud,numeric,YES
goods_route_allocations,5,accepted_amount_aud,numeric,YES
goods_route_allocations,6,restrictions,text,YES
goods_route_allocations,7,allocation_evidence_ref,text,YES
goods_route_allocations,8,created_at,timestamp with time zone,NO
goods_route_allocations,9,updated_at,timestamp with time zone,NO
goods_supply_routes,1,id,uuid,NO
goods_supply_routes,2,community_id,uuid,YES
goods_supply_routes,3,route_name,text,NO
goods_supply_routes,4,is_primary,boolean,YES
goods_supply_routes,5,origin_city,text,NO
goods_supply_routes,6,staging_hub,text,YES
goods_supply_routes,7,last_mile_origin,text,YES
goods_supply_routes,8,last_mile_method,text,YES
goods_supply_routes,9,freight_cost_per_kg,numeric,YES
goods_supply_routes,10,freight_cost_per_m3,numeric,YES
goods_supply_routes,11,minimum_order_cost,numeric,YES
goods_supply_routes,12,typical_lead_time_days,integer,YES
goods_supply_routes,13,seasonal_access,text,YES
goods_supply_routes,14,delivered_cost_per_bed,numeric,YES
goods_supply_routes,15,delivered_cost_per_washer,numeric,YES
goods_supply_routes,16,delivered_cost_per_fridge,numeric,YES
goods_supply_routes,17,reliability_score,numeric,YES
goods_supply_routes,18,notes,text,YES
goods_supply_routes,19,last_costed_at,timestamp with time zone,YES
goods_supply_routes,20,created_at,timestamp with time zone,NO
goods_supply_routes,21,updated_at,timestamp with time zone,NO
goods_tranches,1,id,uuid,NO
goods_tranches,2,relationship_id,uuid,YES
goods_tranches,3,funder_name,text,NO
goods_tranches,4,xero_invoice_number,text,YES
goods_tranches,5,amount_aud,numeric,NO
goods_tranches,6,invoice_date,date,YES
goods_tranches,7,funding_track,text,YES
goods_tranches,8,purpose,text,YES
goods_tranches,9,allocation,jsonb,YES
goods_tranches,10,source,text,NO
goods_tranches,11,notes,text,YES
goods_tranches,12,created_at,timestamp with time zone,NO
goods_tranches,13,updated_at,timestamp with time zone,NO
goods_tranches,14,funding_route_id,uuid,YES
governed_proof_bundle_records,1,id,uuid,NO
governed_proof_bundle_records,2,bundle_id,uuid,NO
governed_proof_bundle_records,3,record_system,text,NO
governed_proof_bundle_records,4,record_type,text,NO
governed_proof_bundle_records,5,record_id,text,NO
governed_proof_bundle_records,6,link_role,text,NO
governed_proof_bundle_records,7,confidence_score,numeric,NO
governed_proof_bundle_records,8,provenance_payload,jsonb,NO
governed_proof_bundle_records,9,created_at,timestamp with time zone,NO
governed_proof_bundles,1,id,uuid,NO
governed_proof_bundles,2,bundle_key,text,NO
governed_proof_bundles,3,subject_type,text,NO
governed_proof_bundles,4,subject_id,text,NO
governed_proof_bundles,5,owner_system,text,NO
governed_proof_bundles,6,lifecycle_status,text,NO
governed_proof_bundles,7,review_status,text,NO
governed_proof_bundles,8,promotion_status,text,NO
governed_proof_bundles,9,overall_confidence,numeric,NO
governed_proof_bundles,10,capital_confidence,numeric,YES
governed_proof_bundles,11,evidence_confidence,numeric,YES
governed_proof_bundles,12,voice_confidence,numeric,YES
governed_proof_bundles,13,governance_confidence,numeric,YES
governed_proof_bundles,14,capital_context,jsonb,NO
governed_proof_bundles,15,evidence_context,jsonb,NO
governed_proof_bundles,16,voice_context,jsonb,NO
governed_proof_bundles,17,governance_context,jsonb,NO
governed_proof_bundles,18,output_context,jsonb,NO
governed_proof_bundles,19,freshness_at,timestamp with time zone,YES
governed_proof_bundles,20,last_validated_at,timestamp with time zone,YES
governed_proof_bundles,21,published_at,timestamp with time zone,YES
governed_proof_bundles,22,created_at,timestamp with time zone,NO
governed_proof_bundles,23,updated_at,timestamp with time zone,NO
governed_proof_gold_set_cases,1,id,uuid,NO
governed_proof_gold_set_cases,2,gold_set_id,uuid,NO
governed_proof_gold_set_cases,3,case_key,text,NO
governed_proof_gold_set_cases,4,input_payload,jsonb,NO
governed_proof_gold_set_cases,5,expected_payload,jsonb,NO
governed_proof_gold_set_cases,6,expected_confidence,numeric,YES
governed_proof_gold_set_cases,7,active,boolean,NO
governed_proof_gold_set_cases,8,created_at,timestamp with time zone,NO
governed_proof_gold_set_cases,9,updated_at,timestamp with time zone,NO
governed_proof_gold_sets,1,id,uuid,NO
governed_proof_gold_sets,2,slug,text,NO
governed_proof_gold_sets,3,task_type,text,NO
governed_proof_gold_sets,4,owner_system,text,NO
governed_proof_gold_sets,5,description,text,YES
governed_proof_gold_sets,6,active,boolean,NO
governed_proof_gold_sets,7,created_at,timestamp with time zone,NO
governed_proof_gold_sets,8,updated_at,timestamp with time zone,NO
governed_proof_runs,1,id,uuid,NO
governed_proof_runs,2,task_id,uuid,NO
governed_proof_runs,3,agent_role,text,NO
governed_proof_runs,4,provider,text,NO
governed_proof_runs,5,model,text,YES
governed_proof_runs,6,prompt_version,text,YES
governed_proof_runs,7,strategy_version,text,YES
governed_proof_runs,8,input_hash,text,NO
governed_proof_runs,9,output_hash,text,YES
governed_proof_runs,10,result_status,text,NO
governed_proof_runs,11,eval_score,numeric,YES
governed_proof_runs,12,confidence_delta,numeric,YES
governed_proof_runs,13,cost_usd,numeric,YES
governed_proof_runs,14,duration_ms,bigint,YES
governed_proof_runs,15,notes,text,YES
governed_proof_runs,16,run_payload,jsonb,NO
governed_proof_runs,17,created_at,timestamp with time zone,NO
governed_proof_tasks,1,id,uuid,NO
governed_proof_tasks,2,task_type,text,NO
governed_proof_tasks,3,status,text,NO
governed_proof_tasks,4,queue_lane,text,NO
governed_proof_tasks,5,priority,text,NO
governed_proof_tasks,6,owner_system,text,NO
governed_proof_tasks,7,system_scope,ARRAY,NO
governed_proof_tasks,8,target_type,text,NO
governed_proof_tasks,9,target_id,text,NO
governed_proof_tasks,10,value_score,numeric,NO
governed_proof_tasks,11,confidence_required,numeric,NO
governed_proof_tasks,12,input_payload,jsonb,NO
governed_proof_tasks,13,acceptance_checks,jsonb,NO
governed_proof_tasks,14,review_status,text,NO
governed_proof_tasks,15,promotion_status,text,NO
governed_proof_tasks,16,attempt_count,integer,NO
governed_proof_tasks,17,claimed_by,text,YES
governed_proof_tasks,18,started_at,timestamp with time zone,YES
governed_proof_tasks,19,completed_at,timestamp with time zone,YES
governed_proof_tasks,20,last_error,text,YES
governed_proof_tasks,21,created_at,timestamp with time zone,NO
governed_proof_tasks,22,updated_at,timestamp with time zone,NO
government_programs,1,id,uuid,NO
government_programs,2,name,text,NO
government_programs,3,department,text,YES
government_programs,4,jurisdiction,text,NO
government_programs,5,domain,text,YES
government_programs,6,budget_annual,numeric,YES
government_programs,7,spend_per_unit,numeric,YES
government_programs,8,unit_label,text,YES
government_programs,9,outcomes,jsonb,YES
government_programs,10,budget_history,jsonb,YES
government_programs,11,source_url,text,YES
government_programs,12,source_type,text,YES
government_programs,13,scraped_at,timestamp with time zone,YES
government_programs,14,created_at,timestamp with time zone,YES
grant_answer_bank,1,id,uuid,NO
grant_answer_bank,2,org_profile_id,uuid,NO
grant_answer_bank,3,question,text,NO
grant_answer_bank,4,answer,text,NO
grant_answer_bank,5,category,text,YES
grant_answer_bank,6,tags,ARRAY,YES
grant_answer_bank,7,source_grant_id,uuid,YES
grant_answer_bank,8,source_application,text,YES
grant_answer_bank,9,use_count,integer,YES
grant_answer_bank,10,last_used_at,timestamp with time zone,YES
grant_answer_bank,11,embedding,USER-DEFINED,YES
grant_answer_bank,12,created_at,timestamp with time zone,YES
grant_answer_bank,13,updated_at,timestamp with time zone,YES
grant_application_requirements,1,id,uuid,NO
grant_application_requirements,2,application_id,uuid,YES
grant_application_requirements,3,asset_id,uuid,YES
grant_application_requirements,4,requirement_name,text,NO
grant_application_requirements,5,asset_type,text,NO
grant_application_requirements,6,status,text,YES
grant_application_requirements,7,notes,text,YES
grant_application_requirements,8,due_date,date,YES
grant_application_requirements,9,created_at,timestamp with time zone,YES
grant_applications,1,id,uuid,NO
grant_applications,2,opportunity_id,uuid,YES
grant_applications,3,application_name,text,NO
grant_applications,4,amount_requested,numeric,YES
grant_applications,5,status,text,YES
grant_applications,6,started_at,timestamp with time zone,YES
grant_applications,7,submitted_at,timestamp with time zone,YES
grant_applications,8,outcome_at,timestamp with time zone,YES
grant_applications,9,milestones,jsonb,YES
grant_applications,10,documents,jsonb,YES
grant_applications,11,lead_contact,text,YES
grant_applications,12,team_members,ARRAY,YES
grant_applications,13,outcome_amount,numeric,YES
grant_applications,14,outcome_notes,text,YES
grant_applications,15,project_code,text,YES
grant_applications,16,notes,text,YES
grant_applications,17,created_at,timestamp with time zone,YES
grant_applications,18,updated_at,timestamp with time zone,YES
grant_applications,19,ghl_opportunity_id,text,YES
grant_applications,20,auto_created,boolean,YES
grant_applications,21,assigned_to,text,YES
grant_applications,22,priority,text,YES
grant_applications,23,estimated_effort,text,YES
grant_assets,1,id,uuid,NO
grant_assets,2,category,text,NO
grant_assets,3,asset_type,text,NO
grant_assets,4,name,text,NO
grant_assets,5,description,text,YES
grant_assets,6,file_url,text,YES
grant_assets,7,content_text,text,YES
grant_assets,8,valid_from,date,YES
grant_assets,9,expires_at,date,YES
grant_assets,10,is_current,boolean,YES
grant_assets,11,project_code,text,YES
grant_assets,12,last_verified_at,timestamp with time zone,YES
grant_assets,13,notes,text,YES
grant_assets,14,created_at,timestamp with time zone,YES
grant_assets,15,updated_at,timestamp with time zone,YES
grant_discovery_runs,1,id,uuid,NO
grant_discovery_runs,2,started_at,timestamp with time zone,YES
grant_discovery_runs,3,completed_at,timestamp with time zone,YES
grant_discovery_runs,4,sources_used,ARRAY,YES
grant_discovery_runs,5,grants_discovered,integer,YES
grant_discovery_runs,6,grants_new,integer,YES
grant_discovery_runs,7,grants_updated,integer,YES
grant_discovery_runs,8,errors,jsonb,YES
grant_discovery_runs,9,status,text,YES
grant_feedback,1,id,uuid,NO
grant_feedback,2,user_id,uuid,NO
grant_feedback,3,org_profile_id,uuid,YES
grant_feedback,4,grant_id,uuid,NO
grant_feedback,5,vote,smallint,NO
grant_feedback,6,reason,text,YES
grant_feedback,7,source_context,text,YES
grant_feedback,8,created_at,timestamp with time zone,YES
grant_feedback,9,project_profile_id,uuid,YES
grant_frontier_source_snapshots,1,id,uuid,NO
grant_frontier_source_snapshots,2,run_id,uuid,YES
grant_frontier_source_snapshots,3,source_group,text,NO
grant_frontier_source_snapshots,4,frontier_rows,integer,NO
grant_frontier_source_snapshots,5,due_now,integer,NO
grant_frontier_source_snapshots,6,ever_succeeded,integer,NO
grant_frontier_source_snapshots,7,never_succeeded,integer,NO
grant_frontier_source_snapshots,8,failing,integer,NO
grant_frontier_source_snapshots,9,changed_recent,integer,NO
grant_frontier_source_snapshots,10,grant_rows,integer,NO
grant_frontier_source_snapshots,11,future_deadline_rows,integer,NO
grant_frontier_source_snapshots,12,hot_score,integer,NO
grant_frontier_source_snapshots,13,hot_delta,integer,NO
grant_frontier_source_snapshots,14,due_delta,integer,NO
grant_frontier_source_snapshots,15,failure_delta,integer,NO
grant_frontier_source_snapshots,16,changed_delta,integer,NO
grant_frontier_source_snapshots,17,grant_delta,integer,NO
grant_frontier_source_snapshots,18,has_previous_snapshot,boolean,NO
grant_frontier_source_snapshots,19,latest_success_at,timestamp with time zone,YES
grant_frontier_source_snapshots,20,latest_change_at,timestamp with time zone,YES
grant_frontier_source_snapshots,21,created_at,timestamp with time zone,NO
grant_funder_documents,1,id,uuid,NO
grant_funder_documents,2,opportunity_id,uuid,NO
grant_funder_documents,3,name,text,NO
grant_funder_documents,4,doc_type,text,NO
grant_funder_documents,5,file_url,text,YES
grant_funder_documents,6,content_summary,jsonb,YES
grant_funder_documents,7,original_filename,text,YES
grant_funder_documents,8,notes,text,YES
grant_funder_documents,9,sort_order,integer,YES
grant_funder_documents,10,created_at,timestamp with time zone,YES
grant_funder_documents,11,updated_at,timestamp with time zone,YES
grant_notification_outbox,1,id,uuid,NO
grant_notification_outbox,2,user_id,uuid,NO
grant_notification_outbox,3,org_profile_id,uuid,YES
grant_notification_outbox,4,grant_id,uuid,NO
grant_notification_outbox,5,alert_preference_id,bigint,YES
grant_notification_outbox,6,notification_type,text,NO
grant_notification_outbox,7,status,text,NO
grant_notification_outbox,8,subject,text,NO
grant_notification_outbox,9,body,text,YES
grant_notification_outbox,10,match_score,integer,YES
grant_notification_outbox,11,match_signals,ARRAY,YES
grant_notification_outbox,12,payload,jsonb,NO
grant_notification_outbox,13,queued_at,timestamp with time zone,NO
grant_notification_outbox,14,sent_at,timestamp with time zone,YES
grant_notification_outbox,15,attempt_count,integer,NO
grant_notification_outbox,16,last_attempted_at,timestamp with time zone,YES
grant_notification_outbox,17,last_error,text,YES
grant_notification_outbox,18,external_message_id,text,YES
grant_notification_outbox,19,created_at,timestamp with time zone,NO
grant_notification_outbox,20,updated_at,timestamp with time zone,NO
grant_opportunities,1,id,uuid,NO
grant_opportunities,2,name,text,NO
grant_opportunities,3,description,text,YES
grant_opportunities,4,amount_min,integer,YES
grant_opportunities,5,amount_max,integer,YES
grant_opportunities,6,deadline,date,YES
grant_opportunities,7,source,text,NO
grant_opportunities,8,relevance_score,integer,YES
grant_opportunities,9,application_status,text,YES
grant_opportunities,10,url,text,YES
grant_opportunities,11,requirements,text,YES
grant_opportunities,12,metadata,jsonb,YES
grant_opportunities,13,created_at,timestamp with time zone,YES
grant_opportunities,14,updated_at,timestamp with time zone,YES
grant_opportunities,15,provider,text,YES
grant_opportunities,16,program,text,YES
grant_opportunities,17,aligned_projects,ARRAY,YES
grant_opportunities,18,categories,ARRAY,YES
grant_opportunities,19,focus_areas,ARRAY,YES
grant_opportunities,20,fit_score,integer,YES
grant_opportunities,21,discovered_by,text,YES
grant_opportunities,22,closes_at,date,YES
grant_opportunities,23,feedback,jsonb,YES
grant_opportunities,24,eligibility_criteria,jsonb,YES
grant_opportunities,25,assessment_criteria,jsonb,YES
grant_opportunities,26,timeline_stages,jsonb,YES
grant_opportunities,27,funder_info,jsonb,YES
grant_opportunities,28,grant_structure,jsonb,YES
grant_opportunities,29,ghl_opportunity_id,text,YES
grant_opportunities,30,requirements_summary,text,YES
grant_opportunities,31,act_readiness,jsonb,YES
grant_opportunities,32,enriched_at,timestamp with time zone,YES
grant_opportunities,33,enrichment_source,text,YES
grant_opportunities,34,sources,jsonb,YES
grant_opportunities,35,discovery_method,text,YES
grant_opportunities,36,last_verified_at,timestamp with time zone,YES
grant_opportunities,37,grant_type,text,YES
grant_opportunities,38,embedding,USER-DEFINED,YES
grant_opportunities,39,embedding_model,text,YES
grant_opportunities,40,embedded_at,timestamp with time zone,YES
grant_opportunities,41,target_recipients,ARRAY,YES
grant_opportunities,42,foundation_id,uuid,YES
grant_opportunities,43,program_type,text,YES
grant_opportunities,44,last_deadline_alert_at,timestamp with time zone,YES
grant_opportunities,45,geography,text,YES
grant_opportunities,46,source_id,text,YES
grant_opportunities,47,status,text,YES
grant_opportunities,48,pipeline_stage,text,YES
grant_opportunities,49,pile,text,YES
grant_opportunities,50,provider_org_id,uuid,YES
grant_opportunities,51,goods_relevance_score,integer,YES
grant_opportunities,52,goods_relevance_signals,jsonb,YES
grant_opportunities,53,goods_relevance_scored_at,timestamp with time zone,YES
grant_opportunities,54,dgr_required,boolean,YES
grant_opportunities,55,accepts_sole_trader,boolean,YES
grant_opportunities,56,accepts_pty_ltd,boolean,YES
grant_opportunities,57,accepts_charity,boolean,YES
grant_opportunities,58,accepts_unincorporated,boolean,YES
grant_opportunities,59,eligibility_signals_at,timestamp with time zone,YES
grant_opportunities,60,classie_subjects,ARRAY,YES
grant_opportunities,61,classie_populations,ARRAY,YES
grant_opportunities,62,sdg_codes,ARRAY,YES
grant_opportunities,63,classie_method,text,YES
grant_opportunities,64,classie_classified_at,timestamp with time zone,YES
grant_source_plugins,1,id,text,NO
grant_source_plugins,2,name,text,NO
grant_source_plugins,3,type,text,NO
grant_source_plugins,4,enabled,boolean,YES
grant_source_plugins,5,config,jsonb,YES
grant_source_plugins,6,last_run_at,timestamp with time zone,YES
grant_source_plugins,7,last_run_status,text,YES
grant_source_plugins,8,total_discovered,integer,YES
grantconnect_awards,1,ga_id,text,NO
grantconnect_awards,2,parent_ga_id,text,YES
grantconnect_awards,3,agency,text,YES
grantconnect_awards,4,category,text,YES
grantconnect_awards,5,go_id,text,YES
grantconnect_awards,6,go_title,text,YES
grantconnect_awards,7,recipient_name,text,YES
grantconnect_awards,8,recipient_abn,text,YES
grantconnect_awards,9,recipient_id,text,YES
grantconnect_awards,10,pbs_program,text,YES
grantconnect_awards,11,status,text,YES
grantconnect_awards,12,value_aud,numeric,YES
grantconnect_awards,13,variation_value_aud,numeric,YES
grantconnect_awards,14,variation_reason,text,YES
grantconnect_awards,15,approval_date,date,YES
grantconnect_awards,16,start_date,date,YES
grantconnect_awards,17,end_date,date,YES
grantconnect_awards,18,publish_date,date,YES
grantconnect_awards,19,variation_date,date,YES
grantconnect_awards,20,selection_process,text,YES
grantconnect_awards,21,description,text,YES
grantconnect_awards,22,state,text,YES
grantconnect_awards,23,gs_entity_id,uuid,YES
grantconnect_awards,24,imported_at,timestamp with time zone,NO
grantconnect_awards,25,recipient_suburb,text,YES
grantconnect_awards,26,recipient_town_city,text,YES
grantconnect_awards,27,recipient_postcode,text,YES
grantconnect_awards,28,recipient_state,text,YES
grantconnect_awards,29,delivery_state,text,YES
grantconnect_awards,30,delivery_postcode,text,YES
grantconnect_awards,31,grant_program,text,YES
grantconnect_awards,32,grant_activity,text,YES
grantconnect_awards,33,purpose,text,YES
gs_entities,1,id,uuid,NO
gs_entities,2,entity_type,text,NO
gs_entities,3,canonical_name,text,NO
gs_entities,4,abn,text,YES
gs_entities,5,acn,text,YES
gs_entities,6,gs_id,text,NO
gs_entities,7,description,text,YES
gs_entities,8,website,text,YES
gs_entities,9,state,text,YES
gs_entities,10,postcode,text,YES
gs_entities,11,sector,text,YES
gs_entities,12,sub_sector,text,YES
gs_entities,13,tags,ARRAY,YES
gs_entities,14,source_datasets,ARRAY,NO
gs_entities,15,source_count,integer,YES
gs_entities,16,confidence,text,YES
gs_entities,17,latest_revenue,numeric,YES
gs_entities,18,latest_assets,numeric,YES
gs_entities,19,latest_tax_payable,numeric,YES
gs_entities,20,financial_year,text,YES
gs_entities,21,first_seen,timestamp with time zone,YES
gs_entities,22,last_seen,timestamp with time zone,YES
gs_entities,23,created_at,timestamp with time zone,YES
gs_entities,24,updated_at,timestamp with time zone,YES
gs_entities,25,seifa_irsd_decile,smallint,YES
gs_entities,26,remoteness,text,YES
gs_entities,27,sa2_code,text,YES
gs_entities,28,is_community_controlled,boolean,YES
gs_entities,29,lga_name,text,YES
gs_entities,30,lga_code,text,YES
gs_entities,31,embedding,USER-DEFINED,YES
gs_entities,32,embedded_at,timestamp with time zone,YES
gs_entities,33,email,text,YES
gs_entities,34,phone,text,YES
gs_entities,35,contact_source,text,YES
gs_entities,36,metadata,jsonb,YES
gs_entities,37,community_controlled_tier,text,YES
gs_entities,38,cc_confidence,smallint,YES
gs_entities,39,is_supply_nation_certified,boolean,YES
gs_entities,40,oric_icn,text,YES
gs_entities,41,oric_status,text,YES
gs_entities,42,oric_matched_by,text,YES
gs_entities,43,lga_source,text,YES
gs_entities,44,oric_sector,text,YES
gs_entities,45,oric_size,text,YES
gs_entities,46,oric_income_band,text,YES
gs_entities,48,oric_employee_band,text,YES
gs_entities_dedup_backup_20260809,1,id,uuid,YES
gs_entities_dedup_backup_20260809,2,entity_type,text,YES
gs_entities_dedup_backup_20260809,3,canonical_name,text,YES
gs_entities_dedup_backup_20260809,4,abn,text,YES
gs_entities_dedup_backup_20260809,5,acn,text,YES
gs_entities_dedup_backup_20260809,6,gs_id,text,YES
gs_entities_dedup_backup_20260809,7,description,text,YES
gs_entities_dedup_backup_20260809,8,website,text,YES
gs_entities_dedup_backup_20260809,9,state,text,YES
gs_entities_dedup_backup_20260809,10,postcode,text,YES
gs_entities_dedup_backup_20260809,11,sector,text,YES
gs_entities_dedup_backup_20260809,12,sub_sector,text,YES
gs_entities_dedup_backup_20260809,13,tags,ARRAY,YES
gs_entities_dedup_backup_20260809,14,source_datasets,ARRAY,YES
gs_entities_dedup_backup_20260809,15,source_count,integer,YES
gs_entities_dedup_backup_20260809,16,confidence,text,YES
gs_entities_dedup_backup_20260809,17,latest_revenue,numeric,YES
gs_entities_dedup_backup_20260809,18,latest_assets,numeric,YES
gs_entities_dedup_backup_20260809,19,latest_tax_payable,numeric,YES
gs_entities_dedup_backup_20260809,20,financial_year,text,YES
gs_entities_dedup_backup_20260809,21,first_seen,timestamp with time zone,YES
gs_entities_dedup_backup_20260809,22,last_seen,timestamp with time zone,YES
gs_entities_dedup_backup_20260809,23,created_at,timestamp with time zone,YES
gs_entities_dedup_backup_20260809,24,updated_at,timestamp with time zone,YES
gs_entities_dedup_backup_20260809,25,seifa_irsd_decile,smallint,YES
gs_entities_dedup_backup_20260809,26,remoteness,text,YES
gs_entities_dedup_backup_20260809,27,sa2_code,text,YES
gs_entities_dedup_backup_20260809,28,is_community_controlled,boolean,YES
gs_entities_dedup_backup_20260809,29,lga_name,text,YES
gs_entities_dedup_backup_20260809,30,lga_code,text,YES
gs_entities_dedup_backup_20260809,31,embedding,USER-DEFINED,YES
gs_entities_dedup_backup_20260809,32,embedded_at,timestamp with time zone,YES
gs_entities_dedup_backup_20260809,33,email,text,YES
gs_entities_dedup_backup_20260809,34,phone,text,YES
gs_entities_dedup_backup_20260809,35,contact_source,text,YES
gs_entities_dedup_backup_20260809,36,metadata,jsonb,YES
gs_entities_dedup_backup_20260809,37,community_controlled_tier,text,YES
gs_entities_dedup_backup_20260809,38,cc_confidence,smallint,YES
gs_entities_dedup_backup_20260809,39,is_supply_nation_certified,boolean,YES
gs_entities_dedup_backup_20260809,40,oric_icn,text,YES
gs_entities_dedup_backup_20260809,41,oric_status,text,YES
gs_entities_dedup_backup_20260809,42,oric_matched_by,text,YES
gs_entities_dedup_backup_20260809,43,lga_source,text,YES
gs_entities_dedup_backup_20260809,44,oric_sector,text,YES
gs_entities_dedup_backup_20260809,45,oric_size,text,YES
gs_entities_dedup_backup_20260809,46,oric_income_band,text,YES
gs_entities_dedup_backup_20260809,47,oric_employee_band,text,YES
gs_entities_lga_backup_20260808,1,id,uuid,YES
gs_entities_lga_backup_20260808,2,abn,text,YES
gs_entities_lga_backup_20260808,3,postcode,text,YES
gs_entities_lga_backup_20260808,4,state,text,YES
gs_entities_lga_backup_20260808,5,lga_name,text,YES
gs_entities_lga_backup_20260808,6,lga_code,text,YES
gs_entities_lga_backup_20260808,7,lga_source,text,YES
gs_entities_lga_backup_20260809,1,id,uuid,YES
gs_entities_lga_backup_20260809,2,abn,text,YES
gs_entities_lga_backup_20260809,3,postcode,text,YES
gs_entities_lga_backup_20260809,4,state,text,YES
gs_entities_lga_backup_20260809,5,lga_name,text,YES
gs_entities_lga_backup_20260809,6,lga_code,text,YES
gs_entities_lga_backup_20260809,7,lga_source,text,YES
gs_entities_lga_backup_20260809b,1,id,uuid,YES
gs_entities_lga_backup_20260809b,2,abn,text,YES
gs_entities_lga_backup_20260809b,3,postcode,text,YES
gs_entities_lga_backup_20260809b,4,state,text,YES
gs_entities_lga_backup_20260809b,5,lga_name,text,YES
gs_entities_lga_backup_20260809b,6,lga_code,text,YES
gs_entities_lga_backup_20260809b,7,lga_source,text,YES
gs_entities_lga_backup_20260809c,1,id,uuid,YES
gs_entities_lga_backup_20260809c,2,abn,text,YES
gs_entities_lga_backup_20260809c,3,postcode,text,YES
gs_entities_lga_backup_20260809c,4,state,text,YES
gs_entities_lga_backup_20260809c,5,lga_name,text,YES
gs_entities_lga_backup_20260809c,6,lga_code,text,YES
gs_entities_lga_backup_20260809c,7,lga_source,text,YES
gs_entities_reason_backup_20260809b,1,id,uuid,YES
gs_entities_reason_backup_20260809b,2,abn,text,YES
gs_entities_reason_backup_20260809b,3,postcode,text,YES
gs_entities_reason_backup_20260809b,4,state,text,YES
gs_entities_reason_backup_20260809b,5,lga_source,text,YES
gs_entities_state_backup_20260809,1,id,uuid,YES
gs_entities_state_backup_20260809,2,abn,text,YES
gs_entities_state_backup_20260809,3,state,text,YES
gs_entities_state_backup_20260809,4,lga_source,text,YES
gs_entity_aliases,1,id,uuid,NO
gs_entity_aliases,2,entity_id,uuid,NO
gs_entity_aliases,3,alias_type,text,NO
gs_entity_aliases,4,alias_value,text,NO
gs_entity_aliases,5,source,text,NO
gs_entity_aliases,6,is_primary,boolean,YES
gs_entity_aliases,7,created_at,timestamp with time zone,YES
gs_graph_completeness_log,1,id,bigint,NO
gs_graph_completeness_log,2,checked_at,timestamp with time zone,NO
gs_graph_completeness_log,3,dataset,text,NO
gs_graph_completeness_log,4,relationship_type,text,YES
gs_graph_completeness_log,5,expected_edges,bigint,NO
gs_graph_completeness_log,6,actual_edges,bigint,NO
gs_graph_completeness_log,7,source_rows,bigint,YES
gs_graph_completeness_log,8,drift_pct,numeric,YES
gs_graph_completeness_log,9,coverage_pct,numeric,YES
gs_graph_completeness_log,10,status,text,NO
gs_graph_completeness_log,11,threshold,numeric,NO
gs_graph_completeness_log,12,duration_ms,integer,YES
gs_graph_completeness_log,13,run_id,uuid,YES
gs_relationships,1,id,uuid,NO
gs_relationships,2,source_entity_id,uuid,NO
gs_relationships,3,target_entity_id,uuid,NO
gs_relationships,4,relationship_type,text,NO
gs_relationships,5,amount,numeric,YES
gs_relationships,6,currency,text,YES
gs_relationships,7,year,integer,YES
gs_relationships,8,start_date,date,YES
gs_relationships,9,end_date,date,YES
gs_relationships,10,dataset,text,NO
gs_relationships,11,source_record_id,text,YES
gs_relationships,12,source_url,text,YES
gs_relationships,13,confidence,text,YES
gs_relationships,14,first_seen,timestamp with time zone,YES
gs_relationships,15,last_seen,timestamp with time zone,YES
gs_relationships,16,created_at,timestamp with time zone,YES
gs_relationships,17,properties,jsonb,YES
harvest_businesses,1,id,integer,NO
harvest_businesses,2,name,text,NO
harvest_businesses,3,category,text,NO
harvest_businesses,4,description,text,NO
harvest_businesses,5,address,text,YES
harvest_businesses,6,phone,text,YES
harvest_businesses,7,email,text,YES
harvest_businesses,8,website,text,YES
harvest_businesses,9,facebook,text,YES
harvest_businesses,10,instagram,text,YES
harvest_businesses,11,imageUrl,text,YES
harvest_businesses,12,submittedBy,text,YES
harvest_businesses,13,submitterEmail,text,NO
harvest_businesses,14,userOpenId,text,YES
harvest_businesses,15,status,text,NO
harvest_businesses,16,created_at,timestamp with time zone,YES
harvest_businesses,17,updated_at,timestamp with time zone,YES
harvest_events,1,id,integer,NO
harvest_events,2,title,text,NO
harvest_events,3,date,date,NO
harvest_events,4,time,text,NO
harvest_events,5,location,text,NO
harvest_events,6,category,text,NO
harvest_events,7,description,text,NO
harvest_events,8,contactEmail,text,NO
harvest_events,9,submittedBy,text,YES
harvest_events,10,status,text,NO
harvest_events,11,created_at,timestamp with time zone,YES
harvest_events,12,updated_at,timestamp with time zone,YES
health_alerts,1,id,uuid,NO
health_alerts,2,site_id,uuid,NO
health_alerts,3,alert_type,text,NO
health_alerts,4,severity,text,NO
health_alerts,5,message,text,NO
health_alerts,6,previous_score,integer,YES
health_alerts,7,current_score,integer,YES
health_alerts,8,acknowledged,boolean,YES
health_alerts,9,acknowledged_by,text,YES
health_alerts,10,acknowledged_at,timestamp with time zone,YES
health_alerts,11,resolved,boolean,YES
health_alerts,12,resolved_at,timestamp with time zone,YES
health_alerts,13,created_at,timestamp with time zone,YES
historical_inquiries,1,id,uuid,NO
historical_inquiries,2,title,text,NO
historical_inquiries,3,inquiry_type,text,YES
historical_inquiries,4,jurisdiction,text,YES
historical_inquiries,5,year_published,integer,YES
historical_inquiries,6,year_started,integer,YES
historical_inquiries,7,summary,text,YES
historical_inquiries,8,source_url,text,YES
historical_inquiries,9,pdf_url,text,YES
historical_inquiries,10,key_findings,jsonb,YES
historical_inquiries,11,recommendations_count,integer,YES
historical_inquiries,12,implementation_status,text,YES
historical_inquiries,13,related_intervention_ids,ARRAY,YES
historical_inquiries,14,created_at,timestamp with time zone,YES
historical_inquiries,15,updated_at,timestamp with time zone,YES
idea_ack,1,id,uuid,NO
idea_ack,2,idea_id,uuid,NO
idea_ack,3,acked_at,timestamp with time zone,NO
idea_ack,4,acked_by,text,NO
idea_ack,5,reminder_id,text,YES
idea_board,1,id,uuid,NO
idea_board,2,text,text,NO
idea_board,3,category,text,YES
idea_board,4,tags,ARRAY,YES
idea_board,5,color,text,YES
idea_board,6,links,ARRAY,YES
idea_board,7,pipeline_link_id,uuid,YES
idea_board,8,project_code,text,YES
idea_board,9,energy,smallint,YES
idea_board,10,status,text,YES
idea_board,11,notes,text,YES
idea_board,12,created_at,timestamp with time zone,NO
idea_board,13,updated_at,timestamp with time zone,NO
idea_board,14,value_estimate,numeric,YES
idea_board,15,lifecycle_stage,text,YES
idea_board,16,owner,text,YES
idea_board,17,kill_reason,text,YES
idea_board,18,stage_entered_at,timestamp with time zone,NO
idea_snoozes,1,id,uuid,NO
idea_snoozes,2,idea_id,uuid,NO
idea_snoozes,3,snoozed_at,timestamp with time zone,NO
idea_snoozes,4,snoozed_until,date,NO
idea_snoozes,5,by_owner,text,NO
ignored_email_patterns,1,id,uuid,NO
ignored_email_patterns,2,pattern_type,text,NO
ignored_email_patterns,3,pattern,text,NO
ignored_email_patterns,4,reason,text,YES
ignored_email_patterns,5,created_at,timestamp with time zone,YES
image_overrides,1,id,integer,NO
image_overrides,2,page,character varying,NO
image_overrides,3,slot,character varying,NO
image_overrides,4,media_asset_id,character varying,NO
image_overrides,5,src,character varying,NO
image_overrides,6,alt_text,character varying,YES
image_overrides,7,title,character varying,YES
image_overrides,8,set_by,integer,YES
image_overrides,9,created_at,timestamp with time zone,NO
image_overrides,10,updated_at,timestamp with time zone,NO
imessage_attachments,1,id,uuid,NO
imessage_attachments,2,communication_id,uuid,YES
imessage_attachments,3,message_rowid,bigint,NO
imessage_attachments,4,filename,text,YES
imessage_attachments,5,mime_type,text,YES
imessage_attachments,6,file_size,bigint,YES
imessage_attachments,7,local_path,text,YES
imessage_attachments,8,storage_path,text,YES
imessage_attachments,9,ai_description,text,YES
imessage_attachments,10,ocr_text,text,YES
imessage_attachments,11,embedding,USER-DEFINED,YES
imessage_attachments,12,created_at,timestamp with time zone,YES
integration_events,1,id,uuid,NO
integration_events,2,source,text,NO
integration_events,3,event_type,text,NO
integration_events,4,entity_type,text,NO
integration_events,5,entity_id,text,NO
integration_events,6,supabase_id,uuid,YES
integration_events,7,payload,jsonb,YES
integration_events,8,triggered_by,text,YES
integration_events,9,latency_ms,integer,YES
integration_events,10,created_at,timestamp with time zone,YES
integration_events,11,action,text,YES
integration_events,12,error,text,YES
integration_events,13,processed_at,timestamp with time zone,YES
integration_outbox,1,id,uuid,NO
integration_outbox,2,provider,text,NO
integration_outbox,3,event_type,text,NO
integration_outbox,4,dedupe_key,text,NO
integration_outbox,5,payload,jsonb,NO
integration_outbox,6,source,text,YES
integration_outbox,7,status,text,NO
integration_outbox,8,attempt_count,integer,NO
integration_outbox,9,next_attempt_at,timestamp with time zone,NO
integration_outbox,10,locked_at,timestamp with time zone,YES
integration_outbox,11,locked_by,text,YES
integration_outbox,12,completed_at,timestamp with time zone,YES
integration_outbox,13,last_error,text,YES
integration_outbox,14,created_at,timestamp with time zone,NO
integration_outbox,15,updated_at,timestamp with time zone,NO
integration_webhook_events,1,id,uuid,NO
integration_webhook_events,2,provider,text,NO
integration_webhook_events,3,external_event_id,text,NO
integration_webhook_events,4,event_type,text,NO
integration_webhook_events,5,payload,jsonb,NO
integration_webhook_events,6,received_at,timestamp with time zone,NO
integration_webhook_events,7,processed_at,timestamp with time zone,YES
integration_webhook_events,8,status,text,NO
integration_webhook_events,9,last_error,text,YES
integration_webhook_events,10,created_at,timestamp with time zone,NO
integration_webhook_events,11,updated_at,timestamp with time zone,NO
intelligence_briefings,1,id,uuid,NO
intelligence_briefings,2,generated_at,timestamp with time zone,NO
intelligence_briefings,3,summary,text,NO
intelligence_briefings,4,highlights,jsonb,YES
intelligence_briefings,5,metrics,jsonb,YES
intelligence_briefings,6,created_by,text,YES
intelligence_briefings,7,metadata,jsonb,YES
intelligence_geo_alerts,1,id,uuid,NO
intelligence_geo_alerts,2,region,text,NO
intelligence_geo_alerts,3,stage,text,YES
intelligence_geo_alerts,4,severity,text,YES
intelligence_geo_alerts,5,projects,jsonb,YES
intelligence_geo_alerts,6,recommendation,text,YES
intelligence_geo_alerts,7,triggered_at,timestamp with time zone,NO
intelligence_geo_alerts,8,metadata,jsonb,YES
intelligence_insights,1,id,uuid,NO
intelligence_insights,2,insight_type,text,NO
intelligence_insights,3,title,text,NO
intelligence_insights,4,description,text,YES
intelligence_insights,5,priority,text,YES
intelligence_insights,6,status,text,YES
intelligence_insights,7,data,jsonb,YES
intelligence_insights,8,source_type,text,YES
intelligence_insights,9,source_id,text,YES
intelligence_insights,10,dedup_key,text,YES
intelligence_insights,11,acted_at,timestamp with time zone,YES
intelligence_insights,12,dismissed_at,timestamp with time zone,YES
intelligence_insights,13,expires_at,timestamp with time zone,YES
intelligence_insights,14,created_at,timestamp with time zone,YES
intelligence_insights,15,updated_at,timestamp with time zone,YES
intelligence_refusals,1,id,uuid,NO
intelligence_refusals,2,agent,text,NO
intelligence_refusals,3,prompt,text,NO
intelligence_refusals,4,reason,text,NO
intelligence_refusals,5,created_at,timestamp with time zone,NO
intelligence_refusals,6,metadata,jsonb,YES
international_programs,1,id,uuid,NO
international_programs,2,name,text,NO
international_programs,3,slug,text,NO
international_programs,4,country,text,NO
international_programs,5,region,USER-DEFINED,NO
international_programs,6,city_location,text,YES
international_programs,7,program_type,ARRAY,NO
international_programs,8,description,text,NO
international_programs,9,approach_summary,text,NO
international_programs,10,target_population,text,YES
international_programs,11,year_established,integer,YES
international_programs,12,key_outcomes,jsonb,YES
international_programs,13,recidivism_rate,numeric,YES
international_programs,14,recidivism_comparison,text,YES
international_programs,15,evidence_strength,USER-DEFINED,YES
international_programs,16,research_citations,jsonb,YES
international_programs,17,cost_benefit_ratio,text,YES
international_programs,18,scale,text,YES
international_programs,19,population_served,integer,YES
international_programs,20,australian_adaptations,ARRAY,YES
international_programs,21,visit_status,text,YES
international_programs,22,visit_date,date,YES
international_programs,23,visit_notes,text,YES
international_programs,24,collaboration_opportunities,text,YES
international_programs,25,featured_image_url,text,YES
international_programs,26,website_url,text,YES
international_programs,27,contact_email,text,YES
international_programs,28,documents,jsonb,YES
international_programs,29,related_story_ids,ARRAY,YES
international_programs,30,related_program_ids,ARRAY,YES
international_programs,31,created_at,timestamp with time zone,YES
international_programs,32,updated_at,timestamp with time zone,YES
international_programs,33,created_by,uuid,YES
international_programs,34,status,text,YES
invoice_project_map,1,id,uuid,NO
invoice_project_map,2,invoice_id,uuid,NO
invoice_project_map,3,project_code,text,NO
invoice_project_map,4,income_type,text,NO
invoice_project_map,5,milestone,text,YES
invoice_project_map,6,notes,text,YES
invoice_project_map,7,created_at,timestamp with time zone,YES
invoice_project_map,8,chase_status,text,YES
invoice_project_overrides,1,xero_invoice_id,text,NO
invoice_project_overrides,2,project_code,text,NO
invoice_project_overrides,3,income_kind,text,YES
invoice_project_overrides,4,note,text,YES
invoice_project_overrides,5,created_at,timestamp with time zone,YES
invoice_project_overrides,6,updated_at,timestamp with time zone,YES
invoice_project_overrides,7,tags,ARRAY,YES
invoice_project_overrides,8,xero_tenant_id,text,YES
jm_answer_feedback,1,id,uuid,NO
jm_answer_feedback,2,answer_id,uuid,YES
jm_answer_feedback,3,question,text,NO
jm_answer_feedback,4,surface,text,YES
jm_answer_feedback,5,verdict,text,NO
jm_answer_feedback,6,note,text,YES
jm_answer_feedback,7,looking_for,text,YES
jm_answer_feedback,8,created_at,timestamp with time zone,NO
jm_answer_feedback,9,record_kind,text,YES
jm_answer_feedback,10,record_id,text,YES
jm_answer_feedback,11,record_label,text,YES
jm_answer_feedback,12,path,text,YES
jm_answers,1,id,uuid,NO
jm_answers,2,question,text,NO
jm_answers,3,surface,text,NO
jm_answers,4,answer,text,NO
jm_answers,5,answer_structured,jsonb,YES
jm_answers,6,citations,jsonb,NO
jm_answers,7,retrieval,jsonb,YES
jm_answers,8,faithfulness,jsonb,YES
jm_answers,9,corpus_cases,integer,YES
jm_answers,10,corpus_campaigns,integer,YES
jm_answers,11,frozen_at,timestamp with time zone,NO
jm_answers,12,saved_by_email,text,YES
jm_eval_cases,1,id,uuid,NO
jm_eval_cases,2,question,text,NO
jm_eval_cases,3,surface,text,YES
jm_eval_cases,4,source,text,NO
jm_eval_cases,5,feedback_id,uuid,YES
jm_eval_cases,6,expected_notes,text,YES
jm_eval_cases,7,active,boolean,NO
jm_eval_cases,8,created_at,timestamp with time zone,NO
jm_external_cache,1,id,uuid,NO
jm_external_cache,2,query_hash,text,NO
jm_external_cache,3,source,text,NO
jm_external_cache,4,payload,jsonb,NO
jm_external_cache,5,fetched_at,timestamp with time zone,NO
jm_external_ids,1,id,uuid,NO
jm_external_ids,2,record_id,uuid,NO
jm_external_ids,3,scheme,text,NO
jm_external_ids,4,value,text,NO
jm_external_ids,5,created_at,timestamp with time zone,NO
jm_rate_limits,1,key,text,NO
jm_rate_limits,2,window_bucket,bigint,NO
jm_rate_limits,3,count,integer,NO
jm_rate_limits,4,expires_at,timestamp with time zone,NO
jm_result_events,1,id,uuid,NO
jm_result_events,2,event,text,NO
jm_result_events,3,kind,text,YES
jm_result_events,4,record_id,uuid,YES
jm_result_events,5,label,text,YES
jm_result_events,6,answer_id,uuid,YES
jm_result_events,7,question_hash,text,YES
jm_result_events,8,surface,text,YES
jm_result_events,9,created_at,timestamp with time zone,NO
jm_subscribers,1,email,text,NO
jm_subscribers,2,digest_frequency,text,NO
jm_subscribers,3,surface,text,YES
jm_subscribers,4,verified_at,timestamp with time zone,YES
jm_subscribers,5,created_at,timestamp with time zone,NO
jm_subscribers,6,updated_at,timestamp with time zone,NO
jm_subscribers,7,last_digest_sent_at,timestamp with time zone,YES
jm_watches,1,id,uuid,NO
jm_watches,2,entity_kind,text,NO
jm_watches,3,entity_id,text,NO
jm_watches,4,entity_label,text,YES
jm_watches,5,email,text,NO
jm_watches,6,surface,text,YES
jm_watches,7,ghl_synced,boolean,NO
jm_watches,8,created_at,timestamp with time zone,NO
jr_evaluations,1,id,uuid,NO
jr_evaluations,2,program_name,text,YES
jr_evaluations,3,site_location,text,YES
jr_evaluations,4,alma_organization_id,uuid,YES
jr_evaluations,5,evaluator,text,YES
jr_evaluations,6,publication_year,integer,YES
jr_evaluations,7,evaluation_type,text,YES
jr_evaluations,8,program_cost_dollars,bigint,YES
jr_evaluations,9,claimed_savings_dollars,bigint,YES
jr_evaluations,10,outcomes_json,jsonb,YES
jr_evaluations,11,source_url,text,NO
jr_evaluations,12,pdf_storage_path,text,YES
jr_evaluations,13,verification_status,text,YES
jr_evaluations,14,extracted_at,timestamp with time zone,YES
jr_evaluations,15,extractor,jsonb,YES
jr_evaluations,16,ingested_at,timestamp with time zone,YES
jr_evidence_drafts,1,id,uuid,NO
jr_evidence_drafts,2,jr_site_id,uuid,NO
jr_evidence_drafts,3,evidence_type,text,NO
jr_evidence_drafts,4,current_step,smallint,NO
jr_evidence_drafts,5,status,text,NO
jr_evidence_drafts,6,what_changed,text,YES
jr_evidence_drafts,7,value_text,text,YES
jr_evidence_drafts,8,unit,text,YES
jr_evidence_drafts,9,direction,text,YES
jr_evidence_drafts,10,year,integer,YES
jr_evidence_drafts,11,who_scope,text,YES
jr_evidence_drafts,12,where_scope,text,YES
jr_evidence_drafts,13,period_label,text,YES
jr_evidence_drafts,14,source_title,text,YES
jr_evidence_drafts,15,source_url,text,YES
jr_evidence_drafts,16,source_page,text,YES
jr_evidence_drafts,17,context_note,text,YES
jr_evidence_drafts,18,story_related_site_id,uuid,YES
jr_evidence_drafts,19,selected_outcome_id,uuid,YES
jr_evidence_drafts,20,outcome_link_confirmed,boolean,NO
jr_evidence_drafts,21,allowed_purposes,ARRAY,NO
jr_evidence_drafts,22,created_by,uuid,NO
jr_evidence_drafts,23,updated_by,uuid,NO
jr_evidence_drafts,24,created_at,timestamp with time zone,NO
jr_evidence_drafts,25,updated_at,timestamp with time zone,NO
jr_evidence_drafts,26,submitted_at,timestamp with time zone,YES
jr_evidence_drafts,27,promoted_metric_id,uuid,YES
jr_evidence_drafts,28,promoted_evaluation_id,uuid,YES
jr_evidence_drafts,29,promoted_evidence_link_id,uuid,YES
jr_evidence_drafts,30,promoted_by,uuid,YES
jr_evidence_drafts,31,promoted_at,timestamp with time zone,YES
jr_outcome_evidence_links,1,id,uuid,NO
jr_outcome_evidence_links,2,jr_outcome_id,uuid,NO
jr_outcome_evidence_links,3,jr_site_metric_id,uuid,YES
jr_outcome_evidence_links,4,story_related_site_id,uuid,YES
jr_outcome_evidence_links,5,jr_evaluation_id,uuid,YES
jr_outcome_evidence_links,6,relevance_note,text,NO
jr_outcome_evidence_links,7,local_interpretation,text,YES
jr_outcome_evidence_links,8,contribution_claim,text,YES
jr_outcome_evidence_links,9,source_title,text,YES
jr_outcome_evidence_links,10,source_url,text,YES
jr_outcome_evidence_links,11,source_page,text,YES
jr_outcome_evidence_links,12,display_order,integer,NO
jr_outcome_evidence_links,13,workflow_state,text,NO
jr_outcome_evidence_links,14,visibility,text,NO
jr_outcome_evidence_links,15,allowed_purposes,ARRAY,NO
jr_outcome_evidence_links,16,is_active,boolean,NO
jr_outcome_evidence_links,17,approved_by,uuid,YES
jr_outcome_evidence_links,18,approved_at,timestamp with time zone,YES
jr_outcome_evidence_links,19,created_by,uuid,YES
jr_outcome_evidence_links,20,updated_by,uuid,YES
jr_outcome_evidence_links,21,created_at,timestamp with time zone,NO
jr_outcome_evidence_links,22,updated_at,timestamp with time zone,NO
jr_outcome_evidence_links,23,withdrawn_at,timestamp with time zone,YES
jr_outcome_evidence_links,24,withdrawn_by,uuid,YES
jr_outcome_evidence_links,25,withdrawal_note,text,YES
jr_outcomes,1,id,uuid,NO
jr_outcomes,2,jr_site_id,uuid,NO
jr_outcomes,3,local_title,text,NO
jr_outcomes,4,local_domain,text,YES
jr_outcomes,5,community_interpretation,text,YES
jr_outcomes,6,authority_note,text,YES
jr_outcomes,7,shared_domain,text,YES
jr_outcomes,8,latest_period_label,text,YES
jr_outcomes,9,workflow_state,text,NO
jr_outcomes,10,visibility,text,NO
jr_outcomes,11,allowed_purposes,ARRAY,NO
jr_outcomes,12,approved_by,uuid,YES
jr_outcomes,13,approved_at,timestamp with time zone,YES
jr_outcomes,14,next_review_at,timestamp with time zone,YES
jr_outcomes,15,created_by,uuid,YES
jr_outcomes,16,updated_by,uuid,YES
jr_outcomes,17,created_at,timestamp with time zone,NO
jr_outcomes,18,updated_at,timestamp with time zone,NO
jr_outcomes,19,withdrawn_at,timestamp with time zone,YES
jr_outcomes,20,withdrawn_by,uuid,YES
jr_outcomes,21,withdrawal_note,text,YES
jr_publication_snapshots,1,id,uuid,NO
jr_publication_snapshots,2,jr_site_id,uuid,NO
jr_publication_snapshots,3,version,integer,NO
jr_publication_snapshots,4,snapshot_schema_version,integer,NO
jr_publication_snapshots,5,status,text,NO
jr_publication_snapshots,6,public_payload,jsonb,NO
jr_publication_snapshots,7,source_outcome_ids,ARRAY,NO
jr_publication_snapshots,8,publication_note,text,YES
jr_publication_snapshots,9,created_by,uuid,NO
jr_publication_snapshots,10,created_at,timestamp with time zone,NO
jr_publication_snapshots,11,published_by,uuid,YES
jr_publication_snapshots,12,published_at,timestamp with time zone,YES
jr_publication_snapshots,13,withdrawn_by,uuid,YES
jr_publication_snapshots,14,withdrawn_at,timestamp with time zone,YES
jr_publication_snapshots,15,withdrawal_note,text,YES
jr_review_decisions,1,id,uuid,NO
jr_review_decisions,2,jr_outcome_id,uuid,YES
jr_review_decisions,3,jr_outcome_evidence_link_id,uuid,YES
jr_review_decisions,4,decision,text,NO
jr_review_decisions,5,authority_scope,text,NO
jr_review_decisions,6,actor_id,uuid,NO
jr_review_decisions,7,actor_role,text,NO
jr_review_decisions,8,note,text,NO
jr_review_decisions,9,audience,text,NO
jr_review_decisions,10,allowed_purposes,ARRAY,NO
jr_review_decisions,11,decided_at,timestamp with time zone,NO
jr_review_decisions,12,created_at,timestamp with time zone,NO
jr_review_decisions,13,jr_evidence_draft_id,uuid,YES
jr_site_authorities,1,jr_site_id,uuid,NO
jr_site_authorities,2,organization_id,uuid,NO
jr_site_authorities,3,status,text,NO
jr_site_authorities,4,authority_basis,text,NO
jr_site_authorities,5,publication_enabled,boolean,NO
jr_site_authorities,6,verification_note,text,NO
jr_site_authorities,7,verified_at,timestamp with time zone,YES
jr_site_authorities,8,verified_by,uuid,YES
jr_site_authorities,9,revoked_at,timestamp with time zone,YES
jr_site_authorities,10,revoked_by,uuid,YES
jr_site_authorities,11,revocation_note,text,YES
jr_site_authorities,12,created_at,timestamp with time zone,NO
jr_site_authorities,13,updated_at,timestamp with time zone,NO
jr_site_front_door,1,jr_site_id,uuid,YES
jr_site_front_door,2,confirmed_website,text,YES
jr_site_front_door,3,logo_url,text,YES
jr_site_front_door,4,website_checked_at,timestamp with time zone,YES
jr_site_impact_figures,1,id,uuid,NO
jr_site_impact_figures,2,jr_site_id,uuid,NO
jr_site_impact_figures,3,label,text,NO
jr_site_impact_figures,4,value_text,text,NO
jr_site_impact_figures,5,value_numeric,numeric,YES
jr_site_impact_figures,6,unit,text,YES
jr_site_impact_figures,7,period_label,text,YES
jr_site_impact_figures,8,method_note,text,YES
jr_site_impact_figures,9,source_url,text,YES
jr_site_impact_figures,10,asserter_kind,text,NO
jr_site_impact_figures,11,claim_basis,text,NO
jr_site_impact_figures,12,asserter_name,text,YES
jr_site_impact_figures,13,visibility,text,NO
jr_site_impact_figures,14,withdrawn_at,timestamp with time zone,YES
jr_site_impact_figures,15,created_at,timestamp with time zone,NO
jr_site_impact_figures,16,updated_at,timestamp with time zone,NO
jr_site_impact_figures,17,updated_by,uuid,YES
jr_site_impact_figures,18,measures_item_id,uuid,YES
jr_site_impact_figures,19,period_start,date,YES
jr_site_impact_figures,20,period_end,date,YES
jr_site_impact_figures,21,period_basis,text,YES
jr_site_impact_figures,22,topics,ARRAY,NO
jr_site_impact_figures,23,search_tsv,tsvector,YES
jr_site_links,1,id,uuid,NO
jr_site_links,2,from_site_id,uuid,NO
jr_site_links,3,to_site_id,uuid,NO
jr_site_links,4,link_type,text,NO
jr_site_links,5,note,text,YES
jr_site_links,6,created_by,uuid,YES
jr_site_links,7,is_public,boolean,NO
jr_site_links,8,created_at,timestamp with time zone,NO
jr_site_metrics,1,id,uuid,NO
jr_site_metrics,2,jr_site_id,uuid,NO
jr_site_metrics,3,metric,text,NO
jr_site_metrics,4,value,text,NO
jr_site_metrics,5,as_reported,text,NO
jr_site_metrics,6,source_url,text,NO
jr_site_metrics,7,year,integer,YES
jr_site_metrics,8,metric_class,text,NO
jr_site_metrics,9,verify_verdict,text,YES
jr_site_metrics,10,verify_note,text,YES
jr_site_metrics,11,confirmed,boolean,NO
jr_site_metrics,12,confirmed_by_org,boolean,NO
jr_site_metrics,13,value_numeric,numeric,YES
jr_site_metrics,14,value_unit,text,YES
jr_site_metrics,15,metric_key,text,YES
jr_site_metrics,16,evaluation_id,uuid,YES
jr_site_metrics,17,created_at,timestamp with time zone,NO
jr_site_metrics,18,updated_at,timestamp with time zone,NO
jr_site_metrics,19,reviewed_at,timestamp with time zone,YES
jr_site_metrics,20,reviewed_by,uuid,YES
jr_site_metrics,21,review_note,text,YES
jr_site_research,1,id,uuid,NO
jr_site_research,2,jr_site_id,uuid,NO
jr_site_research,3,confirmed_website,text,YES
jr_site_research,4,website_checked_at,timestamp with time zone,YES
jr_site_research,5,logo_url,text,YES
jr_site_research,6,one_line,text,YES
jr_site_research,7,community_description,text,YES
jr_site_research,8,asserter_kind,text,NO
jr_site_research,9,claim_basis,text,NO
jr_site_research,10,asserter_name,text,YES
jr_site_research,11,created_at,timestamp with time zone,NO
jr_site_research,12,updated_at,timestamp with time zone,NO
jr_site_research,13,updated_by,uuid,YES
jr_site_research_items,1,id,uuid,NO
jr_site_research_items,2,jr_site_id,uuid,NO
jr_site_research_items,3,item_kind,text,NO
jr_site_research_items,4,title,text,NO
jr_site_research_items,5,detail,text,YES
jr_site_research_items,6,occurred_label,text,YES
jr_site_research_items,7,source_url,text,YES
jr_site_research_items,8,asserter_kind,text,NO
jr_site_research_items,9,claim_basis,text,NO
jr_site_research_items,10,asserter_name,text,YES
jr_site_research_items,11,visibility,text,NO
jr_site_research_items,12,withdrawn_at,timestamp with time zone,YES
jr_site_research_items,13,withdrawal_note,text,YES
jr_site_research_items,14,created_at,timestamp with time zone,NO
jr_site_research_items,15,updated_at,timestamp with time zone,NO
jr_site_research_items,16,updated_by,uuid,YES
jr_site_research_items,17,parent_item_id,uuid,YES
jr_site_research_items,18,topics,ARRAY,NO
jr_site_research_items,19,search_tsv,tsvector,YES
jr_sites,1,id,uuid,NO
jr_sites,2,match_name,text,NO
jr_sites,3,slug,text,NO
jr_sites,4,display_name,text,NO
jr_sites,5,state,text,YES
jr_sites,6,town,text,YES
jr_sites,7,lat,double precision,YES
jr_sites,8,lng,double precision,YES
jr_sites,9,website,text,YES
jr_sites,10,logo_url,text,YES
jr_sites,11,blurb,text,YES
jr_sites,12,lead_organization_id,uuid,YES
jr_sites,13,jr_site_tag,text,YES
jr_sites,14,confirmed_site,boolean,NO
jr_sites,15,data_quality,text,YES
jr_sites,16,created_at,timestamp with time zone,NO
jr_sites,17,updated_at,timestamp with time zone,NO
jr_sites,18,published_at,timestamp with time zone,YES
justice_funding,1,id,uuid,NO
justice_funding,2,source,text,NO
justice_funding,3,source_url,text,YES
justice_funding,4,source_statement_id,text,YES
justice_funding,5,recipient_name,text,NO
justice_funding,6,recipient_abn,text,YES
justice_funding,7,program_name,text,NO
justice_funding,8,program_round,text,YES
justice_funding,9,amount_dollars,numeric,YES
justice_funding,10,state,text,YES
justice_funding,11,location,text,YES
justice_funding,12,funding_type,text,YES
justice_funding,13,sector,text,YES
justice_funding,14,project_description,text,YES
justice_funding,15,announcement_date,date,YES
justice_funding,16,financial_year,text,YES
justice_funding,17,alma_intervention_id,uuid,YES
justice_funding,18,alma_organization_id,uuid,YES
justice_funding,19,created_at,timestamp with time zone,YES
justice_funding,20,updated_at,timestamp with time zone,YES
justice_funding,21,gs_entity_id,uuid,YES
justice_funding,22,topics,ARRAY,YES
justice_funding,23,is_aggregate,boolean,YES
justice_funding,24,link_basis,text,YES
justice_funding,25,linked_at,timestamp with time zone,YES
justice_funding,26,measure_kind,text,YES
justice_funding_clean,1,id,uuid,YES
justice_funding_clean,2,source,text,YES
justice_funding_clean,3,source_url,text,YES
justice_funding_clean,4,source_statement_id,text,YES
justice_funding_clean,5,recipient_name,text,YES
justice_funding_clean,6,recipient_abn,text,YES
justice_funding_clean,7,program_name,text,YES
justice_funding_clean,8,program_round,text,YES
justice_funding_clean,9,amount_dollars,numeric,YES
justice_funding_clean,10,state,text,YES
justice_funding_clean,11,location,text,YES
justice_funding_clean,12,funding_type,text,YES
justice_funding_clean,13,sector,text,YES
justice_funding_clean,14,project_description,text,YES
justice_funding_clean,15,announcement_date,date,YES
justice_funding_clean,16,financial_year,text,YES
justice_funding_clean,17,alma_intervention_id,uuid,YES
justice_funding_clean,18,alma_organization_id,uuid,YES
justice_funding_clean,19,created_at,timestamp with time zone,YES
justice_funding_clean,20,updated_at,timestamp with time zone,YES
justice_funding_clean,21,gs_entity_id,uuid,YES
justice_funding_clean,22,topics,ARRAY,YES
justice_matrix_campaigns,1,id,uuid,NO
justice_matrix_campaigns,2,country_region,text,NO
justice_matrix_campaigns,3,campaign_name,text,NO
justice_matrix_campaigns,4,lead_organizations,text,YES
justice_matrix_campaigns,5,goals,text,YES
justice_matrix_campaigns,6,notable_tactics,text,YES
justice_matrix_campaigns,7,outcome_status,text,YES
justice_matrix_campaigns,8,campaign_link,text,YES
justice_matrix_campaigns,9,start_year,integer,YES
justice_matrix_campaigns,10,end_year,integer,YES
justice_matrix_campaigns,11,is_ongoing,boolean,YES
justice_matrix_campaigns,12,campaign_type,text,YES
justice_matrix_campaigns,13,source,text,YES
justice_matrix_campaigns,14,contributor_org,text,YES
justice_matrix_campaigns,15,verified,boolean,YES
justice_matrix_campaigns,16,verified_by,text,YES
justice_matrix_campaigns,17,verified_at,timestamp with time zone,YES
justice_matrix_campaigns,18,created_at,timestamp with time zone,YES
justice_matrix_campaigns,19,updated_at,timestamp with time zone,YES
justice_matrix_campaigns,20,lat,numeric,YES
justice_matrix_campaigns,21,lng,numeric,YES
justice_matrix_campaigns,22,country_code,character varying,YES
justice_matrix_campaigns,23,categories,ARRAY,YES
justice_matrix_campaigns,24,featured,boolean,YES
justice_matrix_campaigns,25,featured_at,timestamp with time zone,YES
justice_matrix_campaigns,26,embedding,USER-DEFINED,YES
justice_matrix_campaigns,27,external_id,text,YES
justice_matrix_campaigns,28,external_source,text,YES
justice_matrix_campaigns,29,link_status,text,YES
justice_matrix_campaigns,30,link_checked_at,timestamp with time zone,YES
justice_matrix_case_campaigns,1,id,uuid,NO
justice_matrix_case_campaigns,2,case_id,uuid,NO
justice_matrix_case_campaigns,3,campaign_id,uuid,NO
justice_matrix_case_campaigns,4,relationship,text,NO
justice_matrix_case_campaigns,5,note,text,YES
justice_matrix_case_campaigns,6,created_by,text,YES
justice_matrix_case_campaigns,7,created_at,timestamp with time zone,YES
justice_matrix_case_campaigns,8,status,text,NO
justice_matrix_case_campaigns,9,confirmed_by,text,YES
justice_matrix_case_campaigns,10,confirmed_at,timestamp with time zone,YES
justice_matrix_case_campaigns,11,proposed_reason,text,YES
justice_matrix_case_campaigns,12,proposal_score,numeric,YES
justice_matrix_cases,1,id,uuid,NO
justice_matrix_cases,2,jurisdiction,text,NO
justice_matrix_cases,3,case_citation,text,NO
justice_matrix_cases,4,year,integer,YES
justice_matrix_cases,5,court,text,YES
justice_matrix_cases,6,strategic_issue,text,YES
justice_matrix_cases,7,key_holding,text,YES
justice_matrix_cases,8,authoritative_link,text,YES
justice_matrix_cases,9,region,text,YES
justice_matrix_cases,10,case_type,text,YES
justice_matrix_cases,11,status,text,YES
justice_matrix_cases,12,source,text,YES
justice_matrix_cases,13,contributor_org,text,YES
justice_matrix_cases,14,verified,boolean,YES
justice_matrix_cases,15,verified_by,text,YES
justice_matrix_cases,16,verified_at,timestamp with time zone,YES
justice_matrix_cases,17,created_at,timestamp with time zone,YES
justice_matrix_cases,18,updated_at,timestamp with time zone,YES
justice_matrix_cases,19,lat,numeric,YES
justice_matrix_cases,20,lng,numeric,YES
justice_matrix_cases,21,country_code,character varying,YES
justice_matrix_cases,22,categories,ARRAY,YES
justice_matrix_cases,23,outcome,character varying,YES
justice_matrix_cases,24,precedent_strength,character varying,YES
justice_matrix_cases,25,featured,boolean,YES
justice_matrix_cases,26,featured_at,timestamp with time zone,YES
justice_matrix_cases,27,embedding,USER-DEFINED,YES
justice_matrix_cases,28,facts,text,YES
justice_matrix_cases,29,reasoning,text,YES
justice_matrix_cases,30,dissents,text,YES
justice_matrix_cases,31,statutes_cited,ARRAY,YES
justice_matrix_cases,32,cases_cited,ARRAY,YES
justice_matrix_cases,33,judges,ARRAY,YES
justice_matrix_cases,34,human_confirmed,boolean,NO
justice_matrix_cases,35,ai_extracted_at,timestamp with time zone,YES
justice_matrix_cases,36,external_id,text,YES
justice_matrix_cases,37,external_source,text,YES
justice_matrix_cases,38,link_status,text,YES
justice_matrix_cases,39,link_checked_at,timestamp with time zone,YES
justice_matrix_discovered,1,id,uuid,NO
justice_matrix_discovered,2,source_id,uuid,YES
justice_matrix_discovered,3,source_url,text,NO
justice_matrix_discovered,4,item_type,character varying,NO
justice_matrix_discovered,5,raw_data,jsonb,NO
justice_matrix_discovered,6,extracted_title,text,YES
justice_matrix_discovered,7,extracted_jurisdiction,text,YES
justice_matrix_discovered,8,extracted_year,integer,YES
justice_matrix_discovered,9,extracted_categories,ARRAY,YES
justice_matrix_discovered,10,extracted_summary,text,YES
justice_matrix_discovered,11,extracted_lat,numeric,YES
justice_matrix_discovered,12,extracted_lng,numeric,YES
justice_matrix_discovered,13,extracted_country_code,character varying,YES
justice_matrix_discovered,14,status,character varying,YES
justice_matrix_discovered,15,review_notes,text,YES
justice_matrix_discovered,16,reviewed_by,text,YES
justice_matrix_discovered,17,reviewed_at,timestamp with time zone,YES
justice_matrix_discovered,18,approved_case_id,uuid,YES
justice_matrix_discovered,19,approved_campaign_id,uuid,YES
justice_matrix_discovered,20,approved_resource_id,uuid,YES
justice_matrix_discovered,21,similarity_score,numeric,YES
justice_matrix_discovered,22,potential_duplicate_id,uuid,YES
justice_matrix_discovered,23,extraction_confidence,numeric,YES
justice_matrix_discovered,24,discovered_at,timestamp with time zone,YES
justice_matrix_discovered,25,created_at,timestamp with time zone,YES
justice_matrix_discovered,26,updated_at,timestamp with time zone,YES
justice_matrix_discovered,27,external_id,text,YES
justice_matrix_discovered,28,external_source,text,YES
justice_matrix_discovered,29,demand_count,integer,NO
justice_matrix_gaps,1,id,uuid,NO
justice_matrix_gaps,2,question,text,NO
justice_matrix_gaps,3,normalized_question,text,NO
justice_matrix_gaps,4,surface,text,YES
justice_matrix_gaps,5,intent,text,YES
justice_matrix_gaps,6,confidence,text,YES
justice_matrix_gaps,7,citation_count,integer,NO
justice_matrix_gaps,8,best_distance,double precision,YES
justice_matrix_gaps,9,relaxed,boolean,NO
justice_matrix_gaps,10,plan_source,text,YES
justice_matrix_gaps,11,categories,ARRAY,NO
justice_matrix_gaps,12,status,text,NO
justice_matrix_gaps,13,hit_count,integer,NO
justice_matrix_gaps,14,first_seen_at,timestamp with time zone,NO
justice_matrix_gaps,15,last_seen_at,timestamp with time zone,NO
justice_matrix_gaps,16,created_at,timestamp with time zone,NO
justice_matrix_issues,1,id,uuid,NO
justice_matrix_issues,2,slug,text,NO
justice_matrix_issues,3,title,text,NO
justice_matrix_issues,4,question,text,NO
justice_matrix_issues,5,summary,text,YES
justice_matrix_issues,6,category_tags,ARRAY,NO
justice_matrix_issues,7,hero_case_ids,ARRAY,YES
justice_matrix_issues,8,playbook,text,YES
justice_matrix_issues,9,sort_order,integer,YES
justice_matrix_issues,10,is_published,boolean,YES
justice_matrix_issues,11,created_at,timestamp with time zone,YES
justice_matrix_issues,12,updated_at,timestamp with time zone,YES
justice_matrix_issues,13,surface,text,NO
justice_matrix_queries,1,id,uuid,NO
justice_matrix_queries,2,question,text,YES
justice_matrix_queries,3,question_hash,text,NO
justice_matrix_queries,4,question_length,integer,YES
justice_matrix_queries,5,surface,text,YES
justice_matrix_queries,6,intent,text,YES
justice_matrix_queries,7,plan_source,text,YES
justice_matrix_queries,8,fuse_mode,text,YES
justice_matrix_queries,9,mode,text,YES
justice_matrix_queries,10,total,integer,YES
justice_matrix_queries,11,citations,integer,YES
justice_matrix_queries,12,verified_share,numeric,YES
justice_matrix_queries,13,confidence,text,YES
justice_matrix_queries,14,weak,boolean,YES
justice_matrix_queries,15,relaxed,boolean,YES
justice_matrix_queries,16,degraded,boolean,YES
justice_matrix_queries,17,faithfulness_verdict,text,YES
justice_matrix_queries,18,duration_ms,integer,YES
justice_matrix_queries,19,created_at,timestamp with time zone,NO
justice_matrix_sources,1,id,uuid,NO
justice_matrix_sources,2,name,text,NO
justice_matrix_sources,3,source_type,character varying,NO
justice_matrix_sources,4,url,text,NO
justice_matrix_sources,5,region,character varying,YES
justice_matrix_sources,6,jurisdictions,ARRAY,YES
justice_matrix_sources,7,organization,text,YES
justice_matrix_sources,8,description,text,YES
justice_matrix_sources,9,data_format,character varying,YES
justice_matrix_sources,10,requires_auth,boolean,YES
justice_matrix_sources,11,auth_type,character varying,YES
justice_matrix_sources,12,scrape_frequency,character varying,YES
justice_matrix_sources,13,scrape_priority,integer,YES
justice_matrix_sources,14,rate_limit_ms,integer,YES
justice_matrix_sources,15,css_selectors,jsonb,YES
justice_matrix_sources,16,extraction_patterns,jsonb,YES
justice_matrix_sources,17,is_active,boolean,YES
justice_matrix_sources,18,last_scraped_at,timestamp with time zone,YES
justice_matrix_sources,19,last_success_at,timestamp with time zone,YES
justice_matrix_sources,20,last_error,text,YES
justice_matrix_sources,21,success_rate,numeric,YES
justice_matrix_sources,22,total_items_found,integer,YES
justice_matrix_sources,23,total_items_approved,integer,YES
justice_matrix_sources,24,created_at,timestamp with time zone,YES
justice_matrix_sources,25,updated_at,timestamp with time zone,YES
justice_reinvestment_sites,1,id,uuid,NO
justice_reinvestment_sites,2,name,text,NO
justice_reinvestment_sites,3,location,text,NO
justice_reinvestment_sites,4,state,text,YES
justice_reinvestment_sites,5,postcode,text,YES
justice_reinvestment_sites,6,lga_name,text,YES
justice_reinvestment_sites,7,latitude,numeric,YES
justice_reinvestment_sites,8,longitude,numeric,YES
justice_reinvestment_sites,9,status,text,YES
justice_reinvestment_sites,10,start_year,integer,YES
justice_reinvestment_sites,11,lead_organisation,text,YES
justice_reinvestment_sites,12,lead_organisation_abn,text,YES
justice_reinvestment_sites,13,funders,ARRAY,YES
justice_reinvestment_sites,14,total_funding,numeric,YES
justice_reinvestment_sites,15,funding_details,jsonb,YES
justice_reinvestment_sites,16,focus_areas,ARRAY,YES
justice_reinvestment_sites,17,target_population,text,YES
justice_reinvestment_sites,18,outcomes,jsonb,YES
justice_reinvestment_sites,19,outcome_summary,text,YES
justice_reinvestment_sites,20,model_type,text,YES
justice_reinvestment_sites,21,indigenous_led,boolean,YES
justice_reinvestment_sites,22,source,text,YES
justice_reinvestment_sites,23,source_url,text,YES
justice_reinvestment_sites,24,gs_entity_id,uuid,YES
justice_reinvestment_sites,25,created_at,timestamp with time zone,YES
justice_reinvestment_sites,26,updated_at,timestamp with time zone,YES
justicehub_nodes,1,id,uuid,NO
justicehub_nodes,2,name,text,NO
justicehub_nodes,3,node_type,text,YES
justicehub_nodes,4,state_code,text,YES
justicehub_nodes,5,country,text,YES
justicehub_nodes,6,lead_organization_id,uuid,YES
justicehub_nodes,7,description,text,YES
justicehub_nodes,8,contact_email,text,YES
justicehub_nodes,9,website_url,text,YES
justicehub_nodes,10,latitude,numeric,YES
justicehub_nodes,11,longitude,numeric,YES
justicehub_nodes,12,status,text,YES
justicehub_nodes,13,logo_url,text,YES
justicehub_nodes,14,created_at,timestamp with time zone,YES
justicehub_nodes,15,updated_at,timestamp with time zone,YES
kiosk_control_signals,1,id,uuid,NO
kiosk_control_signals,2,signal_type,text,NO
kiosk_control_signals,3,payload,jsonb,YES
kiosk_control_signals,4,sent_at,timestamp with time zone,NO
kiosk_control_signals,5,sent_by,text,YES
knowledge_chunks,1,id,uuid,NO
knowledge_chunks,2,content,text,NO
knowledge_chunks,4,source_type,text,NO
knowledge_chunks,5,source_id,text,YES
knowledge_chunks,6,project_id,text,YES
knowledge_chunks,7,file_path,text,YES
knowledge_chunks,8,metadata,jsonb,YES
knowledge_chunks,9,confidence,double precision,YES
knowledge_chunks,10,created_at,timestamp with time zone,NO
knowledge_chunks,11,updated_at,timestamp with time zone,NO
knowledge_chunks,13,summary,text,YES
knowledge_chunks,14,topics,ARRAY,YES
knowledge_chunks,15,entities,ARRAY,YES
knowledge_chunks,16,quality_score,double precision,YES
knowledge_chunks,17,content_hash,text,YES
knowledge_chunks,18,embedding,USER-DEFINED,YES
knowledge_chunks,19,access_count,integer,YES
knowledge_chunks,20,last_accessed_at,timestamp with time zone,YES
knowledge_chunks,21,decay_score,double precision,YES
knowledge_chunks,22,consolidated_into,uuid,YES
knowledge_chunks,23,provenance,jsonb,YES
knowledge_chunks,24,org_profile_id,uuid,YES
knowledge_edges,1,id,uuid,NO
knowledge_edges,2,source_type,text,NO
knowledge_edges,3,source_id,uuid,NO
knowledge_edges,4,target_type,text,NO
knowledge_edges,5,target_id,uuid,NO
knowledge_edges,6,edge_type,text,NO
knowledge_edges,7,strength,double precision,YES
knowledge_edges,8,confidence,double precision,YES
knowledge_edges,9,created_by,text,YES
knowledge_edges,10,reasoning,text,YES
knowledge_edges,11,created_at,timestamp with time zone,YES
knowledge_edges,12,validated_at,timestamp with time zone,YES
knowledge_edges,13,decay_score,double precision,YES
knowledge_extraction_queue,1,id,uuid,NO
knowledge_extraction_queue,2,source_type,text,NO
knowledge_extraction_queue,3,source_id,text,NO
knowledge_extraction_queue,4,source_url,text,YES
knowledge_extraction_queue,5,source_metadata,jsonb,YES
knowledge_extraction_queue,6,raw_content,text,NO
knowledge_extraction_queue,7,raw_title,text,YES
knowledge_extraction_queue,8,extracted_knowledge,text,YES
knowledge_extraction_queue,9,suggested_title,text,YES
knowledge_extraction_queue,10,suggested_type,text,YES
knowledge_extraction_queue,11,suggested_excerpt,text,YES
knowledge_extraction_queue,12,suggested_projects,ARRAY,YES
knowledge_extraction_queue,13,suggested_domains,ARRAY,YES
knowledge_extraction_queue,14,suggested_tags,ARRAY,YES
knowledge_extraction_queue,15,suggested_parent_ids,jsonb,YES
knowledge_extraction_queue,16,confidence_score,numeric,YES
knowledge_extraction_queue,17,status,text,YES
knowledge_extraction_queue,18,reviewed_by,uuid,YES
knowledge_extraction_queue,19,reviewed_at,timestamp with time zone,YES
knowledge_extraction_queue,20,review_notes,text,YES
knowledge_extraction_queue,21,wiki_page_id,uuid,YES
knowledge_extraction_queue,22,extracted_at,timestamp with time zone,YES
knowledge_extraction_queue,23,extraction_model,text,YES
knowledge_extraction_queue,24,extraction_prompt,text,YES
knowledge_extraction_queue,25,priority,integer,YES
knowledge_extraction_queue,26,created_at,timestamp with time zone,YES
knowledge_extraction_queue,27,content_embedding,USER-DEFINED,YES
knowledge_extraction_queue,28,thread_id,text,YES
knowledge_links,1,id,uuid,NO
knowledge_links,2,source_id,uuid,NO
knowledge_links,3,target_id,uuid,NO
knowledge_links,4,link_type,text,NO
knowledge_links,5,strength,numeric,YES
knowledge_links,6,reason,text,YES
knowledge_links,7,auto_generated,boolean,YES
knowledge_links,8,created_at,timestamp with time zone,YES
knowledge_review_schedule,1,id,uuid,YES
knowledge_review_schedule,2,type,text,YES
knowledge_review_schedule,3,title,text,YES
knowledge_review_schedule,4,last_reviewed_at,timestamp with time zone,YES
knowledge_review_schedule,5,review_frequency_days,integer,YES
knowledge_review_schedule,6,next_review_due,timestamp with time zone,YES
knowledge_review_schedule,7,review_status,text,YES
knowledge_source_health,1,source_type,text,YES
knowledge_source_health,2,enabled,boolean,YES
knowledge_source_health,3,status,text,YES
knowledge_source_health,4,last_sync_at,timestamp with time zone,YES
knowledge_source_health,5,next_sync_due,timestamp with time zone,YES
knowledge_source_health,6,health_status,text,YES
knowledge_source_health,7,total_items_scanned,integer,YES
knowledge_source_health,8,total_items_extracted,integer,YES
knowledge_source_health,9,total_items_approved,integer,YES
knowledge_source_health,10,approval_rate_pct,numeric,YES
knowledge_source_health,11,consecutive_errors,integer,YES
knowledge_source_health,12,last_error,text,YES
knowledge_source_sync,1,id,uuid,NO
knowledge_source_sync,2,source_type,text,NO
knowledge_source_sync,3,last_sync_at,timestamp with time zone,YES
knowledge_source_sync,4,last_sync_cursor,text,YES
knowledge_source_sync,5,last_sync_duration_ms,integer,YES
knowledge_source_sync,6,items_scanned_last_sync,integer,YES
knowledge_source_sync,7,items_extracted_last_sync,integer,YES
knowledge_source_sync,8,total_items_scanned,integer,YES
knowledge_source_sync,9,total_items_extracted,integer,YES
knowledge_source_sync,10,total_items_approved,integer,YES
knowledge_source_sync,11,total_items_rejected,integer,YES
knowledge_source_sync,12,enabled,boolean,YES
knowledge_source_sync,13,sync_frequency_hours,integer,YES
knowledge_source_sync,14,next_sync_due,timestamp with time zone,YES
knowledge_source_sync,15,config,jsonb,YES
knowledge_source_sync,16,filters,jsonb,YES
knowledge_source_sync,17,status,text,YES
knowledge_source_sync,18,last_error,text,YES
knowledge_source_sync,19,last_error_at,timestamp with time zone,YES
knowledge_source_sync,20,consecutive_errors,integer,YES
knowledge_source_sync,21,created_at,timestamp with time zone,YES
knowledge_source_sync,22,updated_at,timestamp with time zone,YES
knowledge_sources,1,id,uuid,NO
knowledge_sources,2,knowledge_id,text,NO
knowledge_sources,3,source_type,text,NO
knowledge_sources,4,source_name,text,NO
knowledge_sources,5,source_url,text,YES
knowledge_sources,6,source_date,date,YES
knowledge_sources,7,authority_level,integer,NO
knowledge_sources,8,verified_by,uuid,YES
knowledge_sources,9,verified_at,timestamp with time zone,YES
knowledge_sources,10,context,text,YES
knowledge_sources,11,limitations,text,YES
knowledge_sources,12,conflicts_with,ARRAY,YES
knowledge_sources,13,superseded_by,uuid,YES
knowledge_sources,14,author,text,YES
knowledge_sources,15,organization,text,YES
knowledge_sources,16,projects,ARRAY,YES
knowledge_sources,17,created_at,timestamp with time zone,YES
knowledge_sources,18,org_profile_id,uuid,YES
knowledge_sources,19,storage_path,text,YES
knowledge_versions,1,id,uuid,NO
knowledge_versions,2,knowledge_id,text,NO
knowledge_versions,3,version,integer,NO
knowledge_versions,4,content,text,NO
knowledge_versions,5,content_type,text,NO
knowledge_versions,6,changed_from,text,YES
knowledge_versions,7,reason_for_change,text,NO
knowledge_versions,8,changed_by,uuid,YES
knowledge_versions,9,approved_by,uuid,YES
knowledge_versions,10,status,text,YES
knowledge_versions,11,active_from,timestamp with time zone,YES
knowledge_versions,12,active_until,timestamp with time zone,YES
knowledge_versions,13,tags,ARRAY,YES
knowledge_versions,14,projects,ARRAY,YES
knowledge_versions,15,domains,ARRAY,YES
knowledge_versions,16,created_at,timestamp with time zone,YES
knowledge_versions,17,updated_at,timestamp with time zone,YES
learned_thresholds,1,id,uuid,NO
learned_thresholds,2,threshold_type,text,NO
learned_thresholds,3,segment,text,NO
learned_thresholds,4,value,double precision,NO
learned_thresholds,5,confidence,double precision,NO
learned_thresholds,6,sample_size,integer,NO
learned_thresholds,7,prior_value,double precision,NO
learned_thresholds,8,prior_strength,double precision,NO
learned_thresholds,9,last_learned_at,timestamp with time zone,YES
learned_thresholds,10,learning_data,jsonb,YES
learned_thresholds,11,created_at,timestamp with time zone,YES
learned_thresholds,12,updated_at,timestamp with time zone,YES
learned_thresholds,13,threshold_days,integer,YES
learned_thresholds,14,prior_alpha,numeric,YES
learned_thresholds,15,prior_beta,numeric,YES
learned_thresholds,16,last_updated,timestamp with time zone,YES
lga_cross_system_stats,1,id,uuid,NO
lga_cross_system_stats,2,lga_code,text,NO
lga_cross_system_stats,3,lga_name,text,NO
lga_cross_system_stats,4,state,text,NO
lga_cross_system_stats,5,low_icsea_schools,integer,YES
lga_cross_system_stats,6,avg_icsea,integer,YES
lga_cross_system_stats,7,school_count,integer,YES
lga_cross_system_stats,8,population,integer,YES
lga_cross_system_stats,9,youth_population,integer,YES
lga_cross_system_stats,10,indigenous_pct,numeric,YES
lga_cross_system_stats,11,indigenous_youth_pct,numeric,YES
lga_cross_system_stats,12,dsp_recipients,integer,YES
lga_cross_system_stats,13,jobseeker_recipients,integer,YES
lga_cross_system_stats,14,youth_allowance_recipients,integer,YES
lga_cross_system_stats,15,youth_offenders,integer,YES
lga_cross_system_stats,16,youth_offender_rate,numeric,YES
lga_cross_system_stats,17,detention_beds,integer,YES
lga_cross_system_stats,18,detention_facility_count,integer,YES
lga_cross_system_stats,19,court_appearances,integer,YES
lga_cross_system_stats,20,jh_funding_tracked,bigint,YES
lga_cross_system_stats,21,jh_org_count,integer,YES
lga_cross_system_stats,22,pipeline_intensity,numeric,YES
lga_cross_system_stats,23,data_year,text,YES
lga_cross_system_stats,24,sources,jsonb,YES
lga_cross_system_stats,25,created_at,timestamp with time zone,YES
lga_cross_system_stats,26,updated_at,timestamp with time zone,YES
lga_cross_system_stats,27,recidivism_pct,numeric,YES
lga_cross_system_stats,28,indigenous_rate_ratio,numeric,YES
lga_cross_system_stats,29,cost_per_detention_day,numeric,YES
lga_cross_system_stats,30,detention_indigenous_pct,numeric,YES
lga_cross_system_stats,31,ndis_youth_participants,integer,YES
lga_cross_system_stats,32,ndis_budget,bigint,YES
lga_cross_system_stats,33,crime_rate_per_100k,numeric,YES
linkedin_contacts,1,id,uuid,NO
linkedin_contacts,2,person_id,uuid,YES
linkedin_contacts,3,first_name,text,NO
linkedin_contacts,4,last_name,text,NO
linkedin_contacts,5,full_name,text,YES
linkedin_contacts,6,linkedin_url,text,YES
linkedin_contacts,7,email_address,text,YES
linkedin_contacts,8,current_company,text,YES
linkedin_contacts,9,current_position,text,YES
linkedin_contacts,10,location,text,YES
linkedin_contacts,11,connected_date,date,YES
linkedin_contacts,12,data_source,text,YES
linkedin_contacts,13,relationship_score,numeric,YES
linkedin_contacts,14,strategic_value,text,YES
linkedin_contacts,15,influence_level,text,YES
linkedin_contacts,16,network_reach,integer,YES
linkedin_contacts,17,engagement_frequency,text,YES
linkedin_contacts,18,interaction_count,integer,YES
linkedin_contacts,19,last_interaction,timestamp with time zone,YES
linkedin_contacts,20,alignment_tags,ARRAY,YES
linkedin_contacts,21,skills_extracted,ARRAY,YES
linkedin_contacts,22,industries,ARRAY,YES
linkedin_contacts,23,notion_person_id,text,YES
linkedin_contacts,24,gmail_contact_id,text,YES
linkedin_contacts,25,raw_data,jsonb,YES
linkedin_contacts,26,imported_at,timestamp with time zone,YES
linkedin_contacts,27,updated_at,timestamp with time zone,YES
linkedin_contacts,28,bio,text,YES
linkedin_contacts,29,exa_enriched,boolean,YES
linkedin_contacts,30,exa_last_enriched,timestamp without time zone,YES
linkedin_contacts,31,exa_confidence_score,numeric,YES
llm_usage,1,id,bigint,NO
llm_usage,2,provider,text,NO
llm_usage,3,model,text,NO
llm_usage,4,endpoint,text,YES
llm_usage,5,input_tokens,integer,YES
llm_usage,6,output_tokens,integer,YES
llm_usage,7,input_cost,numeric,YES
llm_usage,8,output_cost,numeric,YES
llm_usage,9,estimated_cost,numeric,YES
llm_usage,10,script_name,text,YES
llm_usage,11,agent_id,text,YES
llm_usage,12,operation,text,YES
llm_usage,13,latency_ms,integer,YES
llm_usage,14,cache_hit,boolean,YES
llm_usage,15,response_status,integer,YES
llm_usage,16,created_at,timestamp with time zone,YES
location_project_rules,1,id,uuid,NO
location_project_rules,2,location_pattern,text,NO
location_project_rules,3,project_code,text,NO
location_project_rules,4,notes,text,YES
location_project_rules,5,priority,integer,YES
location_project_rules,6,created_at,timestamp with time zone,YES
locations,1,id,uuid,NO
locations,2,name,text,NO
locations,3,country,text,YES
locations,4,state_province,text,YES
locations,5,city,text,YES
locations,6,coordinates,jsonb,YES
locations,7,created_at,timestamp with time zone,YES
media_assets,1,id,uuid,NO
media_assets,2,filename,text,NO
media_assets,3,file_path,text,NO
media_assets,4,file_size,integer,YES
media_assets,5,mime_type,text,YES
media_assets,6,category,text,YES
media_assets,7,tags,ARRAY,YES
media_assets,8,uploaded_by,text,YES
media_assets,9,uploaded_at,timestamp with time zone,YES
media_assets,10,metadata,jsonb,YES
media_collections,1,id,uuid,NO
media_collections,2,name,text,NO
media_collections,3,description,text,YES
media_collections,4,type,text,YES
media_collections,5,project_id,uuid,YES
media_collections,6,story_id,uuid,YES
media_collections,7,organization_id,uuid,YES
media_collections,8,featured,boolean,YES
media_collections,9,public_visible,boolean,YES
media_collections,10,sort_order,integer,YES
media_collections,11,cover_image_id,uuid,YES
media_collections,12,settings,json,YES
media_collections,13,created_at,timestamp with time zone,YES
media_collections,14,updated_at,timestamp with time zone,YES
media_item,1,id,uuid,NO
media_item,2,title,character varying,NO
media_item,3,description,text,YES
media_item,4,media_type,character varying,NO
media_item,5,media_url,text,NO
media_item,6,thumbnail_url,text,YES
media_item,7,creator_name,character varying,YES
media_item,8,creator_profile_id,uuid,YES
media_item,9,organization_id,uuid,YES
media_item,10,organization_name,character varying,YES
media_item,11,program_id,uuid,YES
media_item,12,views,integer,YES
media_item,13,duration,character varying,YES
media_item,14,file_size_bytes,bigint,YES
media_item,15,mime_type,character varying,YES
media_item,16,tags,ARRAY,YES
media_item,17,is_featured,boolean,YES
media_item,18,is_public,boolean,YES
media_item,19,consent_level,character varying,YES
media_item,20,attribution_text,text,YES
media_item,21,created_at,timestamp with time zone,YES
media_item,22,updated_at,timestamp with time zone,YES
media_items,1,id,uuid,NO
media_items,2,file_url,text,NO
media_items,3,file_type,text,NO
media_items,4,title,text,YES
media_items,5,description,text,YES
media_items,6,alt_text,text,YES
media_items,7,file_size,bigint,YES
media_items,8,dimensions,json,YES
media_items,9,project_ids,ARRAY,YES
media_items,10,story_ids,ARRAY,YES
media_items,11,storyteller_ids,ARRAY,YES
media_items,12,organization_ids,ARRAY,YES
media_items,13,ai_tags,ARRAY,YES
media_items,14,manual_tags,ARRAY,YES
media_items,15,ai_confidence,numeric,YES
media_items,16,ai_processed,boolean,YES
media_items,17,photographer,text,YES
media_items,18,consent_verified,boolean,YES
media_items,19,usage_rights,text,YES
media_items,20,attribution_required,boolean,YES
media_items,21,community_approved,boolean,YES
media_items,22,location_data,json,YES
media_items,23,capture_date,date,YES
media_items,24,impact_themes,ARRAY,YES
media_items,25,emotional_tone,text,YES
media_items,26,processed,boolean,YES
media_items,27,thumbnail_url,text,YES
media_items,28,compressed_url,text,YES
media_items,29,created_at,timestamp with time zone,YES
media_items,30,updated_at,timestamp with time zone,YES
media_items,31,year_in_review_year,integer,YES
media_items,32,timeline_entry_id,text,YES
media_items,33,is_hero_image,boolean,YES
media_items,34,source,text,YES
media_items,35,source_id,text,YES
media_items,36,project_slugs,ARRAY,YES
media_items,37,credit,text,YES
media_items,38,caption,text,YES
media_items,39,blurhash,text,YES
media_items,40,created_by,uuid,YES
media_processing_jobs,1,id,uuid,NO
media_processing_jobs,2,media_id,uuid,YES
media_processing_jobs,3,job_type,text,NO
media_processing_jobs,4,status,text,YES
media_processing_jobs,5,result_data,json,YES
media_processing_jobs,6,error_message,text,YES
media_processing_jobs,7,started_at,timestamp with time zone,YES
media_processing_jobs,8,completed_at,timestamp with time zone,YES
media_processing_jobs,9,created_at,timestamp with time zone,YES
member_actions,1,id,uuid,NO
member_actions,2,user_id,uuid,NO
member_actions,3,action_type,text,NO
member_actions,4,metadata,jsonb,YES
member_actions,5,created_at,timestamp with time zone,YES
member_wall_entries,1,id,integer,NO
member_wall_entries,2,name,character varying,NO
member_wall_entries,3,email,character varying,NO
member_wall_entries,4,phone,character varying,YES
member_wall_entries,5,business,character varying,YES
member_wall_entries,6,location,character varying,YES
member_wall_entries,7,likesToDo,text,YES
member_wall_entries,8,needs,text,YES
member_wall_entries,9,connect,text,YES
member_wall_entries,10,isPublic,boolean,NO
member_wall_entries,11,createdAt,timestamp without time zone,NO
member_wall_entries,12,updatedAt,timestamp without time zone,NO
memory_episodes,1,id,uuid,NO
memory_episodes,2,title,text,NO
memory_episodes,3,summary,text,YES
memory_episodes,4,episode_type,text,NO
memory_episodes,5,project_code,text,YES
memory_episodes,6,entity_ids,ARRAY,YES
memory_episodes,7,started_at,timestamp with time zone,NO
memory_episodes,8,ended_at,timestamp with time zone,YES
memory_episodes,9,key_events,jsonb,YES
memory_episodes,10,outcome,text,YES
memory_episodes,11,lessons_learned,ARRAY,YES
memory_episodes,12,embedding,USER-DEFINED,YES
memory_episodes,13,topics,ARRAY,YES
memory_episodes,14,status,text,YES
memory_episodes,15,decay_score,double precision,YES
memory_episodes,16,access_count,integer,YES
memory_episodes,17,last_accessed_at,timestamp with time zone,YES
memory_episodes,18,created_at,timestamp with time zone,YES
memory_episodes,19,updated_at,timestamp with time zone,YES
mentor_profiles,1,id,uuid,NO
mentor_profiles,2,organization_id,uuid,YES
mentor_profiles,3,jr_site_id,uuid,YES
mentor_profiles,4,display_name,text,NO
mentor_profiles,5,expertise,ARRAY,NO
mentor_profiles,6,location_state,text,YES
mentor_profiles,7,bio,text,YES
mentor_profiles,8,availability,text,YES
mentor_profiles,9,contact_email,text,YES
mentor_profiles,10,status,text,NO
mentor_profiles,11,is_public,boolean,NO
mentor_profiles,12,source_event_registration_id,uuid,YES
mentor_profiles,13,created_by,uuid,YES
mentor_profiles,14,created_at,timestamp with time zone,NO
mentor_profiles,15,updated_at,timestamp with time zone,NO
mentor_profiles,16,reviewed_at,timestamp with time zone,YES
mentor_profiles,17,reviewed_by,uuid,YES
mentorships,1,id,uuid,NO
mentorships,2,from_jr_site_id,uuid,NO
mentorships,3,to_jr_site_id,uuid,NO
mentorships,4,mentor_profile_id,uuid,YES
mentorships,5,status,text,NO
mentorships,6,note,text,YES
mentorships,7,is_public,boolean,NO
mentorships,8,meeting_frequency,text,YES
mentorships,9,last_interaction,timestamp with time zone,YES
mentorships,10,created_by,uuid,YES
mentorships,11,created_at,timestamp with time zone,NO
mentorships,12,updated_at,timestamp with time zone,NO
messages,1,id,uuid,NO
messages,2,created_at,timestamp with time zone,NO
messages,3,portrait_id,uuid,NO
messages,4,word,text,NO
messages,5,read,boolean,NO
metrics,1,id,uuid,NO
metrics,2,user_id,text,YES
metrics,3,stories_analyzed,integer,YES
metrics,4,brand_tests_active,integer,YES
metrics,5,content_items,integer,YES
metrics,6,brand_score,real,YES
metrics,7,last_updated,timestamp with time zone,YES
metrics,8,created_at,timestamp with time zone,YES
migration_email_templates,1,id,uuid,NO
migration_email_templates,2,tenant_id,text,NO
migration_email_templates,3,template_name,text,NO
migration_email_templates,4,subject_template,text,NO
migration_email_templates,5,body_template,text,NO
migration_email_templates,6,is_default,boolean,YES
migration_email_templates,7,created_at,timestamp with time zone,YES
migration_email_templates,8,updated_at,timestamp with time zone,YES
migration_progress,1,tenant_id,text,YES
migration_progress,2,total_subscriptions,bigint,YES
migration_progress,3,not_started,bigint,YES
migration_progress,4,pending_contact,bigint,YES
migration_progress,5,contacted,bigint,YES
migration_progress,6,vendor_confirmed,bigint,YES
migration_progress,7,completed,bigint,YES
migration_progress,8,skipped,bigint,YES
migration_progress,9,done,bigint,YES
migration_progress,10,completion_rate,numeric,YES
migration_progress,11,avg_pending_priority,numeric,YES
migration_progress,12,high_priority,bigint,YES
migration_progress,13,medium_priority,bigint,YES
migration_progress,14,low_priority,bigint,YES
missing_receipts,1,id,uuid,YES
missing_receipts,2,transaction_date,date,YES
missing_receipts,3,vendor_name,text,YES
missing_receipts,4,description,text,YES
missing_receipts,5,amount,numeric,YES
missing_receipts,6,project_code,text,YES
missing_receipts,7,category,text,YES
missing_receipts,8,receipt_status,text,YES
missing_receipts,9,email_match_confidence,numeric,YES
missing_receipts,10,email_match_subject,text,YES
missing_receipts,11,deferred_until,date,YES
missing_receipts,12,notes,text,YES
missing_receipts,13,created_at,timestamp with time zone,YES
missing_subscriptions,1,id,uuid,YES
missing_subscriptions,2,tenant_id,text,YES
missing_subscriptions,3,vendor,text,YES
missing_subscriptions,4,amount,numeric,YES
missing_subscriptions,5,transaction_date,date,YES
missing_subscriptions,6,bank_account_name,text,YES
missing_subscriptions,7,description,text,YES
missing_subscriptions,8,transaction_count,bigint,YES
missing_subscriptions,9,avg_amount,numeric,YES
mmr_unspsc_categories,1,id,uuid,NO
mmr_unspsc_categories,2,unspsc_prefix,text,NO
mmr_unspsc_categories,3,description,text,NO
mmr_unspsc_categories,4,mmr_start_date,date,NO
mmr_unspsc_categories,5,exemption_subcategories,ARRAY,YES
mmr_unspsc_categories,6,created_at,timestamp with time zone,YES
money_flows,1,id,uuid,NO
money_flows,2,domain,text,NO
money_flows,3,source_type,text,NO
money_flows,4,source_name,text,NO
money_flows,5,destination_type,text,NO
money_flows,6,destination_name,text,NO
money_flows,7,amount,numeric,YES
money_flows,8,year,integer,YES
money_flows,9,flow_type,text,YES
money_flows,10,evidence_url,text,YES
money_flows,11,notes,text,YES
money_flows,12,created_at,timestamp with time zone,YES
mv_refresh_log,1,id,bigint,NO
mv_refresh_log,2,mv_name,text,NO
mv_refresh_log,3,started_at,timestamp with time zone,NO
mv_refresh_log,4,finished_at,timestamp with time zone,YES
mv_refresh_log,5,duration_ms,integer,YES
mv_refresh_log,6,status,text,NO
mv_refresh_log,7,used_concurrent,boolean,YES
mv_refresh_log,8,error_message,text,YES
mv_refresh_log,9,triggered_by,text,YES
name_aliases,1,id,uuid,NO
name_aliases,2,alias_name,text,NO
name_aliases,3,canonical_entity_id,uuid,YES
name_aliases,4,canonical_abn,text,YES
name_aliases,5,match_method,text,NO
name_aliases,6,confidence,text,YES
name_aliases,7,created_at,timestamp with time zone,YES
ndis_active_providers,1,id,uuid,NO
ndis_active_providers,2,report_date,date,NO
ndis_active_providers,3,state_code,text,NO
ndis_active_providers,4,service_district_name,text,NO
ndis_active_providers,5,disability_group_name,text,NO
ndis_active_providers,6,age_band,text,NO
ndis_active_providers,7,support_class,text,NO
ndis_active_providers,8,provider_count,integer,NO
ndis_active_providers,9,source_page_url,text,YES
ndis_active_providers,10,source_file_url,text,YES
ndis_active_providers,11,source_file_title,text,YES
ndis_active_providers,12,created_at,timestamp with time zone,NO
ndis_active_providers,13,updated_at,timestamp with time zone,NO
ndis_compliance_actions,1,id,uuid,NO
ndis_compliance_actions,2,action_type,text,NO
ndis_compliance_actions,3,date_effective,timestamp with time zone,YES
ndis_compliance_actions,4,date_no_longer_in_force,timestamp with time zone,YES
ndis_compliance_actions,5,provider_name,text,NO
ndis_compliance_actions,6,abn,text,YES
ndis_compliance_actions,7,city,text,YES
ndis_compliance_actions,8,state,text,YES
ndis_compliance_actions,9,postcode,text,YES
ndis_compliance_actions,10,provider_number,text,YES
ndis_compliance_actions,11,registration_groups,text,YES
ndis_compliance_actions,12,relevant_information,text,YES
ndis_compliance_actions,13,other_relevant_info,text,YES
ndis_compliance_actions,14,gs_entity_id,uuid,YES
ndis_compliance_actions,15,source_url,text,YES
ndis_compliance_actions,16,created_at,timestamp with time zone,YES
ndis_first_nations,1,id,bigint,NO
ndis_first_nations,2,state,text,YES
ndis_first_nations,3,remoteness,text,YES
ndis_first_nations,4,participant_count,integer,YES
ndis_first_nations,5,avg_annualised_support,numeric,YES
ndis_first_nations,6,reporting_period,text,YES
ndis_first_nations,7,quarter_date,date,YES
ndis_first_nations,8,created_at,timestamp with time zone,YES
ndis_market_concentration,1,id,uuid,NO
ndis_market_concentration,2,report_date,date,NO
ndis_market_concentration,3,state_code,text,NO
ndis_market_concentration,4,service_district_name,text,NO
ndis_market_concentration,5,support_class,text,NO
ndis_market_concentration,6,payment_share_top10_pct,numeric,YES
ndis_market_concentration,7,payment_band,text,YES
ndis_market_concentration,8,source_page_url,text,YES
ndis_market_concentration,9,source_file_url,text,YES
ndis_market_concentration,10,source_file_title,text,YES
ndis_market_concentration,11,created_at,timestamp with time zone,NO
ndis_market_concentration,12,updated_at,timestamp with time zone,NO
ndis_participants,1,id,uuid,NO
ndis_participants,2,report_date,date,NO
ndis_participants,3,state,text,NO
ndis_participants,4,service_district,text,NO
ndis_participants,5,disability_group,text,NO
ndis_participants,6,age_band,text,NO
ndis_participants,7,support_class,text,NO
ndis_participants,8,avg_annual_budget,numeric,YES
ndis_participants,9,active_participants,integer,YES
ndis_participants,10,source,text,NO
ndis_participants,11,created_at,timestamp with time zone,YES
ndis_participants_lga,1,id,bigint,NO
ndis_participants_lga,2,lga_code,text,YES
ndis_participants_lga,3,lga_name,text,YES
ndis_participants_lga,4,state,text,YES
ndis_participants_lga,5,service_district,text,YES
ndis_participants_lga,6,participant_count,integer,YES
ndis_participants_lga,7,rollout_extent,text,YES
ndis_participants_lga,8,reporting_period,text,YES
ndis_participants_lga,9,quarter_date,date,YES
ndis_participants_lga,10,created_at,timestamp with time zone,YES
ndis_plan_budgets,1,id,bigint,NO
ndis_plan_budgets,2,service_district,text,YES
ndis_plan_budgets,3,state,text,YES
ndis_plan_budgets,4,age_group,text,YES
ndis_plan_budgets,5,disability_type,text,YES
ndis_plan_budgets,6,support_class,text,YES
ndis_plan_budgets,7,participant_count,integer,YES
ndis_plan_budgets,8,avg_annualised_budget,numeric,YES
ndis_plan_budgets,9,reporting_period,text,YES
ndis_plan_budgets,10,quarter_date,date,YES
ndis_plan_budgets,11,created_at,timestamp with time zone,YES
ndis_providers,1,id,bigint,NO
ndis_providers,2,state,text,YES
ndis_providers,3,support_class,text,YES
ndis_providers,4,support_category,text,YES
ndis_providers,5,disability_type,text,YES
ndis_providers,6,age_group,text,YES
ndis_providers,7,provider_count,integer,YES
ndis_providers,8,reporting_period,text,YES
ndis_providers,9,quarter_date,date,YES
ndis_providers,10,created_at,timestamp with time zone,YES
ndis_registered_providers,1,id,uuid,NO
ndis_registered_providers,2,report_date,date,NO
ndis_registered_providers,3,provider_detail_id,bigint,NO
ndis_registered_providers,4,provider_name,text,NO
ndis_registered_providers,5,legal_name,text,YES
ndis_registered_providers,6,abn,text,YES
ndis_registered_providers,7,head_office_address,text,YES
ndis_registered_providers,8,suburb,text,YES
ndis_registered_providers,9,state_code,text,YES
ndis_registered_providers,10,postcode,text,YES
ndis_registered_providers,11,website,text,YES
ndis_registered_providers,12,registration_status,text,NO
ndis_registered_providers,13,source_page_url,text,NO
ndis_registered_providers,14,source_detail_url,text,NO
ndis_registered_providers,15,source_search_url,text,NO
ndis_registered_providers,16,source_page_number,integer,NO
ndis_registered_providers,17,source_summary_total,integer,YES
ndis_registered_providers,18,detail_enriched_at,timestamp with time zone,YES
ndis_registered_providers,19,created_at,timestamp with time zone,NO
ndis_registered_providers,20,updated_at,timestamp with time zone,NO
ndis_registered_providers,21,gs_entity_id,uuid,YES
ndis_sda,1,id,bigint,NO
ndis_sda,2,service_district,text,YES
ndis_sda,3,state,text,YES
ndis_sda,4,sda_participants,integer,YES
ndis_sda,5,sil_participants,integer,YES
ndis_sda,6,enrolled_dwellings,integer,YES
ndis_sda,7,reporting_period,text,YES
ndis_sda,8,quarter_date,date,YES
ndis_sda,9,created_at,timestamp with time zone,YES
ndis_utilisation,1,id,bigint,NO
ndis_utilisation,2,service_district,text,YES
ndis_utilisation,3,state,text,YES
ndis_utilisation,4,age_group,text,YES
ndis_utilisation,5,disability_type,text,YES
ndis_utilisation,6,support_class,text,YES
ndis_utilisation,7,utilisation_rate,numeric,YES
ndis_utilisation,8,participant_count,integer,YES
ndis_utilisation,9,reporting_period,text,YES
ndis_utilisation,10,quarter_date,date,YES
ndis_utilisation,11,created_at,timestamp with time zone,YES
network_memberships,1,id,uuid,NO
network_memberships,2,organization_id,uuid,NO
network_memberships,3,basecamp_id,uuid,YES
network_memberships,4,role,text,NO
network_memberships,5,status,text,NO
network_memberships,6,contact_name,text,NO
network_memberships,7,contact_email,text,NO
network_memberships,8,contact_phone,text,YES
network_memberships,9,description,text,YES
network_memberships,10,focus_areas,ARRAY,YES
network_memberships,11,young_people_served,integer,YES
network_memberships,12,joined_at,timestamp with time zone,YES
network_memberships,13,approved_at,timestamp with time zone,YES
network_memberships,14,created_at,timestamp with time zone,YES
network_memberships,15,updated_at,timestamp with time zone,YES
newsletter_candidates,1,id,uuid,NO
newsletter_candidates,2,source_type,text,NO
newsletter_candidates,3,source_id,text,NO
newsletter_candidates,4,source_repo,text,YES
newsletter_candidates,5,title,text,NO
newsletter_candidates,6,summary,text,YES
newsletter_candidates,7,url,text,YES
newsletter_candidates,8,event_date,date,NO
newsletter_candidates,9,project_codes,ARRAY,YES
newsletter_candidates,10,auto_audiences,ARRAY,NO
newsletter_candidates,11,audiences,ARRAY,YES
newsletter_candidates,12,consent_visibility,text,YES
newsletter_candidates,13,storyteller_ids,ARRAY,YES
newsletter_candidates,14,status,text,NO
newsletter_candidates,15,status_changed_at,timestamp with time zone,YES
newsletter_candidates,16,status_changed_by,text,YES
newsletter_candidates,17,notion_page_id,text,YES
newsletter_candidates,18,payload,jsonb,YES
newsletter_candidates,19,created_at,timestamp with time zone,NO
newsletter_candidates,20,updated_at,timestamp with time zone,NO
newsletter_drafts,1,id,uuid,NO
newsletter_drafts,2,edition_slug,text,NO
newsletter_drafts,3,audience,text,NO
newsletter_drafts,4,recipient_slug,text,YES
newsletter_drafts,5,edition_period,text,YES
newsletter_drafts,6,subject_candidates,ARRAY,YES
newsletter_drafts,7,selected_subject,text,YES
newsletter_drafts,8,body_md,text,YES
newsletter_drafts,9,body_html,text,YES
newsletter_drafts,10,candidate_ids,ARRAY,YES
newsletter_drafts,11,consent_warnings,jsonb,YES
newsletter_drafts,12,voice_grade_score,integer,YES
newsletter_drafts,13,voice_grade_details,jsonb,YES
newsletter_drafts,14,status,text,NO
newsletter_drafts,15,status_changed_at,timestamp with time zone,YES
newsletter_drafts,16,double_confirmed,boolean,NO
newsletter_drafts,17,sent_at,timestamp with time zone,YES
newsletter_drafts,18,ghl_campaign_id,text,YES
newsletter_drafts,19,send_error,text,YES
newsletter_drafts,20,notion_page_id,text,YES
newsletter_drafts,21,created_at,timestamp with time zone,NO
newsletter_drafts,22,updated_at,timestamp with time zone,NO
newsletter_subscriptions,1,id,uuid,NO
newsletter_subscriptions,2,email,text,NO
newsletter_subscriptions,3,full_name,text,YES
newsletter_subscriptions,4,organization,text,YES
newsletter_subscriptions,5,subscription_type,text,YES
newsletter_subscriptions,6,source,text,YES
newsletter_subscriptions,7,ghl_contact_id,text,YES
newsletter_subscriptions,8,is_active,boolean,YES
newsletter_subscriptions,9,metadata,jsonb,YES
newsletter_subscriptions,10,last_campaign_sent_at,timestamp with time zone,YES
newsletter_subscriptions,11,subscribed_at,timestamp with time zone,YES
newsletter_subscriptions,12,unsubscribed_at,timestamp with time zone,YES
newsletter_subscriptions,13,created_at,timestamp with time zone,NO
notion_actions,1,id,uuid,NO
notion_actions,2,notion_id,text,NO
notion_actions,3,title,text,YES
notion_actions,4,status,text,YES
notion_actions,5,action_type,text,YES
notion_actions,6,due_date,date,YES
notion_actions,7,assigned_to,text,YES
notion_actions,8,location,text,YES
notion_actions,9,themes,ARRAY,YES
notion_actions,10,project_notion_ids,ARRAY,YES
notion_actions,11,ai_summary,text,YES
notion_actions,12,data,jsonb,NO
notion_actions,13,created_at,timestamp with time zone,YES
notion_actions,14,updated_at,timestamp with time zone,YES
notion_actions,15,last_synced,timestamp with time zone,YES
notion_calendar,1,id,uuid,NO
notion_calendar,2,notion_id,text,NO
notion_calendar,3,title,text,YES
notion_calendar,4,event_date,date,YES
notion_calendar,5,event_end_date,date,YES
notion_calendar,6,status,text,YES
notion_calendar,7,event_type,text,YES
notion_calendar,8,owner,text,YES
notion_calendar,9,notes,text,YES
notion_calendar,10,project_notion_ids,ARRAY,YES
notion_calendar,11,data,jsonb,NO
notion_calendar,12,created_at,timestamp with time zone,YES
notion_calendar,13,updated_at,timestamp with time zone,YES
notion_calendar,14,last_synced,timestamp with time zone,YES
notion_decisions,1,id,uuid,NO
notion_decisions,2,notion_id,text,NO
notion_decisions,3,title,text,YES
notion_decisions,4,status,text,YES
notion_decisions,5,priority,text,YES
notion_decisions,6,decision_date,date,YES
notion_decisions,7,rationale,text,YES
notion_decisions,8,project_notion_id,text,YES
notion_decisions,9,data,jsonb,NO
notion_decisions,10,created_at,timestamp with time zone,YES
notion_decisions,11,updated_at,timestamp with time zone,YES
notion_decisions,12,last_synced,timestamp with time zone,YES
notion_grants,1,id,uuid,NO
notion_grants,2,notion_id,text,NO
notion_grants,3,title,text,YES
notion_grants,4,funder,text,YES
notion_grants,5,amount,numeric,YES
notion_grants,6,stage,text,YES
notion_grants,7,grant_type,text,YES
notion_grants,8,deadline,date,YES
notion_grants,9,readiness_score,numeric,YES
notion_grants,10,project_code,text,YES
notion_grants,11,application_url,text,YES
notion_grants,12,key_requirements,text,YES
notion_grants,13,missing_documents,text,YES
notion_grants,14,notes,text,YES
notion_grants,15,last_updated,date,YES
notion_grants,16,data,jsonb,NO
notion_grants,17,created_at,timestamp with time zone,YES
notion_grants,18,updated_at,timestamp with time zone,YES
notion_grants,19,last_synced,timestamp with time zone,YES
notion_meetings,1,id,uuid,NO
notion_meetings,2,notion_id,text,NO
notion_meetings,3,title,text,YES
notion_meetings,4,status,text,YES
notion_meetings,5,meeting_date,date,YES
notion_meetings,6,attendees,text,YES
notion_meetings,7,ai_summary,text,YES
notion_meetings,8,follow_up_required,boolean,YES
notion_meetings,9,task_status,text,YES
notion_meetings,10,assigned_to,text,YES
notion_meetings,11,due_date,date,YES
notion_meetings,12,meeting_type,text,YES
notion_meetings,13,project_notion_ids,ARRAY,YES
notion_meetings,14,data,jsonb,NO
notion_meetings,15,created_at,timestamp with time zone,YES
notion_meetings,16,updated_at,timestamp with time zone,YES
notion_meetings,17,last_synced,timestamp with time zone,YES
notion_opportunities,1,id,uuid,NO
notion_opportunities,2,notion_id,text,YES
notion_opportunities,3,name,text,YES
notion_opportunities,4,stage,text,YES
notion_opportunities,5,amount,numeric,YES
notion_opportunities,6,probability,numeric,YES
notion_opportunities,7,close_date,date,YES
notion_opportunities,8,metadata,jsonb,YES
notion_opportunities,9,created_at,timestamp with time zone,YES
notion_opportunities,10,updated_at,timestamp with time zone,YES
notion_opportunities,11,data,jsonb,NO
notion_opportunities,12,type,text,YES
notion_opportunities,13,last_synced,timestamp with time zone,YES
notion_opportunities,14,sync_version,integer,YES
notion_organizations,1,id,uuid,NO
notion_organizations,2,notion_id,text,YES
notion_organizations,3,name,text,YES
notion_organizations,4,description,text,YES
notion_organizations,5,industry,text,YES
notion_organizations,6,metadata,jsonb,YES
notion_organizations,7,created_at,timestamp with time zone,YES
notion_organizations,8,updated_at,timestamp with time zone,YES
notion_organizations,9,data,jsonb,NO
notion_organizations,10,type,text,YES
notion_organizations,11,last_synced,timestamp with time zone,YES
notion_organizations,12,sync_version,integer,YES
notion_projects,1,id,uuid,NO
notion_projects,2,notion_id,text,YES
notion_projects,3,title,text,YES
notion_projects,4,name,text,YES
notion_projects,5,description,text,YES
notion_projects,6,status,text,YES
notion_projects,7,priority,text,YES
notion_projects,8,assignee,text,YES
notion_projects,9,start_date,date,YES
notion_projects,10,end_date,date,YES
notion_projects,11,budget,numeric,YES
notion_projects,12,actual_cost,numeric,YES
notion_projects,13,progress,numeric,YES
notion_projects,14,tags,ARRAY,YES
notion_projects,15,metadata,jsonb,YES
notion_projects,16,created_at,timestamp with time zone,YES
notion_projects,17,updated_at,timestamp with time zone,YES
notion_projects,18,data,jsonb,NO
notion_projects,19,type,text,YES
notion_projects,20,last_synced,timestamp with time zone,YES
notion_projects,21,sync_version,integer,YES
notion_projects_cache,1,notion_project_id,text,NO
notion_projects_cache,2,project_name,text,NO
notion_projects_cache,3,project_source,text,YES
notion_projects_cache,4,tags,ARRAY,YES
notion_projects_cache,5,location,text,YES
notion_projects_cache,6,required_expertise,ARRAY,YES
notion_projects_cache,7,alma_intervention_id,text,YES
notion_projects_cache,8,status,text,YES
notion_projects_cache,9,description,text,YES
notion_projects_cache,10,raw_data,jsonb,YES
notion_projects_cache,11,last_synced_at,timestamp with time zone,YES
notion_projects_cache,12,created_at,timestamp with time zone,YES
nt_communities,1,id,uuid,NO
nt_communities,2,community_name,text,NO
nt_communities,3,aliases,ARRAY,NO
nt_communities,4,state,text,NO
nt_communities,5,region_label,text,YES
nt_communities,6,service_region,text,YES
nt_communities,7,land_council,text,YES
nt_communities,8,postcode,text,YES
nt_communities,9,remoteness,text,NO
nt_communities,10,is_official_remote_community,boolean,NO
nt_communities,11,goods_focus_priority,text,NO
nt_communities,12,goods_signal_name,text,YES
nt_communities,13,goods_signal_type,text,NO
nt_communities,14,known_buyer_name,text,YES
nt_communities,15,demand_beds,integer,NO
nt_communities,16,demand_washers,integer,NO
nt_communities,17,proof_line,text,YES
nt_communities,18,notes,text,YES
nt_communities,19,created_at,timestamp with time zone,NO
nt_communities,20,updated_at,timestamp with time zone,NO
nz_charities,1,id,uuid,NO
nz_charities,2,registration_number,text,NO
nz_charities,3,name,text,NO
nz_charities,4,legal_name,text,YES
nz_charities,5,charity_type,text,YES
nz_charities,6,sector,text,YES
nz_charities,7,purposes,ARRAY,YES
nz_charities,8,beneficiaries,ARRAY,YES
nz_charities,9,activities,text,YES
nz_charities,10,address_city,text,YES
nz_charities,11,address_region,text,YES
nz_charities,12,postal_code,text,YES
nz_charities,13,website,text,YES
nz_charities,14,email,text,YES
nz_charities,15,phone,text,YES
nz_charities,16,registration_date,date,YES
nz_charities,17,annual_return_date,date,YES
nz_charities,18,total_income_nzd,numeric,YES
nz_charities,19,total_expenditure_nzd,numeric,YES
nz_charities,20,total_assets_nzd,numeric,YES
nz_charities,21,officer_names,ARRAY,YES
nz_charities,22,is_deregistered,boolean,YES
nz_charities,23,deregistration_date,date,YES
nz_charities,24,gs_entity_id,uuid,YES
nz_charities,25,source_url,text,YES
nz_charities,26,raw_data,jsonb,YES
nz_charities,27,created_at,timestamp with time zone,YES
nz_charities,28,updated_at,timestamp with time zone,YES
nz_gets_contracts,1,id,uuid,NO
nz_gets_contracts,2,notice_id,text,YES
nz_gets_contracts,3,title,text,NO
nz_gets_contracts,4,description,text,YES
nz_gets_contracts,5,buyer_name,text,YES
nz_gets_contracts,6,buyer_org_id,text,YES
nz_gets_contracts,7,supplier_name,text,YES
nz_gets_contracts,8,supplier_nzbn,text,YES
nz_gets_contracts,9,contract_value_nzd,numeric,YES
nz_gets_contracts,10,currency,text,YES
nz_gets_contracts,11,contract_start,date,YES
nz_gets_contracts,12,contract_end,date,YES
nz_gets_contracts,13,category,text,YES
nz_gets_contracts,14,unspsc_code,text,YES
nz_gets_contracts,15,procurement_method,text,YES
nz_gets_contracts,16,tender_type,text,YES
nz_gets_contracts,17,region,text,YES
nz_gets_contracts,18,status,text,YES
nz_gets_contracts,19,award_date,date,YES
nz_gets_contracts,20,source_url,text,YES
nz_gets_contracts,21,gs_entity_id,uuid,YES
nz_gets_contracts,22,raw_data,jsonb,YES
nz_gets_contracts,23,created_at,timestamp with time zone,YES
nz_gets_contracts,24,updated_at,timestamp with time zone,YES
opportunities_unified,1,id,uuid,NO
opportunities_unified,2,opportunity_type,text,NO
opportunities_unified,3,source_system,text,NO
opportunities_unified,4,source_id,text,YES
opportunities_unified,5,title,text,NO
opportunities_unified,6,description,text,YES
opportunities_unified,7,contact_name,text,YES
opportunities_unified,8,value_low,numeric,YES
opportunities_unified,9,value_mid,numeric,YES
opportunities_unified,10,value_high,numeric,YES
opportunities_unified,11,value_type,text,YES
opportunities_unified,12,stage,text,NO
opportunities_unified,13,probability,numeric,YES
opportunities_unified,14,project_codes,ARRAY,YES
opportunities_unified,15,contact_ids,ARRAY,YES
opportunities_unified,16,effort_hours,numeric,YES
opportunities_unified,17,expected_close,date,YES
opportunities_unified,18,actual_close,date,YES
opportunities_unified,19,url,text,YES
opportunities_unified,20,notes,text,YES
opportunities_unified,21,metadata,jsonb,YES
opportunities_unified,22,created_at,timestamp with time zone,YES
opportunities_unified,23,updated_at,timestamp with time zone,YES
opportunity_context_events,1,id,uuid,NO
opportunity_context_events,2,org_profile_id,uuid,YES
opportunity_context_events,3,source_system,text,NO
opportunity_context_events,4,source_type,text,NO
opportunity_context_events,5,source_ref,text,NO
opportunity_context_events,6,source_thread_id,text,YES
opportunity_context_events,7,source_url,text,YES
opportunity_context_events,8,title,text,NO
opportunity_context_events,9,summary,text,NO
opportunity_context_events,10,actor_name,text,YES
opportunity_context_events,11,actor_email,text,YES
opportunity_context_events,12,organisation,text,YES
opportunity_context_events,13,lane,text,NO
opportunity_context_events,14,signal_kind,text,NO
opportunity_context_events,15,confidence,numeric,NO
opportunity_context_events,16,happened_at,timestamp with time zone,YES
opportunity_context_events,17,search_query,text,YES
opportunity_context_events,18,metadata,jsonb,NO
opportunity_context_events,19,created_at,timestamp with time zone,NO
opportunity_context_events,20,updated_at,timestamp with time zone,NO
opportunity_context_events,21,decision_id,uuid,YES
opportunity_decisions,1,id,uuid,NO
opportunity_decisions,2,user_id,uuid,YES
opportunity_decisions,3,org_profile_id,uuid,YES
opportunity_decisions,4,source_type,text,NO
opportunity_decisions,5,source_ref,text,NO
opportunity_decisions,6,project_code,text,YES
opportunity_decisions,7,pathway,text,YES
opportunity_decisions,8,decision,text,NO
opportunity_decisions,9,reason,text,YES
opportunity_decisions,10,notes,text,YES
opportunity_decisions,11,evidence_gaps,ARRAY,NO
opportunity_decisions,12,outcome,text,YES
opportunity_decisions,13,created_at,timestamp with time zone,NO
opportunity_decisions,14,judgment,jsonb,NO
opportunity_decisions,15,supersedes_id,uuid,YES
opportunity_promotions,1,id,uuid,NO
opportunity_promotions,2,source_type,text,NO
opportunity_promotions,3,source_ref,text,NO
opportunity_promotions,4,project_code,text,NO
opportunity_promotions,5,deterministic_key,text,NO
opportunity_promotions,6,target_system,text,NO
opportunity_promotions,7,target_record_id,text,YES
opportunity_promotions,8,target_url,text,YES
opportunity_promotions,9,decision_id,uuid,YES
opportunity_promotions,10,status,text,NO
opportunity_promotions,11,gate_snapshot,jsonb,NO
opportunity_promotions,12,duplicate_candidates,jsonb,NO
opportunity_promotions,13,reviewed_by,uuid,YES
opportunity_promotions,14,reviewed_at,timestamp with time zone,YES
opportunity_promotions,15,promoted_at,timestamp with time zone,YES
opportunity_promotions,16,error_message,text,YES
opportunity_promotions,17,created_at,timestamp with time zone,NO
opportunity_promotions,18,updated_at,timestamp with time zone,NO
org_action_items,1,id,uuid,NO
org_action_items,2,organization_id,uuid,NO
org_action_items,3,item_type,text,NO
org_action_items,4,title,text,NO
org_action_items,5,description,text,YES
org_action_items,6,priority,text,YES
org_action_items,7,status,text,YES
org_action_items,8,due_date,date,YES
org_action_items,9,source_agent,text,YES
org_action_items,10,link_to_table,text,YES
org_action_items,11,link_to_id,uuid,YES
org_action_items,12,snoozed_until,date,YES
org_action_items,13,created_at,timestamp with time zone,YES
org_action_items,14,updated_at,timestamp with time zone,YES
org_applicant_entities,1,id,uuid,NO
org_applicant_entities,2,org_profile_id,uuid,NO
org_applicant_entities,3,name,text,NO
org_applicant_entities,4,entity_type,text,NO
org_applicant_entities,5,status,text,NO
org_applicant_entities,6,abn,text,YES
org_applicant_entities,7,linked_gs_entity_id,uuid,YES
org_applicant_entities,8,is_default,boolean,NO
org_applicant_entities,9,notes,text,YES
org_applicant_entities,10,created_at,timestamp with time zone,NO
org_applicant_entities,11,updated_at,timestamp with time zone,NO
org_compliance_docs,1,id,uuid,NO
org_compliance_docs,2,organization_id,uuid,NO
org_compliance_docs,3,category,text,NO
org_compliance_docs,4,title,text,NO
org_compliance_docs,5,status,text,YES
org_compliance_docs,6,document_url,text,YES
org_compliance_docs,7,issued_date,date,YES
org_compliance_docs,8,expiry_date,date,YES
org_compliance_docs,9,reminder_days,integer,YES
org_compliance_docs,10,holder_name,text,YES
org_compliance_docs,11,reference_number,text,YES
org_compliance_docs,12,notes,text,YES
org_compliance_docs,13,created_at,timestamp with time zone,YES
org_compliance_docs,14,updated_at,timestamp with time zone,YES
org_contacts,1,id,uuid,NO
org_contacts,2,org_profile_id,uuid,NO
org_contacts,3,name,text,NO
org_contacts,4,role,text,YES
org_contacts,5,organisation,text,YES
org_contacts,6,contact_type,text,NO
org_contacts,7,email,text,YES
org_contacts,8,phone,text,YES
org_contacts,9,notes,text,YES
org_contacts,10,last_contacted_at,timestamp with time zone,YES
org_contacts,11,created_at,timestamp with time zone,NO
org_contacts,12,updated_at,timestamp with time zone,NO
org_contacts,13,linked_entity_id,uuid,YES
org_contacts,14,project_id,uuid,YES
org_contacts,15,person_id,uuid,YES
org_contacts,16,linkedin_url,text,YES
org_contacts,17,appointed_at,date,YES
org_contacts,18,term_ends_at,date,YES
org_contacts,19,identifies_indigenous,boolean,YES
org_contacts,20,expertise,ARRAY,YES
org_contacts,21,engagement_ask,text,YES
org_contacts,22,goods_relationship_id,uuid,YES
org_deadlines,1,id,uuid,NO
org_deadlines,2,organization_id,uuid,NO
org_deadlines,3,grant_id,uuid,YES
org_deadlines,4,title,text,NO
org_deadlines,5,due_date,date,NO
org_deadlines,6,deadline_type,text,YES
org_deadlines,7,status,text,YES
org_deadlines,8,submitted_date,date,YES
org_deadlines,9,requirements,text,YES
org_deadlines,10,document_url,text,YES
org_deadlines,11,reminder_days_before,integer,YES
org_deadlines,12,notes,text,YES
org_deadlines,13,created_at,timestamp with time zone,YES
org_deadlines,14,updated_at,timestamp with time zone,YES
org_governance,1,company_abn,text,YES
org_governance,2,person_name,text,YES
org_governance,3,role_type,text,YES
org_governance,4,appointment_date,date,YES
org_governance,5,source,text,YES
org_governance,6,also_governs_count,bigint,YES
org_governance,7,is_nominee_block,boolean,YES
org_governance,8,identity_resolved,boolean,YES
org_grant_budget_lines,1,id,uuid,NO
org_grant_budget_lines,2,grant_id,uuid,NO
org_grant_budget_lines,3,organization_id,uuid,NO
org_grant_budget_lines,4,category,text,NO
org_grant_budget_lines,5,description,text,YES
org_grant_budget_lines,6,budgeted_amount,numeric,NO
org_grant_budget_lines,7,actual_amount,numeric,NO
org_grant_budget_lines,8,created_at,timestamp with time zone,YES
org_grant_budget_lines,9,updated_at,timestamp with time zone,YES
org_grant_budget_lines,10,has_issue,boolean,YES
org_grant_budget_lines,11,issue_severity,text,YES
org_grant_budget_lines,12,issue_notes,text,YES
org_grants,1,id,uuid,NO
org_grants,2,organization_id,uuid,NO
org_grants,3,funder_name,text,NO
org_grants,4,grant_name,text,NO
org_grants,5,amount_awarded,numeric,YES
org_grants,6,contract_start,date,YES
org_grants,7,contract_end,date,YES
org_grants,8,reporting_system,text,YES
org_grants,9,acquittal_due_date,date,YES
org_grants,10,acquittal_status,text,YES
org_grants,11,portal_url,text,YES
org_grants,12,application_id,uuid,YES
org_grants,13,notes,text,YES
org_grants,14,created_at,timestamp with time zone,YES
org_grants,15,updated_at,timestamp with time zone,YES
org_grants,16,status,text,YES
org_grants,17,approved_amount,numeric,YES
org_leadership,1,id,uuid,NO
org_leadership,2,org_profile_id,uuid,NO
org_leadership,3,name,text,NO
org_leadership,4,title,text,YES
org_leadership,5,bio,text,YES
org_leadership,6,external_roles,jsonb,YES
org_leadership,7,sort_order,integer,NO
org_leadership,8,created_at,timestamp with time zone,NO
org_leadership,9,updated_at,timestamp with time zone,NO
org_leadership,10,project_id,uuid,YES
org_members,1,id,uuid,NO
org_members,2,org_profile_id,uuid,NO
org_members,3,user_id,uuid,YES
org_members,4,role,text,NO
org_members,5,invited_by,uuid,YES
org_members,6,invited_at,timestamp with time zone,YES
org_members,7,accepted_at,timestamp with time zone,YES
org_members,8,created_at,timestamp with time zone,YES
org_members,9,invited_email,text,YES
org_milestones,1,id,uuid,NO
org_milestones,2,organization_id,uuid,NO
org_milestones,3,participant_ref,text,YES
org_milestones,4,milestone_type,text,NO
org_milestones,5,milestone_date,date,YES
org_milestones,6,description,text,NO
org_milestones,7,evidence,text,YES
org_milestones,8,grant_id,uuid,YES
org_milestones,9,created_at,timestamp with time zone,YES
org_participants,1,id,uuid,NO
org_participants,2,organization_id,uuid,NO
org_participants,3,participant_ref,text,NO
org_participants,4,age_range,text,YES
org_participants,5,gender_category,text,YES
org_participants,6,referral_source,text,YES
org_participants,7,consent_status,text,YES
org_participants,8,engagement_status,text,YES
org_participants,9,notes,text,YES
org_participants,10,created_at,timestamp with time zone,YES
org_participants,11,updated_at,timestamp with time zone,YES
org_pipeline,1,id,uuid,NO
org_pipeline,2,org_profile_id,uuid,NO
org_pipeline,3,name,text,NO
org_pipeline,4,amount_display,text,YES
org_pipeline,5,amount_numeric,numeric,YES
org_pipeline,6,funder,text,YES
org_pipeline,7,deadline,text,YES
org_pipeline,8,status,text,NO
org_pipeline,9,grant_opportunity_id,uuid,YES
org_pipeline,10,notes,text,YES
org_pipeline,11,created_at,timestamp with time zone,NO
org_pipeline,12,updated_at,timestamp with time zone,NO
org_pipeline,13,funder_entity_id,uuid,YES
org_pipeline,14,funder_type,text,YES
org_pipeline,15,project_id,uuid,YES
org_pipeline,16,ghl_opportunity_id,text,YES
org_pipeline,17,source_type,text,YES
org_pipeline,18,source_ref,text,YES
org_pipeline,19,pathway,text,YES
org_pipeline,20,recommended_role,text,YES
org_pipeline,21,project_code,text,YES
org_pipeline,22,last_synced_at,timestamp with time zone,YES
org_pipeline,23,qbe_stage,text,YES
org_pipeline,24,qbe_qualified_at,timestamp with time zone,YES
org_pipeline,25,qbe_bid_amount,numeric,YES
org_pipeline,26,qbe_submitted_at,timestamp with time zone,YES
org_pipeline,27,qbe_evaluated_at,timestamp with time zone,YES
org_pipeline,28,qbe_outcome,text,YES
org_pipeline,29,opportunity_type,text,YES
org_pipeline,30,owner_name,text,YES
org_pipeline,31,next_action,text,YES
org_pipeline,32,next_action_at,timestamp with time zone,YES
org_profiles,1,id,uuid,NO
org_profiles,2,user_id,uuid,NO
org_profiles,3,name,text,NO
org_profiles,4,description,text,YES
org_profiles,5,mission,text,YES
org_profiles,6,abn,text,YES
org_profiles,7,website,text,YES
org_profiles,8,domains,ARRAY,YES
org_profiles,9,geographic_focus,ARRAY,YES
org_profiles,10,org_type,text,YES
org_profiles,11,annual_revenue,numeric,YES
org_profiles,12,team_size,integer,YES
org_profiles,13,projects,jsonb,YES
org_profiles,14,embedding,USER-DEFINED,YES
org_profiles,15,embedding_text,text,YES
org_profiles,16,notify_email,boolean,YES
org_profiles,17,notify_threshold,numeric,YES
org_profiles,18,created_at,timestamp with time zone,YES
org_profiles,19,updated_at,timestamp with time zone,YES
org_profiles,20,stripe_customer_id,text,YES
org_profiles,21,subscription_plan,text,YES
org_profiles,22,subscription_status,text,YES
org_profiles,23,slug,text,YES
org_profiles,24,linked_gs_entity_id,uuid,YES
org_profiles,25,logo_url,text,YES
org_profiles,26,org_status,text,YES
org_profiles,27,auspice_org_name,text,YES
org_profiles,28,subscription_trial_end,timestamp with time zone,YES
org_profiles,29,subscription_current_period_end,timestamp with time zone,YES
org_profiles,30,subscription_cancel_at_period_end,boolean,NO
org_profiles,31,additional_abns,ARRAY,YES
org_profiles,32,acn,text,YES
org_program_source_links,1,id,uuid,NO
org_program_source_links,2,org_program_id,uuid,NO
org_program_source_links,3,source_type,text,NO
org_program_source_links,4,source_key,text,NO
org_program_source_links,5,source_label,text,YES
org_program_source_links,6,parent_funder_name,text,YES
org_program_source_links,7,parent_funder_entity_id,uuid,YES
org_program_source_links,8,funder_name,text,YES
org_program_source_links,9,funder_entity_id,uuid,YES
org_program_source_links,10,funder_abn,text,YES
org_program_source_links,11,notes,text,YES
org_program_source_links,12,metadata,jsonb,NO
org_program_source_links,13,sort_order,integer,NO
org_program_source_links,14,created_at,timestamp with time zone,NO
org_program_source_links,15,updated_at,timestamp with time zone,NO
org_programs,1,id,uuid,NO
org_programs,2,org_profile_id,uuid,NO
org_programs,3,name,text,NO
org_programs,4,system,text,YES
org_programs,5,funding_source,text,YES
org_programs,6,annual_amount_display,text,YES
org_programs,7,reporting_cycle,text,YES
org_programs,8,status,text,NO
org_programs,9,sort_order,integer,NO
org_programs,10,created_at,timestamp with time zone,NO
org_programs,11,updated_at,timestamp with time zone,NO
org_programs,12,project_id,uuid,YES
org_programs,13,funding_status,text,NO
org_project_foundation_interactions,1,id,uuid,NO
org_project_foundation_interactions,2,org_profile_id,uuid,NO
org_project_foundation_interactions,3,org_project_id,uuid,NO
org_project_foundation_interactions,4,org_project_foundation_id,uuid,NO
org_project_foundation_interactions,5,interaction_type,text,NO
org_project_foundation_interactions,6,summary,text,NO
org_project_foundation_interactions,7,notes,text,YES
org_project_foundation_interactions,8,happened_at,timestamp with time zone,NO
org_project_foundation_interactions,9,status_snapshot,text,YES
org_project_foundation_interactions,10,created_at,timestamp with time zone,NO
org_project_foundation_research,1,id,uuid,NO
org_project_foundation_research,2,org_profile_id,uuid,NO
org_project_foundation_research,3,org_project_id,uuid,NO
org_project_foundation_research,4,org_project_foundation_id,uuid,NO
org_project_foundation_research,5,foundation_thesis,text,YES
org_project_foundation_research,6,evidence_summary,text,YES
org_project_foundation_research,7,relationship_path,text,YES
org_project_foundation_research,8,ask_shape,text,YES
org_project_foundation_research,9,fit_status,text,NO
org_project_foundation_research,10,proof_status,text,NO
org_project_foundation_research,11,applicant_status,text,NO
org_project_foundation_research,12,relationship_status,text,NO
org_project_foundation_research,13,ask_status,text,NO
org_project_foundation_research,14,missing_items,ARRAY,NO
org_project_foundation_research,15,created_at,timestamp with time zone,NO
org_project_foundation_research,16,updated_at,timestamp with time zone,NO
org_project_foundations,1,id,uuid,NO
org_project_foundations,2,org_profile_id,uuid,NO
org_project_foundations,3,org_project_id,uuid,NO
org_project_foundations,4,foundation_id,uuid,NO
org_project_foundations,5,stage,text,NO
org_project_foundations,6,fit_score,integer,YES
org_project_foundations,7,fit_summary,text,YES
org_project_foundations,8,message_alignment,text,YES
org_project_foundations,9,next_step,text,YES
org_project_foundations,10,notes,text,YES
org_project_foundations,11,created_at,timestamp with time zone,NO
org_project_foundations,12,updated_at,timestamp with time zone,NO
org_project_foundations,13,applicant_entity_id,uuid,YES
org_project_foundations,14,engagement_status,text,NO
org_project_foundations,15,engagement_updated_at,timestamp with time zone,NO
org_project_foundations,16,next_touch_at,timestamp with time zone,YES
org_project_foundations,17,next_touch_note,text,YES
org_project_foundations,18,last_interaction_at,timestamp with time zone,YES
org_project_foundations,19,ghl_contact_id,text,YES
org_project_foundations,20,ghl_contact_email,text,YES
org_project_foundations,21,ghl_tags,ARRAY,YES
org_project_foundations,22,ghl_synced_at,timestamp with time zone,YES
org_project_foundations,23,evidence_grade,text,YES
org_projects,1,id,uuid,NO
org_projects,2,org_profile_id,uuid,NO
org_projects,3,parent_project_id,uuid,YES
org_projects,4,name,text,NO
org_projects,5,slug,text,NO
org_projects,6,code,text,YES
org_projects,7,description,text,YES
org_projects,8,tier,text,YES
org_projects,9,category,text,YES
org_projects,10,status,text,YES
org_projects,11,sort_order,integer,YES
org_projects,12,abn,text,YES
org_projects,13,linked_gs_entity_id,uuid,YES
org_projects,14,logo_url,text,YES
org_projects,15,metadata,jsonb,YES
org_projects,16,created_at,timestamp with time zone,YES
org_projects,17,updated_at,timestamp with time zone,YES
org_referrals,1,id,uuid,NO
org_referrals,2,organization_id,uuid,NO
org_referrals,3,direction,text,NO
org_referrals,4,referral_type,text,YES
org_referrals,5,source_org_name,text,YES
org_referrals,6,target_org_name,text,YES
org_referrals,7,participant_ref,text,YES
org_referrals,8,status,text,YES
org_referrals,9,outcome,text,YES
org_referrals,10,referral_date,date,YES
org_referrals,11,notes,text,YES
org_referrals,12,created_at,timestamp with time zone,YES
org_referrals,13,updated_at,timestamp with time zone,YES
org_sessions,1,id,uuid,NO
org_sessions,2,organization_id,uuid,NO
org_sessions,3,program_name,text,NO
org_sessions,4,session_type,text,YES
org_sessions,5,session_date,date,NO
org_sessions,6,location,text,YES
org_sessions,7,duration_hours,numeric,YES
org_sessions,8,staff_count,integer,YES
org_sessions,9,elder_present,boolean,YES
org_sessions,10,participant_count,integer,YES
org_sessions,11,photo_urls,ARRAY,YES
org_sessions,12,voice_memo_url,text,YES
org_sessions,13,outcome_summary,text,YES
org_sessions,14,grant_id,uuid,YES
org_sessions,15,created_at,timestamp with time zone,YES
org_sessions,16,updated_at,timestamp with time zone,YES
organization_capability_profiles,1,id,uuid,NO
organization_capability_profiles,2,organization_id,uuid,NO
organization_capability_profiles,3,service_geographies,ARRAY,NO
organization_capability_profiles,4,priority_populations,ARRAY,NO
organization_capability_profiles,5,capability_tags,ARRAY,NO
organization_capability_profiles,6,operating_models,ARRAY,NO
organization_capability_profiles,7,lived_experience_led,boolean,NO
organization_capability_profiles,8,first_nations_led,boolean,NO
organization_capability_profiles,9,annual_revenue_band,text,YES
organization_capability_profiles,10,funding_readiness_score,numeric,NO
organization_capability_profiles,11,compliance_readiness_score,numeric,NO
organization_capability_profiles,12,delivery_confidence_score,numeric,NO
organization_capability_profiles,13,community_trust_score,numeric,NO
organization_capability_profiles,14,evidence_maturity_score,numeric,NO
organization_capability_profiles,15,reporting_to_community_score,numeric,NO
organization_capability_profiles,16,unrestricted_funding_need,numeric,YES
organization_capability_profiles,17,dgr_status,text,YES
organization_capability_profiles,18,abn,text,YES
organization_capability_profiles,19,can_manage_government_contracts,boolean,NO
organization_capability_profiles,20,can_manage_philanthropic_grants,boolean,NO
organization_capability_profiles,21,last_capability_review_at,timestamp with time zone,YES
organization_capability_profiles,22,next_capability_review_at,timestamp with time zone,YES
organization_capability_profiles,23,capability_notes,text,YES
organization_capability_profiles,24,supporting_evidence,jsonb,NO
organization_capability_profiles,25,metadata,jsonb,NO
organization_capability_profiles,26,created_at,timestamp with time zone,NO
organization_capability_profiles,27,updated_at,timestamp with time zone,NO
organization_claims,1,id,uuid,NO
organization_claims,2,organization_id,uuid,NO
organization_claims,3,user_id,uuid,NO
organization_claims,4,contact_name,text,NO
organization_claims,5,contact_email,text,NO
organization_claims,6,role_at_org,text,NO
organization_claims,7,message,text,YES
organization_claims,8,abn,text,YES
organization_claims,9,status,text,NO
organization_claims,10,admin_notes,text,YES
organization_claims,11,verified_at,timestamp with time zone,YES
organization_claims,12,verified_by,uuid,YES
organization_claims,13,acnc_data,jsonb,YES
organization_claims,14,created_at,timestamp with time zone,NO
organization_claims,15,updated_at,timestamp with time zone,NO
organization_claims,16,consent_level,text,YES
organization_claims,17,permitted_uses,ARRAY,YES
organization_claims,18,story_interest,text,YES
organization_claims,19,reversibility_until,timestamp with time zone,YES
organization_claims,20,invite_token,uuid,YES
organization_claims,21,invite_expires_at,timestamp with time zone,YES
organization_funding_summaries,1,organization_id,uuid,NO
organization_funding_summaries,2,summary_text,text,NO
organization_funding_summaries,3,grant_count,integer,NO
organization_funding_summaries,4,total_dollars,numeric,NO
organization_funding_summaries,5,first_year,text,YES
organization_funding_summaries,6,last_year,text,YES
organization_funding_summaries,7,source_row_ids,ARRAY,NO
organization_funding_summaries,8,source_urls,ARRAY,NO
organization_funding_summaries,9,caveats,ARRAY,NO
organization_funding_summaries,10,builder_version,text,NO
organization_funding_summaries,11,generated_at,timestamp with time zone,NO
organization_funding_summaries,12,withdrawn_at,timestamp with time zone,YES
organization_funding_summaries,13,withdrawn_by,uuid,YES
organization_funding_summaries,14,withdrawn_reason,text,YES
organization_funding_summaries,15,confirmed_by_org_at,timestamp with time zone,YES
organization_funding_summaries,16,confirmed_by,uuid,YES
organization_funding_summaries,17,created_at,timestamp with time zone,NO
organization_funding_summaries,18,updated_at,timestamp with time zone,NO
organization_members,1,id,uuid,NO
organization_members,2,organization_id,uuid,NO
organization_members,3,user_id,uuid,NO
organization_members,4,role,text,NO
organization_members,5,permissions,ARRAY,YES
organization_members,6,status,text,YES
organization_members,7,invited_at,timestamp with time zone,YES
organization_members,8,joined_at,timestamp with time zone,YES
organization_members,9,last_active_at,timestamp with time zone,YES
organization_members,10,created_at,timestamp with time zone,YES
organization_members,11,updated_at,timestamp with time zone,YES
organization_outreach_log,1,id,uuid,NO
organization_outreach_log,2,organization_id,uuid,NO
organization_outreach_log,3,attempt_kind,text,NO
organization_outreach_log,4,sent_by,uuid,YES
organization_outreach_log,5,sent_at,timestamp with time zone,NO
organization_outreach_log,6,email_to,text,YES
organization_outreach_log,7,email_subject,text,YES
organization_outreach_log,8,email_body,text,YES
organization_outreach_log,9,claim_token,text,YES
organization_outreach_log,10,response_status,text,NO
organization_outreach_log,11,responded_at,timestamp with time zone,YES
organization_outreach_log,12,notes,text,YES
organization_outreach_log,13,created_at,timestamp with time zone,NO
organization_outreach_log,14,updated_at,timestamp with time zone,NO
organization_sync_log,1,id,uuid,NO
organization_sync_log,2,organization_id,uuid,YES
organization_sync_log,3,empathy_ledger_org_id,uuid,YES
organization_sync_log,4,sync_action,text,NO
organization_sync_log,5,sync_status,text,NO
organization_sync_log,6,sync_details,jsonb,YES
organization_sync_log,7,error_message,text,YES
organization_sync_log,8,synced_at,timestamp with time zone,NO
organizations,1,id,uuid,NO
organizations,2,name,text,NO
organizations,3,description,text,YES
organizations,4,type,text,YES
organizations,5,location,text,YES
organizations,6,contact_email,text,YES
organizations,7,website_url,text,YES
organizations,8,created_at,timestamp with time zone,YES
organizations,9,updated_at,timestamp with time zone,YES
organizations,10,archived,boolean,NO
organizations,11,collaboration_areas,ARRAY,YES
organizations,12,slug,text,YES
organizations,13,email,text,YES
organizations,14,phone,text,YES
organizations,15,website,text,YES
organizations,16,street_address,text,YES
organizations,17,suburb,text,YES
organizations,18,city,text,YES
organizations,19,state,text,YES
organizations,20,postcode,text,YES
organizations,21,latitude,numeric,YES
organizations,22,longitude,numeric,YES
organizations,23,verification_status,text,YES
organizations,24,is_active,boolean,YES
organizations,25,logo_url,text,YES
organizations,26,tags,ARRAY,YES
organizations,27,settings,jsonb,YES
organizations,28,empathy_ledger_org_id,uuid,YES
organizations,29,synced_from_empathy_ledger,boolean,YES
organizations,30,last_synced_at,timestamp without time zone,YES
organizations,31,partner_tier,text,YES
organizations,32,tagline,text,YES
organizations,33,abn,text,YES
organizations,34,stripe_customer_id,text,YES
organizations,35,plan,text,YES
organizations,36,billing_status,text,YES
organizations,37,charity_size,text,YES
organizations,38,acnc_purposes,ARRAY,YES
organizations,39,acnc_beneficiaries,ARRAY,YES
organizations,40,acnc_registration_date,date,YES
organizations,41,is_indigenous_org,boolean,YES
organizations,42,operating_states,ARRAY,YES
organizations,43,gs_entity_id,uuid,YES
organizations,44,acnc_data,jsonb,YES
organizations,45,control_type,text,YES
organizations,46,graph_score,numeric,YES
organizations,47,el_gallery_ids,ARRAY,YES
organizations,48,profile_completeness_score,numeric,YES
organizations,49,profile_completeness_breakdown,jsonb,YES
organizations,50,completeness_calculated_at,timestamp with time zone,YES
organizations,51,featured_on_map,boolean,NO
organizations,52,annual_report_url,text,YES
organizations,53,history_summary,text,YES
organizations,54,acco_certified,boolean,YES
organizations,55,hero_photo_url,text,YES
organizations,56,geocode_precision,USER-DEFINED,YES
organizations,57,geocode_place,text,YES
organizations,58,geocode_radius_km,numeric,YES
organizations,59,geocoded_at,timestamp with time zone,YES
organizations,60,geocode_source,text,YES
organizations,61,merged_into,uuid,YES
organizations,62,merged_at,timestamp with time zone,YES
organizations,63,merge_basis,text,YES
organizations,64,indigenous_org_basis,text,YES
organizations,65,indigenous_org_basis_at,timestamp with time zone,YES
organizations_profiles,1,id,uuid,NO
organizations_profiles,2,organization_id,uuid,NO
organizations_profiles,3,public_profile_id,uuid,NO
organizations_profiles,4,role,text,YES
organizations_profiles,5,role_description,text,YES
organizations_profiles,6,start_date,date,YES
organizations_profiles,7,end_date,date,YES
organizations_profiles,8,is_current,boolean,YES
organizations_profiles,9,is_featured,boolean,YES
organizations_profiles,10,display_order,integer,YES
organizations_profiles,11,created_at,timestamp without time zone,YES
organizations_profiles,12,updated_at,timestamp without time zone,YES
oric_corporations,1,id,uuid,NO
oric_corporations,2,icn,text,NO
oric_corporations,3,name,text,NO
oric_corporations,4,abn,text,YES
oric_corporations,5,status,text,NO
oric_corporations,6,status_reason,text,YES
oric_corporations,7,registered_on,date,YES
oric_corporations,8,deregistered_on,date,YES
oric_corporations,9,corporation_size,text,YES
oric_corporations,10,industry_sectors,ARRAY,YES
oric_corporations,11,industry_sectors_raw,text,YES
oric_corporations,12,registered_with_acnc,boolean,YES
oric_corporations,13,state,text,YES
oric_corporations,14,postcode,text,YES
oric_corporations,15,income_year1,text,YES
oric_corporations,16,assets_year1,text,YES
oric_corporations,17,employees_year1,text,YES
oric_corporations,18,income_year2,text,YES
oric_corporations,19,assets_year2,text,YES
oric_corporations,20,employees_year2,text,YES
oric_corporations,21,financial_year1,integer,YES
oric_corporations,22,financial_year2,integer,YES
oric_corporations,23,oric_url,text,YES
oric_corporations,24,acnc_abn_match,boolean,YES
oric_corporations,25,enriched_description,text,YES
oric_corporations,26,enriched_focus_areas,ARRAY,YES
oric_corporations,27,enriched_community_served,text,YES
oric_corporations,28,enriched_at,timestamp with time zone,YES
oric_corporations,29,enrichment_provider,text,YES
oric_corporations,30,source_file,text,YES
oric_corporations,31,created_at,timestamp with time zone,YES
oric_corporations,32,updated_at,timestamp with time zone,YES
outcome_submissions,1,id,uuid,NO
outcome_submissions,2,submitted_by,uuid,YES
outcome_submissions,3,org_name,text,NO
outcome_submissions,4,org_abn,text,YES
outcome_submissions,5,gs_entity_id,text,YES
outcome_submissions,6,contact_email,text,YES
outcome_submissions,7,program_name,text,NO
outcome_submissions,8,reporting_period,text,NO
outcome_submissions,9,outcomes,jsonb,NO
outcome_submissions,10,narrative,text,YES
outcome_submissions,11,evidence_urls,ARRAY,YES
outcome_submissions,12,methodology,text,YES
outcome_submissions,13,status,text,NO
outcome_submissions,14,reviewer_notes,text,YES
outcome_submissions,15,reviewed_by,uuid,YES
outcome_submissions,16,reviewed_at,timestamp with time zone,YES
outcome_submissions,17,proof_bundle_id,uuid,YES
outcome_submissions,18,postcode,text,YES
outcome_submissions,19,lga_name,text,YES
outcome_submissions,20,state,text,YES
outcome_submissions,21,created_at,timestamp with time zone,YES
outcome_submissions,22,updated_at,timestamp with time zone,YES
outcomes_metrics,1,id,uuid,NO
outcomes_metrics,2,jurisdiction,text,NO
outcomes_metrics,3,domain,text,NO
outcomes_metrics,4,metric_name,text,NO
outcomes_metrics,5,metric_value,numeric,YES
outcomes_metrics,6,metric_unit,text,YES
outcomes_metrics,7,period,text,NO
outcomes_metrics,8,cohort,text,NO
outcomes_metrics,9,source,text,NO
outcomes_metrics,10,source_url,text,YES
outcomes_metrics,11,source_table,text,YES
outcomes_metrics,12,notes,text,YES
outcomes_metrics,13,created_at,timestamp with time zone,YES
oversight_recommendations,1,id,uuid,NO
oversight_recommendations,2,jurisdiction,text,NO
oversight_recommendations,3,domain,text,NO
oversight_recommendations,4,oversight_body,text,NO
oversight_recommendations,5,report_title,text,NO
oversight_recommendations,6,report_date,date,YES
oversight_recommendations,7,report_url,text,YES
oversight_recommendations,8,recommendation_number,text,YES
oversight_recommendations,9,recommendation_text,text,NO
oversight_recommendations,10,status,text,NO
oversight_recommendations,11,status_date,date,YES
oversight_recommendations,12,status_notes,text,YES
oversight_recommendations,13,target_entity_ids,ARRAY,YES
oversight_recommendations,14,target_department,text,YES
oversight_recommendations,15,severity,text,YES
oversight_recommendations,16,metadata,jsonb,YES
oversight_recommendations,17,created_at,timestamp with time zone,YES
page_gallery,1,id,uuid,NO
page_gallery,2,page_slug,text,NO
page_gallery,3,images,jsonb,NO
page_gallery,4,updated_at,timestamp with time zone,YES
page_gallery,5,updated_by,uuid,YES
page_views,1,id,uuid,NO
page_views,2,path,text,NO
page_views,3,referrer,text,YES
page_views,4,utm_source,text,YES
page_views,5,utm_medium,text,YES
page_views,6,utm_campaign,text,YES
page_views,7,user_agent,text,YES
page_views,8,country,text,YES
page_views,9,created_at,timestamp with time zone,YES
parliament_bills,1,id,uuid,NO
parliament_bills,2,source_url,text,NO
parliament_bills,3,bill_name,text,NO
parliament_bills,4,bill_year,integer,YES
parliament_bills,5,sponsor,text,YES
parliament_bills,6,sponsor_party,text,YES
parliament_bills,7,introduced_date,date,YES
parliament_bills,8,status,text,YES
parliament_bills,9,status_date,date,YES
parliament_bills,10,parliament_session,text,YES
parliament_bills,11,is_yj_relevant,boolean,YES
parliament_bills,12,topics,ARRAY,YES
parliament_bills,13,scraped_at,timestamp with time zone,YES
parliament_bills,14,created_at,timestamp with time zone,YES
parliament_bills,15,updated_at,timestamp with time zone,YES
parliament_bills,16,jurisdiction,text,NO
parliament_bills,17,explanatory_note_url,text,YES
parliament_bills,18,statement_of_compatibility_url,text,YES
parliament_bills,19,explanatory_note_text,text,YES
parliament_bills,20,explanatory_note_fetched_at,timestamp with time zone,YES
parliament_bills,21,explanatory_note_chars,integer,YES
partner_contacts,1,id,uuid,NO
partner_contacts,2,organization_id,uuid,NO
partner_contacts,3,contact_type,text,NO
partner_contacts,4,label,text,NO
partner_contacts,5,value,text,NO
partner_contacts,6,icon,text,YES
partner_contacts,7,is_primary,boolean,YES
partner_contacts,8,display_order,integer,YES
partner_contacts,9,created_at,timestamp with time zone,YES
partner_external_links,1,id,uuid,NO
partner_external_links,2,organization_id,uuid,NO
partner_external_links,3,title,text,NO
partner_external_links,4,url,text,NO
partner_external_links,5,link_type,text,NO
partner_external_links,6,description,text,YES
partner_external_links,7,display_order,integer,YES
partner_external_links,8,created_at,timestamp with time zone,YES
partner_external_links,9,updated_at,timestamp with time zone,YES
partner_goals,1,id,uuid,NO
partner_goals,2,organization_id,uuid,NO
partner_goals,3,goal_type,text,NO
partner_goals,4,title,text,NO
partner_goals,5,description,text,YES
partner_goals,6,icon,text,YES
partner_goals,7,display_order,integer,YES
partner_goals,8,is_featured,boolean,YES
partner_goals,9,created_at,timestamp with time zone,YES
partner_impact_metrics,1,id,uuid,NO
partner_impact_metrics,2,organization_id,uuid,NO
partner_impact_metrics,3,metric_name,text,NO
partner_impact_metrics,4,metric_value,text,NO
partner_impact_metrics,5,metric_context,text,YES
partner_impact_metrics,6,icon,text,YES
partner_impact_metrics,7,display_order,integer,YES
partner_impact_metrics,8,is_featured,boolean,YES
partner_impact_metrics,9,updated_at,timestamp with time zone,YES
partner_impact_metrics,10,created_at,timestamp with time zone,YES
partner_photos,1,id,uuid,NO
partner_photos,2,organization_id,uuid,NO
partner_photos,3,node_id,uuid,YES
partner_photos,4,title,text,YES
partner_photos,5,description,text,YES
partner_photos,6,photographer,text,YES
partner_photos,7,photo_url,text,NO
partner_photos,8,thumbnail_url,text,YES
partner_photos,9,photo_type,text,YES
partner_photos,10,location_name,text,YES
partner_photos,11,taken_at,date,YES
partner_photos,12,is_featured,boolean,YES
partner_photos,13,is_public,boolean,YES
partner_photos,14,display_order,integer,YES
partner_photos,15,metadata,jsonb,YES
partner_photos,16,created_at,timestamp with time zone,YES
partner_photos,17,project_id,uuid,YES
partner_stories,1,id,uuid,NO
partner_stories,2,organization_id,uuid,NO
partner_stories,3,node_id,uuid,YES
partner_stories,4,empathy_ledger_story_id,uuid,YES
partner_stories,5,title,text,NO
partner_stories,6,excerpt,text,YES
partner_stories,7,thumbnail_url,text,YES
partner_stories,8,story_type,text,YES
partner_stories,9,is_featured,boolean,YES
partner_stories,10,is_public,boolean,YES
partner_stories,11,consent_level,text,YES
partner_stories,12,linked_at,timestamp with time zone,YES
partner_stories,13,quote,text,YES
partner_stories,14,summary,text,YES
partner_stories,15,tags,ARRAY,YES
partner_stories,16,display_order,integer,YES
partner_storytellers,1,id,uuid,NO
partner_storytellers,2,organization_id,uuid,NO
partner_storytellers,3,node_id,uuid,YES
partner_storytellers,4,empathy_ledger_profile_id,uuid,YES
partner_storytellers,5,display_name,text,NO
partner_storytellers,6,role_at_org,text,YES
partner_storytellers,7,bio_excerpt,text,YES
partner_storytellers,8,avatar_url,text,YES
partner_storytellers,9,is_featured,boolean,YES
partner_storytellers,10,is_public,boolean,YES
partner_storytellers,11,consent_level,text,YES
partner_storytellers,12,linked_at,timestamp with time zone,YES
partner_storytellers,13,quote,text,YES
partner_storytellers,14,display_order,integer,YES
partner_storytellers,15,role,text,YES
partner_storytellers_v,1,id,uuid,YES
partner_storytellers_v,2,organization_id,uuid,YES
partner_storytellers_v,3,node_id,uuid,YES
partner_storytellers_v,4,empathy_ledger_profile_id,uuid,YES
partner_storytellers_v,5,display_name,text,YES
partner_storytellers_v,6,role,text,YES
partner_storytellers_v,7,role_at_org,text,YES
partner_storytellers_v,8,bio_excerpt,text,YES
partner_storytellers_v,9,avatar_url,text,YES
partner_storytellers_v,10,quote,text,YES
partner_storytellers_v,11,is_featured,boolean,YES
partner_storytellers_v,12,is_public,boolean,YES
partner_storytellers_v,13,consent_level,text,YES
partner_storytellers_v,14,display_order,integer,YES
partner_storytellers_v,15,linked_at,timestamp with time zone,YES
partner_videos,1,id,uuid,NO
partner_videos,2,organization_id,uuid,NO
partner_videos,3,node_id,uuid,YES
partner_videos,4,title,text,NO
partner_videos,5,description,text,YES
partner_videos,6,video_url,text,NO
partner_videos,7,video_id,text,YES
partner_videos,8,platform,text,YES
partner_videos,9,thumbnail_url,text,YES
partner_videos,10,duration_seconds,integer,YES
partner_videos,11,video_type,text,YES
partner_videos,12,is_featured,boolean,YES
partner_videos,13,is_public,boolean,YES
partner_videos,14,view_count,integer,YES
partner_videos,15,published_at,date,YES
partner_videos,16,created_at,timestamp with time zone,YES
partner_videos,17,updated_at,timestamp with time zone,YES
partner_videos,18,video_placement,text,YES
partner_videos,19,project_id,uuid,YES
partnership_inquiries,1,id,uuid,NO
partnership_inquiries,2,submitted_at,timestamp with time zone,NO
partnership_inquiries,3,source_path,text,YES
partnership_inquiries,4,source_referrer,text,YES
partnership_inquiries,5,source_artefact,text,YES
partnership_inquiries,6,partnership_types,ARRAY,YES
partnership_inquiries,7,partnership_other,text,YES
partnership_inquiries,8,message,text,NO
partnership_inquiries,9,budget_band,text,YES
partnership_inquiries,10,timeline,text,YES
partnership_inquiries,11,contact_name,text,NO
partnership_inquiries,12,contact_email,text,NO
partnership_inquiries,13,contact_org,text,YES
partnership_inquiries,14,contact_role,text,YES
partnership_inquiries,15,contact_phone,text,YES
partnership_inquiries,16,user_agent,text,YES
partnership_inquiries,17,ghl_synced_at,timestamp with time zone,YES
partnership_inquiries,18,ghl_contact_id,text,YES
peer_validations,1,id,uuid,NO
peer_validations,2,from_org_id,uuid,NO
peer_validations,3,to_org_id,uuid,NO
peer_validations,4,validation_type,text,NO
peer_validations,5,content,text,NO
peer_validations,6,validator_name,text,NO
peer_validations,7,validator_role,text,YES
peer_validations,8,is_public,boolean,YES
peer_validations,9,created_at,timestamp with time zone,YES
pending_extractions,1,id,uuid,YES
pending_extractions,2,source_type,text,YES
pending_extractions,3,source_id,text,YES
pending_extractions,4,source_url,text,YES
pending_extractions,5,source_metadata,jsonb,YES
pending_extractions,6,raw_content,text,YES
pending_extractions,7,raw_title,text,YES
pending_extractions,8,extracted_knowledge,text,YES
pending_extractions,9,suggested_title,text,YES
pending_extractions,10,suggested_type,text,YES
pending_extractions,11,suggested_excerpt,text,YES
pending_extractions,12,suggested_projects,ARRAY,YES
pending_extractions,13,suggested_domains,ARRAY,YES
pending_extractions,14,suggested_tags,ARRAY,YES
pending_extractions,15,suggested_parent_ids,jsonb,YES
pending_extractions,16,confidence_score,numeric,YES
pending_extractions,17,status,text,YES
pending_extractions,18,reviewed_by,uuid,YES
pending_extractions,19,reviewed_at,timestamp with time zone,YES
pending_extractions,20,review_notes,text,YES
pending_extractions,21,wiki_page_id,uuid,YES
pending_extractions,22,extracted_at,timestamp with time zone,YES
pending_extractions,23,extraction_model,text,YES
pending_extractions,24,extraction_prompt,text,YES
pending_extractions,25,priority,integer,YES
pending_extractions,26,created_at,timestamp with time zone,YES
pending_extractions,27,confidence_level,text,YES
pending_form_submissions,1,id,uuid,NO
pending_form_submissions,2,project_code,text,YES
pending_form_submissions,3,form_type,text,YES
pending_form_submissions,4,fields,jsonb,NO
pending_form_submissions,5,additional_tags,ARRAY,NO
pending_form_submissions,6,source,text,YES
pending_form_submissions,7,synced,boolean,NO
pending_form_submissions,8,created_at,timestamp with time zone,NO
pending_proposals,1,id,uuid,YES
pending_proposals,2,agent_id,text,YES
pending_proposals,3,title,text,YES
pending_proposals,4,description,text,YES
pending_proposals,5,priority,text,YES
pending_proposals,6,deadline,timestamp with time zone,YES
pending_proposals,7,created_at,timestamp with time zone,YES
pending_proposals,8,autonomy_level,integer,YES
pending_proposals,9,risk_level,text,YES
pending_proposals,10,trigger_reason,text,YES
pending_proposals,11,confidence,text,YES
pending_proposals,12,impact_assessment,jsonb,YES
pending_subscriptions,1,id,uuid,NO
pending_subscriptions,2,vendor_name,text,NO
pending_subscriptions,3,vendor_aliases,ARRAY,YES
pending_subscriptions,4,detected_amount,numeric,YES
pending_subscriptions,5,detected_currency,text,YES
pending_subscriptions,6,detected_cycle,text,YES
pending_subscriptions,7,discovery_source,text,NO
pending_subscriptions,8,discovery_confidence,integer,YES
pending_subscriptions,9,first_seen_at,timestamp with time zone,YES
pending_subscriptions,10,last_seen_at,timestamp with time zone,YES
pending_subscriptions,11,payment_count,integer,YES
pending_subscriptions,12,avg_interval_days,integer,YES
pending_subscriptions,13,amount_variance_pct,numeric,YES
pending_subscriptions,14,evidence,jsonb,YES
pending_subscriptions,15,status,text,YES
pending_subscriptions,16,resolved_subscription_id,uuid,YES
pending_subscriptions,17,resolved_at,timestamp with time zone,YES
pending_subscriptions,18,resolved_by,text,YES
pending_subscriptions,19,created_at,timestamp with time zone,YES
pending_subscriptions,20,updated_at,timestamp with time zone,YES
people,1,id,uuid,NO
people,2,slug,text,NO
people,3,full_name,text,NO
people,4,display_name,text,YES
people,5,honorific,text,YES
people,6,primary_role,text,YES
people,7,indigenous,boolean,YES
people,8,region_focus,text,YES
people,9,state_focus,text,YES
people,10,bio_text,text,YES
people,11,photo_url,text,YES
people,12,notes,text,YES
people,13,is_active,boolean,NO
people,14,created_at,timestamp with time zone,NO
people,15,updated_at,timestamp with time zone,NO
person_entity_links,1,id,uuid,NO
person_entity_links,2,person_id,uuid,NO
person_entity_links,3,entity_id,uuid,NO
person_entity_links,4,confidence_score,numeric,NO
person_entity_links,5,link_method,text,NO
person_entity_links,6,link_evidence,jsonb,YES
person_entity_links,7,verified,boolean,NO
person_entity_links,8,verified_at,timestamp with time zone,YES
person_entity_links,9,verified_by,uuid,YES
person_entity_links,10,created_at,timestamp with time zone,NO
person_entity_links,11,updated_at,timestamp with time zone,NO
person_identities,1,id,uuid,NO
person_identities,2,role_id,uuid,NO
person_identities,3,person_name_normalised,text,NO
person_identities,4,identity_key,text,NO
person_identities,5,cluster_size,integer,NO
person_identities,6,is_nominee_block,boolean,NO
person_identities,7,confidence,text,NO
person_identities,8,method,text,NO
person_identities,9,created_at,timestamp with time zone,NO
person_identity_map,1,person_id,uuid,NO
person_identity_map,2,full_name,text,YES
person_identity_map,3,email,text,YES
person_identity_map,4,linkedin_contact_id,uuid,YES
person_identity_map,5,gmail_id,text,YES
person_identity_map,6,notion_id,text,YES
person_identity_map,7,notion_person_id,text,YES
person_identity_map,8,external_ids,jsonb,YES
person_identity_map,9,created_at,timestamp with time zone,YES
person_identity_map,10,updated_at,timestamp with time zone,YES
person_identity_map,11,contact_data,jsonb,YES
person_identity_map,12,youth_justice_relevance_score,integer,YES
person_identity_map,13,engagement_priority,text,YES
person_identity_map,14,sector,text,YES
person_identity_map,15,indigenous_affiliation,boolean,YES
person_identity_map,16,government_influence,integer,YES
person_identity_map,17,funding_capacity,text,YES
person_identity_map,18,collaboration_potential,integer,YES
person_identity_map,19,tags,ARRAY,YES
person_identity_map,20,current_position,text,YES
person_identity_map,21,current_company,text,YES
person_identity_map,22,data_source,text,YES
person_identity_map,23,alignment_tags,ARRAY,YES
person_identity_map,24,exa_enriched,boolean,YES
person_identity_map,25,exa_enriched_at,timestamp with time zone,YES
person_identity_map,26,exa_enrichment_confidence,numeric,YES
person_identity_map,27,exa_last_refresh_at,timestamp with time zone,YES
person_identity_map,28,exa_refresh_needed,boolean,YES
person_identity_map,29,discovered_via,text,YES
person_identity_map,30,ghl_contact_id,text,YES
person_identity_map,31,data_quality_score,integer,YES
person_identity_map,32,data_sources,ARRAY,YES
person_identity_map,33,needs_cleanup,boolean,YES
person_identity_map,34,last_verified_at,timestamp with time zone,YES
person_identity_map,35,total_emails_sent,integer,YES
person_identity_map,36,total_emails_received,integer,YES
person_identity_map,37,last_communication_at,timestamp with time zone,YES
person_identity_map,38,unified_tags,ARRAY,YES
person_role_holdings,1,id,uuid,NO
person_role_holdings,2,person_id,uuid,NO
person_role_holdings,3,role_type,text,NO
person_role_holdings,4,role_title,text,YES
person_role_holdings,5,organization_id,uuid,YES
person_role_holdings,6,body_name,text,YES
person_role_holdings,7,jurisdiction,text,YES
person_role_holdings,8,party,text,YES
person_role_holdings,9,start_year,smallint,YES
person_role_holdings,10,end_year,smallint,YES
person_role_holdings,11,is_current,boolean,NO
person_role_holdings,12,source_url,text,YES
person_role_holdings,13,notes,text,YES
person_role_holdings,14,created_at,timestamp with time zone,NO
person_roles,1,id,uuid,NO
person_roles,2,person_name,text,NO
person_roles,3,person_name_normalised,text,YES
person_roles,4,role_type,text,NO
person_roles,5,company_acn,text,NO
person_roles,6,company_name,text,YES
person_roles,7,company_abn,text,YES
person_roles,8,entity_id,uuid,YES
person_roles,9,person_entity_id,uuid,YES
person_roles,10,appointment_date,date,YES
person_roles,11,cessation_date,date,YES
person_roles,12,source,text,NO
person_roles,13,source_file,text,YES
person_roles,14,confidence,text,YES
person_roles,15,properties,jsonb,YES
person_roles,16,created_at,timestamp with time zone,YES
person_roles,17,updated_at,timestamp with time zone,YES
photo_album_photos,1,id,uuid,NO
photo_album_photos,2,album_id,uuid,NO
photo_album_photos,3,photo_id,uuid,NO
photo_album_photos,4,sort_order,integer,YES
photo_album_photos,5,added_at,timestamp with time zone,YES
photo_album_shares,1,id,uuid,NO
photo_album_shares,2,album_id,uuid,NO
photo_album_shares,3,share_method,character varying,NO
photo_album_shares,4,share_url,text,YES
photo_album_shares,5,recipient_info,jsonb,YES
photo_album_shares,6,expires_at,timestamp with time zone,YES
photo_album_shares,7,access_count,integer,YES
photo_album_shares,8,created_at,timestamp with time zone,YES
photo_album_shares,9,last_accessed,timestamp with time zone,YES
photo_albums,1,id,uuid,NO
photo_albums,2,title,character varying,NO
photo_albums,3,description,text,YES
photo_albums,4,cover_photo_id,uuid,YES
photo_albums,5,slug,character varying,NO
photo_albums,6,is_public,boolean,YES
photo_albums,7,is_shareable,boolean,YES
photo_albums,8,created_by,character varying,YES
photo_albums,9,storyteller_id,uuid,YES
photo_albums,10,metadata,jsonb,YES
photo_albums,11,created_at,timestamp with time zone,YES
photo_albums,12,updated_at,timestamp with time zone,YES
photo_storyteller_tags,1,id,uuid,NO
photo_storyteller_tags,2,photo_id,uuid,NO
photo_storyteller_tags,3,storyteller_id,uuid,NO
photo_storyteller_tags,4,confidence,numeric,YES
photo_storyteller_tags,5,face_coordinates,jsonb,YES
photo_storyteller_tags,6,detection_method,character varying,YES
photo_storyteller_tags,7,tagged_by,character varying,YES
photo_storyteller_tags,8,created_at,timestamp with time zone,YES
photo_storyteller_tags,9,updated_at,timestamp with time zone,YES
photos,1,id,uuid,NO
photos,2,filename,character varying,NO
photos,3,url,text,NO
photos,4,file_size,bigint,NO
photos,5,dimensions,jsonb,YES
photos,6,metadata,jsonb,YES
photos,7,upload_date,timestamp with time zone,YES
photos,8,created_at,timestamp with time zone,YES
photos,9,updated_at,timestamp with time zone,YES
pilot_participants,1,id,uuid,NO
pilot_participants,2,created_at,timestamp with time zone,NO
pilot_participants,3,updated_at,timestamp with time zone,NO
pilot_participants,4,owner_user_id,uuid,YES
pilot_participants,5,linked_user_id,uuid,YES
pilot_participants,6,linked_org_profile_id,uuid,YES
pilot_participants,7,participant_name,text,NO
pilot_participants,8,email,text,NO
pilot_participants,9,organization_name,text,YES
pilot_participants,10,role_title,text,YES
pilot_participants,11,cohort,text,NO
pilot_participants,12,stage,text,NO
pilot_participants,13,payment_intent,text,NO
pilot_participants,14,sean_ellis_response,text,NO
pilot_participants,15,pilot_source,text,YES
pilot_participants,16,funding_task,text,YES
pilot_participants,17,notes,text,YES
pilot_participants,18,last_contact_at,timestamp with time zone,YES
pilot_participants,19,onboarding_at,timestamp with time zone,YES
pilot_participants,20,observed_session_at,timestamp with time zone,YES
pilot_participants,21,closeout_at,timestamp with time zone,YES
pipeline_changes,1,id,uuid,NO
pipeline_changes,2,opportunity_id,uuid,YES
pipeline_changes,3,opportunity_title,text,YES
pipeline_changes,4,changes,text,NO
pipeline_changes,5,note,text,YES
pipeline_changes,6,old_values,jsonb,YES
pipeline_changes,7,new_values,jsonb,YES
pipeline_changes,8,created_at,timestamp with time zone,YES
pipeline_runs,1,id,uuid,NO
pipeline_runs,2,started_at,timestamp with time zone,NO
pipeline_runs,3,finished_at,timestamp with time zone,YES
pipeline_runs,4,status,text,NO
pipeline_runs,5,phases,jsonb,YES
pipeline_runs,6,failed_phases,jsonb,YES
pipeline_runs,7,duration_s,numeric,YES
pipeline_runs,8,entity_code,text,YES
pipeline_runs,9,created_at,timestamp with time zone,YES
place_corrections,1,id,uuid,NO
place_corrections,2,created_at,timestamp with time zone,NO
place_corrections,3,page_route,text,NO
place_corrections,4,lga_name,text,YES
place_corrections,5,message,text,NO
place_corrections,6,contact,text,YES
place_corrections,7,status,text,NO
place_corrections,8,reviewed_at,timestamp with time zone,YES
place_corrections,9,review_notes,text,YES
place_funding_snapshot,1,id,uuid,NO
place_funding_snapshot,2,area_key,text,NO
place_funding_snapshot,3,area_label,text,NO
place_funding_snapshot,4,area_note,text,YES
place_funding_snapshot,5,state,text,NO
place_funding_snapshot,6,org_count,integer,NO
place_funding_snapshot,7,community_controlled_count,integer,NO
place_funding_snapshot,8,contract_count,integer,NO
place_funding_snapshot,9,contract_value,numeric,NO
place_funding_snapshot,10,govt_grant_count,integer,NO
place_funding_snapshot,11,govt_grant_value,numeric,NO
place_funding_snapshot,12,philanthropic_funder_count,integer,NO
place_funding_snapshot,13,philanthropic_grant_count,integer,NO
place_funding_snapshot,14,lga_resolved,boolean,NO
place_funding_snapshot,15,computed_at,timestamp with time zone,NO
platform_media_items,1,id,uuid,NO
platform_media_items,2,platform_organization_id,uuid,YES
platform_media_items,3,empathy_ledger_media_id,uuid,YES
platform_media_items,4,bucket_name,text,YES
platform_media_items,5,storage_path,text,NO
platform_media_items,6,file_url,text,NO
platform_media_items,7,thumbnail_url,text,YES
platform_media_items,8,file_type,text,NO
platform_media_items,9,file_size,bigint,YES
platform_media_items,10,dimensions,json,YES
platform_media_items,11,mime_type,text,YES
platform_media_items,12,original_filename,text,YES
platform_media_items,13,title,text,YES
platform_media_items,14,description,text,YES
platform_media_items,15,content_category,text,YES
platform_media_items,16,content_subcategory,text,YES
platform_media_items,17,ai_tags,ARRAY,YES
platform_media_items,18,manual_tags,ARRAY,YES
platform_media_items,19,ai_confidence,numeric,YES
platform_media_items,20,ai_processed,boolean,YES
platform_media_items,21,impact_themes,ARRAY,YES
platform_media_items,22,photographer,text,YES
platform_media_items,23,consent_verified,boolean,YES
platform_media_items,24,community_approved,boolean,YES
platform_media_items,25,attribution_required,boolean,YES
platform_media_items,26,usage_rights,text,YES
platform_media_items,27,location_data,json,YES
platform_media_items,28,capture_date,date,YES
platform_media_items,29,emotional_tone,text,YES
platform_media_items,30,project_ids,ARRAY,YES
platform_media_items,31,story_ids,ARRAY,YES
platform_media_items,32,storyteller_ids,ARRAY,YES
platform_media_items,33,processed,boolean,YES
platform_media_items,34,created_at,timestamp with time zone,YES
platform_media_items,35,updated_at,timestamp with time zone,YES
platform_media_processing_jobs,1,id,uuid,NO
platform_media_processing_jobs,2,platform_organization_id,uuid,YES
platform_media_processing_jobs,3,media_id,uuid,YES
platform_media_processing_jobs,4,job_type,text,NO
platform_media_processing_jobs,5,status,text,YES
platform_media_processing_jobs,6,input_data,json,YES
platform_media_processing_jobs,7,result_data,json,YES
platform_media_processing_jobs,8,error_message,text,YES
platform_media_processing_jobs,9,processing_duration_ms,integer,YES
platform_media_processing_jobs,10,started_at,timestamp with time zone,YES
platform_media_processing_jobs,11,completed_at,timestamp with time zone,YES
platform_media_processing_jobs,12,created_at,timestamp with time zone,YES
platform_organizations,1,id,uuid,NO
platform_organizations,2,slug,text,NO
platform_organizations,3,name,text,NO
platform_organizations,4,storage_prefix,text,NO
platform_organizations,5,subscription_tier,text,YES
platform_organizations,6,storage_quota_gb,integer,YES
platform_organizations,7,storage_used_gb,numeric,YES
platform_organizations,8,api_calls_this_month,integer,YES
platform_organizations,9,primary_contact_email,text,YES
platform_organizations,10,billing_email,text,YES
platform_organizations,11,domain,text,YES
platform_organizations,12,first_upload_at,timestamp with time zone,YES
platform_organizations,13,last_activity_at,timestamp with time zone,YES
platform_organizations,14,created_at,timestamp with time zone,YES
platform_organizations,15,updated_at,timestamp with time zone,YES
pm2_cron_status,1,name,text,NO
pm2_cron_status,2,status,text,NO
pm2_cron_status,3,restarts,integer,NO
pm2_cron_status,4,memory_bytes,bigint,NO
pm2_cron_status,5,uptime_ms,bigint,NO
pm2_cron_status,6,frequency,text,NO
pm2_cron_status,7,cron_expression,text,YES
pm2_cron_status,8,recent_errors,ARRAY,YES
pm2_cron_status,9,updated_at,timestamp with time zone,NO
pmpp_knowledge,1,id,uuid,NO
pmpp_knowledge,2,type,text,NO
pmpp_knowledge,3,title,text,NO
pmpp_knowledge,4,content,text,NO
pmpp_knowledge,5,context,text,YES
pmpp_knowledge,6,parent_principle_id,uuid,YES
pmpp_knowledge,7,parent_method_id,uuid,YES
pmpp_knowledge,8,parent_practice_id,uuid,YES
pmpp_knowledge,9,version,integer,YES
pmpp_knowledge,10,status,text,YES
pmpp_knowledge,11,last_reviewed_at,timestamp with time zone,YES
pmpp_knowledge,12,review_frequency_days,integer,YES
pmpp_knowledge,13,update_authority,text,YES
pmpp_knowledge,14,requires_approval_from,ARRAY,YES
pmpp_knowledge,15,projects,ARRAY,YES
pmpp_knowledge,16,domains,ARRAY,YES
pmpp_knowledge,17,tags,ARRAY,YES
pmpp_knowledge,18,created_at,timestamp with time zone,YES
pmpp_knowledge,19,updated_at,timestamp with time zone,YES
policy_events,1,id,uuid,NO
policy_events,2,jurisdiction,text,NO
policy_events,3,domain,text,NO
policy_events,4,event_date,date,NO
policy_events,5,title,text,NO
policy_events,6,description,text,YES
policy_events,7,event_type,text,NO
policy_events,8,severity,text,YES
policy_events,9,source,text,YES
policy_events,10,source_url,text,YES
policy_events,11,impact_summary,text,YES
policy_events,12,entity_ids,ARRAY,YES
policy_events,13,metadata,jsonb,YES
policy_events,14,created_at,timestamp with time zone,YES
political_donations,1,id,uuid,NO
political_donations,2,financial_year,text,NO
political_donations,3,donor_name,text,NO
political_donations,4,donor_abn,text,YES
political_donations,5,donation_to,text,NO
political_donations,6,donation_date,date,YES
political_donations,7,amount,numeric,YES
political_donations,8,return_type,text,YES
political_donations,9,receipt_type,text,YES
political_donations,10,created_at,timestamp with time zone,YES
political_donations,11,source_state,text,YES
political_donations,12,properties,jsonb,YES
portraits,1,id,uuid,NO
portraits,2,created_at,timestamp with time zone,NO
portraits,3,updated_at,timestamp with time zone,NO
portraits,4,image_url,text,NO
portraits,5,name,text,YES
portraits,6,storyteller_id,text,NO
portraits,7,visible,boolean,NO
portraits,8,views,integer,NO
portraits,9,clicks,integer,NO
portraits,10,rotation,double precision,NO
portraits,11,offset_x,double precision,NO
portraits,12,offset_y,double precision,NO
portraits,13,access_code,text,NO
postcode_geo,1,postcode,text,NO
postcode_geo,2,locality,text,NO
postcode_geo,3,state,text,YES
postcode_geo,4,latitude,numeric,YES
postcode_geo,5,longitude,numeric,YES
postcode_geo,6,sa2_code,text,YES
postcode_geo,7,sa2_name,text,YES
postcode_geo,8,sa3_code,text,YES
postcode_geo,9,sa3_name,text,YES
postcode_geo,10,sa4_code,text,YES
postcode_geo,11,sa4_name,text,YES
postcode_geo,12,remoteness_2021,text,YES
postcode_geo,13,lga_name,text,YES
postcode_geo,14,lga_code,text,YES
postcode_geo_lga_backup_20260808,1,postcode,text,YES
postcode_geo_lga_backup_20260808,2,locality,text,YES
postcode_geo_lga_backup_20260808,3,state,text,YES
postcode_geo_lga_backup_20260808,4,lga_name,text,YES
postcode_geo_lga_backup_20260808,5,lga_code,text,YES
postcode_geo_lga_backup_20260809b,1,postcode,text,YES
postcode_geo_lga_backup_20260809b,2,locality,text,YES
postcode_geo_lga_backup_20260809b,3,state,text,YES
postcode_geo_lga_backup_20260809b,4,lga_name,text,YES
postcode_geo_lga_backup_20260809b,5,lga_code,text,YES
postcode_geo_lga_backup_20260809c,1,postcode,text,YES
postcode_geo_lga_backup_20260809c,2,locality,text,YES
postcode_geo_lga_backup_20260809c,3,state,text,YES
postcode_geo_lga_backup_20260809c,4,lga_name,text,YES
postcode_geo_lga_backup_20260809c,5,lga_code,text,YES
postcode_geo_lga_backup_20260809d,1,postcode,text,YES
postcode_geo_lga_backup_20260809d,2,locality,text,YES
postcode_geo_lga_backup_20260809d,3,state,text,YES
postcode_geo_lga_backup_20260809d,4,lga_name,text,YES
postcode_geo_lga_backup_20260809d,5,lga_code,text,YES
postcode_geo_lga_backup_20260809e,1,postcode,text,YES
postcode_geo_lga_backup_20260809e,2,locality,text,YES
postcode_geo_lga_backup_20260809e,3,state,text,YES
postcode_geo_lga_backup_20260809e,4,lga_name,text,YES
postcode_geo_lga_backup_20260809e,5,lga_code,text,YES
postcode_geo_state_backup_20260809e,1,postcode,text,YES
postcode_geo_state_backup_20260809e,2,locality,text,YES
postcode_geo_state_backup_20260809e,3,state,text,YES
postcode_geo_state_backup_20260809e,4,lga_name,text,YES
postcode_geo_state_backup_20260809e,5,lga_code,text,YES
postcode_sa2_concordance,1,postcode,text,NO
postcode_sa2_concordance,2,sa2_code,text,NO
postcode_sa2_concordance,3,sa2_name,text,YES
privacy_audit_log,1,id,bigint,NO
privacy_audit_log,2,tenant_id,text,YES
privacy_audit_log,3,occurred_at,timestamp with time zone,YES
privacy_audit_log,4,actor,text,YES
privacy_audit_log,5,method,text,YES
privacy_audit_log,6,path,text,YES
privacy_audit_log,7,resource,text,YES
privacy_audit_log,8,ip,text,YES
privacy_audit_log,9,status,integer,YES
privacy_audit_log,10,query,jsonb,YES
privacy_audit_log,11,body,jsonb,YES
privacy_settings,1,tenant_id,text,NO
privacy_settings,2,analytics_consent,boolean,YES
privacy_settings,3,email_processing_consent,boolean,YES
privacy_settings,4,data_sharing_consent,boolean,YES
privacy_settings,5,retention_days,integer,YES
privacy_settings,6,updated_at,timestamp with time zone,YES
privacy_settings,7,consent_version,integer,YES
privacy_settings,8,consent_expires_at,timestamp with time zone,YES
privacy_settings,9,policy_ref,text,YES
processing_jobs,1,transcript_id,uuid,YES
processing_jobs,2,status,character varying,YES
processing_jobs,3,progress_percentage,integer,YES
processing_jobs,4,current_step,character varying,YES
processing_jobs,5,estimated_completion,timestamp without time zone,YES
procurement_alerts,1,id,uuid,NO
procurement_alerts,2,org_profile_id,uuid,YES
procurement_alerts,3,shortlist_id,uuid,YES
procurement_alerts,4,shortlist_item_id,uuid,YES
procurement_alerts,5,alert_type,text,NO
procurement_alerts,6,severity,text,NO
procurement_alerts,7,status,text,NO
procurement_alerts,8,title,text,NO
procurement_alerts,9,body,text,YES
procurement_alerts,10,payload,jsonb,NO
procurement_alerts,11,created_at,timestamp with time zone,NO
procurement_alerts,12,updated_at,timestamp with time zone,NO
procurement_notification_channels,1,id,uuid,NO
procurement_notification_channels,2,org_profile_id,uuid,NO
procurement_notification_channels,3,channel_name,text,NO
procurement_notification_channels,4,channel_type,text,NO
procurement_notification_channels,5,endpoint_url,text,NO
procurement_notification_channels,6,signing_secret,text,YES
procurement_notification_channels,7,enabled,boolean,NO
procurement_notification_channels,8,event_types,ARRAY,NO
procurement_notification_channels,9,created_by,uuid,YES
procurement_notification_channels,10,updated_by,uuid,YES
procurement_notification_channels,11,created_at,timestamp with time zone,NO
procurement_notification_channels,12,updated_at,timestamp with time zone,NO
procurement_notification_channels,13,verification_token,text,NO
procurement_notification_channels,14,verification_status,text,NO
procurement_notification_channels,15,last_tested_at,timestamp with time zone,YES
procurement_notification_channels,16,last_test_error,text,YES
procurement_notification_outbox,1,id,uuid,NO
procurement_notification_outbox,2,org_profile_id,uuid,NO
procurement_notification_outbox,3,shortlist_id,uuid,YES
procurement_notification_outbox,4,pack_export_id,uuid,YES
procurement_notification_outbox,5,task_id,uuid,YES
procurement_notification_outbox,6,alert_id,uuid,YES
procurement_notification_outbox,7,recipient_user_id,uuid,YES
procurement_notification_outbox,8,recipient_label,text,YES
procurement_notification_outbox,9,notification_type,text,NO
procurement_notification_outbox,10,delivery_mode,text,NO
procurement_notification_outbox,11,status,text,NO
procurement_notification_outbox,12,subject,text,NO
procurement_notification_outbox,13,body,text,YES
procurement_notification_outbox,14,payload,jsonb,NO
procurement_notification_outbox,15,queued_at,timestamp with time zone,NO
procurement_notification_outbox,16,sent_at,timestamp with time zone,YES
procurement_notification_outbox,17,created_at,timestamp with time zone,NO
procurement_notification_outbox,18,updated_at,timestamp with time zone,NO
procurement_notification_outbox,19,attempt_count,integer,NO
procurement_notification_outbox,20,last_attempted_at,timestamp with time zone,YES
procurement_notification_outbox,21,last_error,text,YES
procurement_notification_outbox,22,external_message_id,text,YES
procurement_pack_exports,1,id,uuid,NO
procurement_pack_exports,2,org_profile_id,uuid,NO
procurement_pack_exports,3,shortlist_id,uuid,NO
procurement_pack_exports,4,workflow_run_id,uuid,YES
procurement_pack_exports,5,title,text,NO
procurement_pack_exports,6,export_summary,jsonb,NO
procurement_pack_exports,7,pack_payload,jsonb,NO
procurement_pack_exports,8,evidence_snapshot,jsonb,NO
procurement_pack_exports,9,created_by,uuid,YES
procurement_pack_exports,10,updated_by,uuid,YES
procurement_pack_exports,11,created_at,timestamp with time zone,NO
procurement_pack_exports,12,updated_at,timestamp with time zone,NO
procurement_pack_exports,13,version_number,integer,NO
procurement_pack_exports,14,source_shortlist_updated_at,timestamp with time zone,YES
procurement_pack_exports,15,superseded_at,timestamp with time zone,YES
procurement_pending_team_invites,1,id,uuid,NO
procurement_pending_team_invites,2,org_profile_id,uuid,NO
procurement_pending_team_invites,3,invited_email,text,NO
procurement_pending_team_invites,4,procurement_role,text,NO
procurement_pending_team_invites,5,notification_mode,text,NO
procurement_pending_team_invites,6,created_by,uuid,YES
procurement_pending_team_invites,7,updated_by,uuid,YES
procurement_pending_team_invites,8,created_at,timestamp with time zone,NO
procurement_pending_team_invites,9,updated_at,timestamp with time zone,NO
procurement_pending_team_invites,10,permission_overrides,jsonb,NO
procurement_shortlist_comments,1,id,uuid,NO
procurement_shortlist_comments,2,org_profile_id,uuid,NO
procurement_shortlist_comments,3,shortlist_id,uuid,NO
procurement_shortlist_comments,4,pack_export_id,uuid,YES
procurement_shortlist_comments,5,author_user_id,uuid,YES
procurement_shortlist_comments,6,comment_type,text,NO
procurement_shortlist_comments,7,body,text,NO
procurement_shortlist_comments,8,created_at,timestamp with time zone,NO
procurement_shortlist_comments,9,updated_at,timestamp with time zone,NO
procurement_shortlist_comments,10,shortlist_item_id,uuid,YES
procurement_shortlist_events,1,id,uuid,NO
procurement_shortlist_events,2,org_profile_id,uuid,NO
procurement_shortlist_events,3,shortlist_id,uuid,YES
procurement_shortlist_events,4,shortlist_item_id,uuid,YES
procurement_shortlist_events,5,user_id,uuid,YES
procurement_shortlist_events,6,event_type,text,NO
procurement_shortlist_events,7,event_summary,text,NO
procurement_shortlist_events,8,payload,jsonb,NO
procurement_shortlist_events,9,created_at,timestamp with time zone,NO
procurement_shortlist_items,1,id,uuid,NO
procurement_shortlist_items,2,shortlist_id,uuid,NO
procurement_shortlist_items,3,supplier_key,text,NO
procurement_shortlist_items,4,gs_id,text,YES
procurement_shortlist_items,5,supplier_abn,text,YES
procurement_shortlist_items,6,supplier_name,text,NO
procurement_shortlist_items,7,entity_type,text,YES
procurement_shortlist_items,8,state,text,YES
procurement_shortlist_items,9,postcode,text,YES
procurement_shortlist_items,10,remoteness,text,YES
procurement_shortlist_items,11,lga_name,text,YES
procurement_shortlist_items,12,seifa_irsd_decile,integer,YES
procurement_shortlist_items,13,latest_revenue,numeric,YES
procurement_shortlist_items,14,is_community_controlled,boolean,NO
procurement_shortlist_items,15,contract_count,integer,NO
procurement_shortlist_items,16,contract_total_value,numeric,NO
procurement_shortlist_items,17,source_payload,jsonb,NO
procurement_shortlist_items,18,note,text,YES
procurement_shortlist_items,19,decision_tag,text,YES
procurement_shortlist_items,20,added_by,uuid,YES
procurement_shortlist_items,21,updated_by,uuid,YES
procurement_shortlist_items,22,created_at,timestamp with time zone,NO
procurement_shortlist_items,23,updated_at,timestamp with time zone,NO
procurement_shortlist_items,24,review_checklist,jsonb,NO
procurement_shortlist_items,25,evidence_snapshot,jsonb,NO
procurement_shortlist_items,26,last_reviewed_at,timestamp with time zone,YES
procurement_shortlist_items,27,last_reviewed_by,uuid,YES
procurement_shortlist_watches,1,id,uuid,NO
procurement_shortlist_watches,2,org_profile_id,uuid,NO
procurement_shortlist_watches,3,shortlist_id,uuid,NO
procurement_shortlist_watches,4,enabled,boolean,NO
procurement_shortlist_watches,5,interval_hours,integer,NO
procurement_shortlist_watches,6,last_run_at,timestamp with time zone,YES
procurement_shortlist_watches,7,next_run_at,timestamp with time zone,YES
procurement_shortlist_watches,8,last_summary,jsonb,NO
procurement_shortlist_watches,9,last_result_snapshot,jsonb,NO
procurement_shortlist_watches,10,last_alert_count,integer,NO
procurement_shortlist_watches,11,created_by,uuid,YES
procurement_shortlist_watches,12,updated_by,uuid,YES
procurement_shortlist_watches,13,created_at,timestamp with time zone,NO
procurement_shortlist_watches,14,updated_at,timestamp with time zone,NO
procurement_shortlists,1,id,uuid,NO
procurement_shortlists,2,org_profile_id,uuid,NO
procurement_shortlists,3,name,text,NO
procurement_shortlists,4,description,text,YES
procurement_shortlists,5,filters,jsonb,NO
procurement_shortlists,6,is_default,boolean,NO
procurement_shortlists,7,created_by,uuid,YES
procurement_shortlists,8,updated_by,uuid,YES
procurement_shortlists,9,created_at,timestamp with time zone,NO
procurement_shortlists,10,updated_at,timestamp with time zone,NO
procurement_shortlists,11,recommendation_summary,text,YES
procurement_shortlists,12,why_now,text,YES
procurement_shortlists,13,risk_summary,text,YES
procurement_shortlists,14,next_action,text,YES
procurement_shortlists,15,owner_name,text,YES
procurement_shortlists,16,decision_due_at,timestamp with time zone,YES
procurement_shortlists,17,owner_user_id,uuid,YES
procurement_shortlists,18,approval_status,text,NO
procurement_shortlists,19,approval_notes,text,YES
procurement_shortlists,20,requested_by,uuid,YES
procurement_shortlists,21,requested_at,timestamp with time zone,YES
procurement_shortlists,22,approved_by,uuid,YES
procurement_shortlists,23,approved_at,timestamp with time zone,YES
procurement_shortlists,24,last_pack_export_id,uuid,YES
procurement_shortlists,25,approver_user_id,uuid,YES
procurement_shortlists,26,approved_pack_export_id,uuid,YES
procurement_shortlists,27,approval_lock_active,boolean,NO
procurement_shortlists,28,approval_locked_at,timestamp with time zone,YES
procurement_shortlists,29,approval_locked_by,uuid,YES
procurement_shortlists,30,reopened_at,timestamp with time zone,YES
procurement_shortlists,31,reopened_by,uuid,YES
procurement_tasks,1,id,uuid,NO
procurement_tasks,2,org_profile_id,uuid,NO
procurement_tasks,3,shortlist_id,uuid,NO
procurement_tasks,4,shortlist_item_id,uuid,YES
procurement_tasks,5,alert_id,uuid,YES
procurement_tasks,6,task_key,text,YES
procurement_tasks,7,task_type,text,NO
procurement_tasks,8,title,text,NO
procurement_tasks,9,description,text,YES
procurement_tasks,10,priority,text,NO
procurement_tasks,11,status,text,NO
procurement_tasks,12,due_at,timestamp with time zone,YES
procurement_tasks,13,assignee_label,text,YES
procurement_tasks,14,metadata,jsonb,NO
procurement_tasks,15,created_by,uuid,YES
procurement_tasks,16,updated_by,uuid,YES
procurement_tasks,17,created_at,timestamp with time zone,NO
procurement_tasks,18,updated_at,timestamp with time zone,NO
procurement_tasks,19,assignee_user_id,uuid,YES
procurement_tasks,20,last_reminded_at,timestamp with time zone,YES
procurement_tasks,21,reminder_count,integer,NO
procurement_tasks,22,completion_outcome,text,YES
procurement_tasks,23,completion_note,text,YES
procurement_tasks,24,completed_at,timestamp with time zone,YES
procurement_tasks,25,completed_by,uuid,YES
procurement_team_settings,1,id,uuid,NO
procurement_team_settings,2,org_profile_id,uuid,NO
procurement_team_settings,3,user_id,uuid,NO
procurement_team_settings,4,procurement_role,text,NO
procurement_team_settings,5,notification_mode,text,NO
procurement_team_settings,6,created_by,uuid,YES
procurement_team_settings,7,updated_by,uuid,YES
procurement_team_settings,8,created_at,timestamp with time zone,NO
procurement_team_settings,9,updated_at,timestamp with time zone,NO
procurement_team_settings,10,permission_overrides,jsonb,NO
procurement_webhook_receipts,1,id,uuid,NO
procurement_webhook_receipts,2,org_profile_id,uuid,NO
procurement_webhook_receipts,3,channel_id,uuid,NO
procurement_webhook_receipts,4,source,text,NO
procurement_webhook_receipts,5,event_type,text,YES
procurement_webhook_receipts,6,signature_valid,boolean,YES
procurement_webhook_receipts,7,request_headers,jsonb,NO
procurement_webhook_receipts,8,payload,jsonb,NO
procurement_webhook_receipts,9,received_at,timestamp with time zone,NO
procurement_webhook_receipts,10,created_at,timestamp with time zone,NO
procurement_workflow_runs,1,id,uuid,NO
procurement_workflow_runs,2,org_profile_id,uuid,YES
procurement_workflow_runs,3,shortlist_id,uuid,YES
procurement_workflow_runs,4,user_id,uuid,NO
procurement_workflow_runs,5,workflow_type,text,NO
procurement_workflow_runs,6,workflow_status,text,NO
procurement_workflow_runs,7,input_payload,jsonb,NO
procurement_workflow_runs,8,output_summary,jsonb,NO
procurement_workflow_runs,9,records_scanned,integer,NO
procurement_workflow_runs,10,records_changed,integer,NO
procurement_workflow_runs,11,error_count,integer,NO
procurement_workflow_runs,12,started_at,timestamp with time zone,NO
procurement_workflow_runs,13,completed_at,timestamp with time zone,YES
procurement_workflow_runs,14,created_at,timestamp with time zone,NO
procurement_workflow_runs,15,updated_at,timestamp with time zone,NO
product_events,1,id,bigint,NO
product_events,2,user_id,uuid,NO
product_events,3,org_profile_id,uuid,YES
product_events,4,event_type,text,NO
product_events,5,metadata,jsonb,NO
product_events,6,created_at,timestamp with time zone,NO
profile_appearances,1,id,uuid,NO
profile_appearances,2,empathy_ledger_profile_id,uuid,NO
profile_appearances,3,appears_on_type,text,NO
profile_appearances,4,appears_on_id,uuid,NO
profile_appearances,5,role,text,YES
profile_appearances,6,story_excerpt,text,YES
profile_appearances,7,featured,boolean,YES
profile_appearances,8,created_at,timestamp with time zone,YES
profile_appearances,9,updated_at,timestamp with time zone,YES
profile_appearances,10,public_profile_id,uuid,YES
profile_sync_log,1,id,uuid,NO
profile_sync_log,2,public_profile_id,uuid,YES
profile_sync_log,3,empathy_ledger_profile_id,uuid,YES
profile_sync_log,4,sync_action,text,NO
profile_sync_log,5,sync_status,text,NO
profile_sync_log,6,sync_details,jsonb,YES
profile_sync_log,7,error_message,text,YES
profile_sync_log,8,synced_at,timestamp without time zone,YES
profiles,1,id,uuid,NO
profiles,2,email,text,YES
profiles,3,full_name,text,YES
profiles,4,display_name,text,YES
profiles,6,bio,text,YES
profiles,7,role,text,YES
profiles,8,permissions,ARRAY,YES
profiles,9,primary_organization_id,uuid,YES
profiles,10,language_preference,text,YES
profiles,11,timezone,text,YES
profiles,12,notification_preferences,jsonb,YES
profiles,13,privacy_preferences,jsonb,YES
profiles,14,account_status,text,YES
profiles,15,email_verified,boolean,YES
profiles,16,terms_accepted_at,timestamp with time zone,YES
profiles,17,created_at,timestamp with time zone,YES
profiles,18,updated_at,timestamp with time zone,YES
profiles,19,is_super_admin,boolean,YES
program_summaries,1,id,uuid,NO
program_summaries,2,area,text,NO
program_summaries,3,summary_text,text,NO
program_summaries,4,project_codes,ARRAY,YES
program_summaries,5,stats,jsonb,YES
program_summaries,6,generated_at,timestamp with time zone,NO
program_summaries,7,created_at,timestamp with time zone,NO
programs_catalog_v,1,id,uuid,YES
programs_catalog_v,2,name,text,YES
programs_catalog_v,3,description,text,YES
programs_catalog_v,4,organization_id,uuid,YES
programs_catalog_v,5,organization_name,text,YES
programs_catalog_v,6,organization,text,YES
programs_catalog_v,7,organization_slug,text,YES
programs_catalog_v,8,state,text,YES
programs_catalog_v,9,location,text,YES
programs_catalog_v,10,approach,text,YES
programs_catalog_v,11,impact_summary,text,YES
programs_catalog_v,12,success_rate,integer,YES
programs_catalog_v,13,participants_served,integer,YES
programs_catalog_v,14,years_operating,integer,YES
programs_catalog_v,15,founded_year,integer,YES
programs_catalog_v,16,contact_phone,text,YES
programs_catalog_v,17,contact_email,text,YES
programs_catalog_v,18,website,text,YES
programs_catalog_v,19,indigenous_knowledge,boolean,YES
programs_catalog_v,20,community_connection_score,integer,YES
programs_catalog_v,21,tags,ARRAY,YES
programs_catalog_v,22,latitude,numeric,YES
programs_catalog_v,23,longitude,numeric,YES
programs_catalog_v,24,alma_intervention_id,uuid,YES
programs_catalog_v,25,linked_service_id,uuid,YES
programs_catalog_v,26,is_featured,boolean,YES
programs_catalog_v,27,created_at,timestamp with time zone,YES
programs_catalog_v,28,updated_at,timestamp with time zone,YES
project_backers,1,id,uuid,NO
project_backers,2,project_id,uuid,YES
project_backers,3,name,text,NO
project_backers,4,email,text,NO
project_backers,5,message,text,YES
project_backers,6,amount,numeric,YES
project_backers,7,avatar_url,text,YES
project_backers,8,is_featured,boolean,YES
project_backers,9,is_public,boolean,YES
project_backers,10,created_at,timestamp with time zone,NO
project_budgets,1,id,uuid,NO
project_budgets,2,project_code,text,NO
project_budgets,3,fy_year,text,NO
project_budgets,4,month,date,YES
project_budgets,5,budget_amount,numeric,NO
project_budgets,6,budget_type,text,YES
project_budgets,7,notes,text,YES
project_budgets,8,created_at,timestamp with time zone,YES
project_budgets,9,updated_at,timestamp with time zone,YES
project_budgets,10,entity_code,text,YES
project_commentary,1,project_code,text,NO
project_commentary,2,commentary,text,YES
project_commentary,3,updated_at,timestamp with time zone,YES
project_commentary,4,xero_tenant_id,text,YES
project_contact_alignment,1,id,uuid,NO
project_contact_alignment,2,project_id,uuid,NO
project_contact_alignment,3,contact_id,uuid,NO
project_contact_alignment,4,alignment_score,numeric,NO
project_contact_alignment,5,confidence,integer,YES
project_contact_alignment,6,shared_themes,ARRAY,YES
project_contact_alignment,7,contact_context,jsonb,YES
project_contact_alignment,8,project_context,jsonb,YES
project_contact_alignment,9,outreach_recommendation,jsonb,YES
project_contact_alignment,10,metadata,jsonb,YES
project_contact_alignment,11,created_at,timestamp with time zone,YES
project_contact_alignment,12,updated_at,timestamp with time zone,YES
project_contact_matches,1,id,uuid,NO
project_contact_matches,2,contact_id,uuid,YES
project_contact_matches,3,person_id,uuid,YES
project_contact_matches,4,project_notion_id,text,NO
project_contact_matches,5,project_name,text,NO
project_contact_matches,6,project_source,text,NO
project_contact_matches,7,alignment_score,integer,YES
project_contact_matches,8,matched_keywords,ARRAY,YES
project_contact_matches,9,match_reason,text,YES
project_contact_matches,10,alma_intervention_id,uuid,YES
project_contact_matches,11,alma_signal_boost,integer,YES
project_contact_matches,12,engagement_status,text,YES
project_contact_matches,13,created_at,timestamp with time zone,YES
project_contact_matches,14,updated_at,timestamp with time zone,YES
project_focus_areas,1,id,uuid,NO
project_focus_areas,2,project_code,text,NO
project_focus_areas,3,title,text,NO
project_focus_areas,4,description,text,YES
project_focus_areas,5,status,text,NO
project_focus_areas,6,priority,text,YES
project_focus_areas,7,linked_grant_ids,ARRAY,YES
project_focus_areas,8,linked_contact_ids,ARRAY,YES
project_focus_areas,9,linked_knowledge_ids,ARRAY,YES
project_focus_areas,10,started_at,timestamp with time zone,YES
project_focus_areas,11,target_date,date,YES
project_focus_areas,12,completed_at,timestamp with time zone,YES
project_focus_areas,13,created_at,timestamp with time zone,YES
project_focus_areas,14,updated_at,timestamp with time zone,YES
project_funding_allocations,1,id,uuid,NO
project_funding_allocations,2,project_code,text,NO
project_funding_allocations,3,funder_org_name,text,NO
project_funding_allocations,4,funder_contact_id,text,YES
project_funding_allocations,5,grant_or_contract_ref,text,YES
project_funding_allocations,6,committed_amount,numeric,NO
project_funding_allocations,7,committed_currency,text,NO
project_funding_allocations,8,period_start,date,YES
project_funding_allocations,9,period_end,date,YES
project_funding_allocations,10,status,text,NO
project_funding_allocations,11,drawdown_method,text,YES
project_funding_allocations,12,pile_tag,text,YES
project_funding_allocations,13,notes,text,YES
project_funding_allocations,14,created_at,timestamp with time zone,NO
project_funding_allocations,15,updated_at,timestamp with time zone,NO
project_funding_allocations,16,next_report_due,date,YES
project_funding_allocations,17,next_report_name,text,YES
project_funding_drawdowns,1,id,uuid,NO
project_funding_drawdowns,2,allocation_id,uuid,NO
project_funding_drawdowns,3,xero_invoice_id,text,YES
project_funding_drawdowns,4,drawn_amount,numeric,NO
project_funding_drawdowns,5,drawn_at,date,NO
project_funding_drawdowns,6,source,text,NO
project_funding_drawdowns,7,notes,text,YES
project_funding_drawdowns,8,created_at,timestamp with time zone,NO
project_funding_profiles,1,id,uuid,NO
project_funding_profiles,2,org_project_id,uuid,NO
project_funding_profiles,3,org_profile_id,uuid,NO
project_funding_profiles,4,schema_version,text,NO
project_funding_profiles,5,profile_version,text,NO
project_funding_profiles,6,effective_at,timestamp with time zone,NO
project_funding_profiles,7,is_current,boolean,NO
project_funding_profiles,8,completeness_status,text,NO
project_funding_profiles,9,profile,jsonb,NO
project_funding_profiles,10,provenance,jsonb,NO
project_funding_profiles,11,created_by,text,NO
project_funding_profiles,12,created_at,timestamp with time zone,NO
project_funding_profiles,13,updated_at,timestamp with time zone,NO
project_funding_profiles,14,embedding,USER-DEFINED,YES
project_funding_profiles,15,embedding_text,text,YES
project_funding_profiles,16,embedded_at,timestamp with time zone,YES
project_health,1,id,uuid,NO
project_health,2,project_code,text,NO
project_health,3,project_name,text,YES
project_health,4,overall_score,integer,YES
project_health,5,momentum_score,integer,YES
project_health,6,engagement_score,integer,YES
project_health,7,financial_score,integer,YES
project_health,8,timeline_score,integer,YES
project_health,9,health_status,text,YES
project_health,10,metrics,jsonb,YES
project_health,11,alerts,jsonb,YES
project_health,12,calculated_at,timestamp with time zone,YES
project_health,13,calculation_version,text,YES
project_health,14,created_at,timestamp with time zone,YES
project_health,15,updated_at,timestamp with time zone,YES
project_health_analysis,1,id,uuid,NO
project_health_analysis,2,project_id,uuid,NO
project_health_analysis,3,health_score,integer,NO
project_health_analysis,4,risks,ARRAY,YES
project_health_analysis,5,opportunities,ARRAY,YES
project_health_analysis,6,recommendations,ARRAY,YES
project_health_analysis,7,analysis_date,timestamp with time zone,YES
project_health_analysis,8,metadata,jsonb,YES
project_health_analysis,9,created_at,timestamp with time zone,YES
project_health_history,1,id,uuid,NO
project_health_history,2,project_id,uuid,YES
project_health_history,3,notion_project_id,text,YES
project_health_history,4,recorded_at,timestamp with time zone,YES
project_health_history,5,health_score,numeric,YES
project_health_history,6,urgency_score,numeric,YES
project_health_history,7,critical_factors,ARRAY,YES
project_health_history,8,status,text,YES
project_health_history,9,notes,text,YES
project_health_history,10,raw_payload,jsonb,YES
project_intelligence,1,id,uuid,NO
project_intelligence,2,project_id,uuid,NO
project_intelligence,3,notion_page_id,text,YES
project_intelligence,4,project_name,text,NO
project_intelligence,5,summary,text,YES
project_intelligence,6,focus_areas,ARRAY,YES
project_intelligence,7,communities,ARRAY,YES
project_intelligence,8,strategic_alignment,ARRAY,YES
project_intelligence,9,required_support,ARRAY,YES
project_intelligence,10,partner_targets,ARRAY,YES
project_intelligence,11,risk_level,text,YES
project_intelligence,12,readiness_score,integer,YES
project_intelligence,13,intelligence,jsonb,NO
project_intelligence,14,embedding,ARRAY,YES
project_intelligence,15,last_synced_at,timestamp with time zone,YES
project_intelligence,16,created_at,timestamp with time zone,YES
project_intelligence,17,updated_at,timestamp with time zone,YES
project_intelligence_snapshots,1,id,uuid,NO
project_intelligence_snapshots,2,project_code,text,NO
project_intelligence_snapshots,3,snapshot_date,date,NO
project_intelligence_snapshots,4,fy_revenue,numeric,YES
project_intelligence_snapshots,5,fy_expenses,numeric,YES
project_intelligence_snapshots,6,fy_net,numeric,YES
project_intelligence_snapshots,7,monthly_burn_rate,numeric,YES
project_intelligence_snapshots,8,pipeline_value,numeric,YES
project_intelligence_snapshots,9,contact_count,integer,YES
project_intelligence_snapshots,10,active_grant_count,integer,YES
project_intelligence_snapshots,11,email_count_30d,integer,YES
project_intelligence_snapshots,12,meeting_count_30d,integer,YES
project_intelligence_snapshots,13,knowledge_count_30d,integer,YES
project_intelligence_snapshots,14,health_score,integer,YES
project_intelligence_snapshots,15,momentum_score,integer,YES
project_intelligence_snapshots,16,engagement_score,integer,YES
project_intelligence_snapshots,17,financial_score,integer,YES
project_intelligence_snapshots,18,timeline_score,integer,YES
project_intelligence_snapshots,19,current_focus,text,YES
project_intelligence_snapshots,20,blockers,ARRAY,YES
project_intelligence_snapshots,21,recent_wins,ARRAY,YES
project_intelligence_snapshots,22,opportunity_summary,jsonb,YES
project_intelligence_snapshots,23,created_at,timestamp with time zone,YES
project_knowledge,1,id,uuid,NO
project_knowledge,2,project_code,text,NO
project_knowledge,3,project_name,text,YES
project_knowledge,4,knowledge_type,text,NO
project_knowledge,5,title,text,YES
project_knowledge,6,content,text,YES
project_knowledge,7,source_type,text,YES
project_knowledge,8,source_ref,text,YES
project_knowledge,9,source_url,text,YES
project_knowledge,10,voice_note_id,uuid,YES
project_knowledge,11,communication_id,uuid,YES
project_knowledge,12,recorded_by,text,YES
project_knowledge,13,recorded_at,timestamp with time zone,YES
project_knowledge,14,participants,ARRAY,YES
project_knowledge,15,contact_ids,ARRAY,YES
project_knowledge,16,summary,text,YES
project_knowledge,17,topics,ARRAY,YES
project_knowledge,18,sentiment,text,YES
project_knowledge,19,importance,text,YES
project_knowledge,20,action_required,boolean,YES
project_knowledge,21,action_items,jsonb,YES
project_knowledge,22,follow_up_date,date,YES
project_knowledge,23,decision_status,text,YES
project_knowledge,24,decision_rationale,text,YES
project_knowledge,25,embedding,USER-DEFINED,YES
project_knowledge,26,created_at,timestamp with time zone,YES
project_knowledge,27,updated_at,timestamp with time zone,YES
project_knowledge,28,metadata,jsonb,YES
project_knowledge,29,access_count,integer,YES
project_knowledge,30,last_accessed_at,timestamp with time zone,YES
project_knowledge,31,decay_score,double precision,YES
project_knowledge,32,consolidation_source_ids,ARRAY,YES
project_knowledge,33,provenance,jsonb,YES
project_knowledge,34,validation_count,integer,YES
project_knowledge,35,contradiction_count,integer,YES
project_knowledge,36,superseded_by,uuid,YES
project_knowledge,37,status,text,YES
project_knowledge,38,public,boolean,YES
project_knowledge,39,published_at,timestamp with time zone,YES
project_knowledge,40,transcript,text,YES
project_knowledge,41,ai_summary,text,YES
project_knowledge,42,ai_action_items,jsonb,YES
project_knowledge,43,meeting_duration_minutes,integer,YES
project_knowledge,44,transcription_status,text,YES
project_media_links,1,id,uuid,NO
project_media_links,2,media_id,uuid,NO
project_media_links,3,link_type,text,NO
project_media_links,4,link_id,text,NO
project_media_links,5,display_order,integer,YES
project_media_links,6,caption,text,YES
project_media_links,7,alt_text,text,YES
project_media_links,8,is_hero,boolean,YES
project_media_links,9,is_featured,boolean,YES
project_media_links,10,created_at,timestamp with time zone,YES
project_monthly_financials,1,id,uuid,NO
project_monthly_financials,2,project_code,text,NO
project_monthly_financials,3,month,date,NO
project_monthly_financials,4,revenue,numeric,YES
project_monthly_financials,5,expenses,numeric,YES
project_monthly_financials,6,net,numeric,YES
project_monthly_financials,7,revenue_breakdown,jsonb,YES
project_monthly_financials,8,expense_breakdown,jsonb,YES
project_monthly_financials,9,fy_ytd_revenue,numeric,YES
project_monthly_financials,10,fy_ytd_expenses,numeric,YES
project_monthly_financials,11,fy_ytd_net,numeric,YES
project_monthly_financials,12,transaction_count,integer,YES
project_monthly_financials,13,unmapped_count,integer,YES
project_monthly_financials,14,created_at,timestamp with time zone,YES
project_monthly_financials,15,updated_at,timestamp with time zone,YES
project_pairings,1,id,uuid,NO
project_pairings,2,project_id,uuid,NO
project_pairings,3,partner_project_id,uuid,NO
project_pairings,4,reason,text,YES
project_pairings,5,similarity,numeric,YES
project_pairings,6,created_at,timestamp with time zone,NO
project_pairings,7,metadata,jsonb,YES
project_pipelines,1,project_code,text,NO
project_pipelines,2,pipeline_name,text,NO
project_pipelines,3,open_count,integer,YES
project_pipelines,4,won_count,integer,YES
project_pipelines,5,lost_count,integer,YES
project_pipelines,6,open_value_aud,numeric,YES
project_pipelines,7,won_value_aud,numeric,YES
project_pipelines,8,earliest_open_at,timestamp with time zone,YES
project_pipelines,9,latest_activity_at,timestamp with time zone,YES
project_pipelines,10,stages_present,ARRAY,YES
project_pipelines,11,contacts_count,integer,YES
project_pipelines,12,computed_at,timestamp with time zone,YES
project_profiles,1,id,uuid,NO
project_profiles,2,org_profile_id,uuid,NO
project_profiles,3,project_code,text,NO
project_profiles,4,name,text,NO
project_profiles,5,description,text,YES
project_profiles,6,domains,ARRAY,YES
project_profiles,7,geographic_focus,ARRAY,YES
project_profiles,8,embedding,USER-DEFINED,YES
project_profiles,9,embedding_text,text,YES
project_profiles,10,created_at,timestamp with time zone,YES
project_profiles,11,updated_at,timestamp with time zone,YES
project_research,1,id,uuid,NO
project_research,2,project_id,uuid,NO
project_research,3,source,text,NO
project_research,4,url,text,YES
project_research,5,summary,text,YES
project_research,6,created_at,timestamp with time zone,NO
project_research,7,metadata,jsonb,YES
project_salary_allocations,1,id,uuid,NO
project_salary_allocations,2,project_code,text,NO
project_salary_allocations,3,person_name,text,NO
project_salary_allocations,4,role,text,YES
project_salary_allocations,5,allocation_pct,numeric,NO
project_salary_allocations,6,monthly_cost,numeric,NO
project_salary_allocations,7,fy,text,NO
project_salary_allocations,8,rd_eligible,boolean,YES
project_salary_allocations,9,notes,text,YES
project_salary_allocations,10,created_at,timestamp with time zone,YES
project_salary_allocations,11,updated_at,timestamp with time zone,YES
project_storytellers,1,id,uuid,NO
project_storytellers,2,project_id,uuid,NO
project_storytellers,3,storyteller_id,uuid,NO
project_storytellers,4,role,text,YES
project_storytellers,5,status,text,YES
project_storytellers,6,joined_at,timestamp with time zone,YES
project_storytellers,7,created_at,timestamp with time zone,YES
project_storytellers,8,updated_at,timestamp with time zone,YES
project_strategic_profile,1,project_code,text,NO
project_strategic_profile,2,revenue_model,text,YES
project_strategic_profile,3,time_to_revenue,text,YES
project_strategic_profile,4,product_readiness_pct,integer,YES
project_strategic_profile,5,rd_eligible,boolean,YES
project_strategic_profile,6,rd_category,text,YES
project_strategic_profile,7,tam_annual,numeric,YES
project_strategic_profile,8,sam_annual,numeric,YES
project_strategic_profile,9,one_liner,text,YES
project_strategic_profile,10,biggest_blocker,text,YES
project_strategic_profile,11,fastest_win,text,YES
project_strategic_profile,12,independence_score,integer,YES
project_strategic_profile,13,contributes_to,ARRAY,YES
project_strategic_profile,14,depends_on,ARRAY,YES
project_strategic_profile,15,feeds_into,ARRAY,YES
project_strategic_profile,16,created_at,timestamp with time zone,YES
project_strategic_profile,17,updated_at,timestamp with time zone,YES
project_summaries,1,id,uuid,NO
project_summaries,2,project_code,text,NO
project_summaries,3,summary_text,text,NO
project_summaries,4,data_sources_used,ARRAY,YES
project_summaries,5,stats,jsonb,YES
project_summaries,6,summary_date,date,NO
project_summaries,7,generated_at,timestamp with time zone,NO
project_summaries,8,created_at,timestamp with time zone,NO
project_support_graph,1,project_id,uuid,NO
project_support_graph,2,notion_project_id,text,YES
project_support_graph,3,project_name,text,YES
project_support_graph,4,project_status,text,YES
project_support_graph,5,urgency_score,numeric,YES
project_support_graph,6,funding_gap,numeric,YES
project_support_graph,7,upcoming_milestone,date,YES
project_support_graph,8,supporters,jsonb,YES
project_support_graph,9,keyword_highlights,ARRAY,YES
project_support_graph,10,last_calculated,timestamp with time zone,YES
project_support_graph,11,metadata,jsonb,YES
project_support_graph,12,created_at,timestamp with time zone,YES
project_support_graph,13,updated_at,timestamp with time zone,YES
projects,1,id,uuid,NO
projects,2,code,text,NO
projects,3,name,text,NO
projects,4,description,text,YES
projects,5,category,text,YES
projects,6,tier,text,YES
projects,7,importance_weight,integer,YES
projects,8,status,text,YES
projects,9,priority,text,YES
projects,10,leads,ARRAY,YES
projects,11,notion_page_id,text,YES
projects,12,notion_pages,ARRAY,YES
projects,13,ghl_tags,ARRAY,YES
projects,14,xero_tracking,text,YES
projects,15,dext_category,text,YES
projects,16,alma_program,text,YES
projects,17,lcaa_themes,ARRAY,YES
projects,18,cultural_protocols,boolean,YES
projects,19,parent_project,text,YES
projects,20,metadata,jsonb,YES
projects,21,created_at,timestamp with time zone,YES
projects,22,updated_at,timestamp with time zone,YES
projects,23,organization_id,uuid,NO
projects,24,act_project_code,text,YES
projects,25,external_references,jsonb,YES
projects,26,cover_image_url,text,YES
public_media_with_collections,1,id,uuid,YES
public_media_with_collections,2,file_url,text,YES
public_media_with_collections,3,file_type,text,YES
public_media_with_collections,4,title,text,YES
public_media_with_collections,5,description,text,YES
public_media_with_collections,6,alt_text,text,YES
public_media_with_collections,7,thumbnail_url,text,YES
public_media_with_collections,8,manual_tags,ARRAY,YES
public_media_with_collections,9,impact_themes,ARRAY,YES
public_media_with_collections,10,photographer,text,YES
public_media_with_collections,11,capture_date,date,YES
public_media_with_collections,12,collections,json,YES
public_profiles,1,id,uuid,NO
public_profiles,2,full_name,text,NO
public_profiles,3,slug,text,NO
public_profiles,4,preferred_name,text,YES
public_profiles,5,pronouns,text,YES
public_profiles,6,bio,text,YES
public_profiles,7,tagline,text,YES
public_profiles,8,role_tags,ARRAY,YES
public_profiles,9,photo_url,text,YES
public_profiles,10,photo_credit,text,YES
public_profiles,11,website_url,text,YES
public_profiles,12,email,text,YES
public_profiles,13,social_links,jsonb,YES
public_profiles,14,user_id,uuid,YES
public_profiles,15,empathy_ledger_profile_id,uuid,YES
public_profiles,16,is_featured,boolean,YES
public_profiles,17,is_public,boolean,YES
public_profiles,18,created_at,timestamp with time zone,YES
public_profiles,19,updated_at,timestamp with time zone,YES
public_profiles,20,synced_from_empathy_ledger,boolean,YES
public_profiles,21,sync_type,text,YES
public_profiles,22,last_synced_at,timestamp without time zone,YES
public_profiles,23,current_organization,text,YES
public_profiles,24,location,text,YES
public_spending_transactions,1,id,uuid,NO
public_spending_transactions,2,funding_program_id,uuid,NO
public_spending_transactions,3,opportunity_id,uuid,YES
public_spending_transactions,4,organization_id,uuid,YES
public_spending_transactions,5,transaction_type,text,NO
public_spending_transactions,6,transaction_status,text,NO
public_spending_transactions,7,amount,numeric,NO
public_spending_transactions,8,currency,text,NO
public_spending_transactions,9,transaction_date,timestamp with time zone,NO
public_spending_transactions,10,period_start,date,YES
public_spending_transactions,11,period_end,date,YES
public_spending_transactions,12,jurisdiction,text,YES
public_spending_transactions,13,source_reference,text,YES
public_spending_transactions,14,description,text,YES
public_spending_transactions,15,entered_by_user_id,uuid,YES
public_spending_transactions,16,community_visible,boolean,NO
public_spending_transactions,17,metadata,jsonb,NO
public_spending_transactions,18,created_at,timestamp with time zone,NO
public_spending_transactions,19,updated_at,timestamp with time zone,NO
pulse_events,1,id,uuid,NO
pulse_events,2,created_at,timestamp with time zone,NO
pulse_events,3,portrait_id,uuid,NO
pulse_events,4,event_type,text,NO
pulse_events,5,metadata,jsonb,YES
pulse_report_links,1,id,uuid,NO
pulse_report_links,2,report_id,uuid,NO
pulse_report_links,3,entity_table,text,NO
pulse_report_links,4,entity_id,text,NO
pulse_report_links,5,label,text,NO
pulse_report_links,6,source_url,text,YES
pulse_report_links,7,link_status,text,NO
pulse_report_links,8,created_at,timestamp with time zone,NO
pulse_reports,1,id,uuid,NO
pulse_reports,2,period_start,timestamp with time zone,NO
pulse_reports,3,period_end,timestamp with time zone,NO
pulse_reports,4,report_type,text,NO
pulse_reports,5,stats,jsonb,NO
pulse_reports,6,briefing,text,NO
pulse_reports,7,raw_data,jsonb,YES
pulse_reports,8,sent_to,integer,NO
pulse_reports,9,created_at,timestamp with time zone,NO
pulse_reports,10,headline,text,YES
pulse_reports,11,status,text,NO
pulse_reports,12,email_subject,text,YES
pulse_reports,13,reviewed_by,uuid,YES
pulse_reports,14,reviewed_at,timestamp with time zone,YES
pulse_reports,15,published_at,timestamp with time zone,YES
pulse_reports,16,sent_at,timestamp with time zone,YES
pulse_reports,17,source_health,jsonb,NO
pulse_reports,18,updated_at,timestamp with time zone,NO
pulse_responses,1,id,integer,NO
pulse_responses,2,years_in_area,text,YES
pulse_responses,3,community_values,jsonb,YES
pulse_responses,4,whats_missing,text,YES
pulse_responses,5,heard_of_harvest,text,YES
pulse_responses,6,would_use,jsonb,YES
pulse_responses,7,visit_frequency,text,YES
pulse_responses,8,preferred_time,jsonb,YES
pulse_responses,9,skills_to_share,text,YES
pulse_responses,10,participation_barriers,jsonb,YES
pulse_responses,11,age_bracket,text,YES
pulse_responses,12,name,text,YES
pulse_responses,13,email,text,YES
pulse_responses,14,source,text,YES
pulse_responses,15,created_at,timestamp with time zone,NO
qbe_evaluations,1,id,uuid,NO
qbe_evaluations,2,pipeline_id,uuid,YES
qbe_evaluations,3,opportunity_id,uuid,YES
qbe_evaluations,4,project_code,text,YES
qbe_evaluations,5,bid_amount,numeric,YES
qbe_evaluations,6,bid_currency,text,YES
qbe_evaluations,7,bid_summary,text,YES
qbe_evaluations,8,evaluation_score,numeric,YES
qbe_evaluations,9,evaluation_max,numeric,YES
qbe_evaluations,10,won,boolean,YES
qbe_evaluations,11,outcome_reason,text,YES
qbe_evaluations,12,feedback_received,text,YES
qbe_evaluations,13,lessons_learned,text,YES
qbe_evaluations,14,evaluated_at,timestamp with time zone,YES
qbe_evaluations,15,evaluator_name,text,YES
qbe_evaluations,16,evaluator_org,text,YES
qbe_evaluations,17,raw_payload,jsonb,YES
qbe_evaluations,18,created_at,timestamp with time zone,YES
qbe_evaluations,19,updated_at,timestamp with time zone,YES
qld_bills,1,id,uuid,YES
qld_bills,2,source_url,text,YES
qld_bills,3,bill_name,text,YES
qld_bills,4,bill_year,integer,YES
qld_bills,5,sponsor,text,YES
qld_bills,6,sponsor_party,text,YES
qld_bills,7,introduced_date,date,YES
qld_bills,8,status,text,YES
qld_bills,9,status_date,date,YES
qld_bills,10,parliament_session,text,YES
qld_bills,11,is_yj_relevant,boolean,YES
qld_bills,12,topics,ARRAY,YES
qld_bills,13,scraped_at,timestamp with time zone,YES
qld_bills,14,created_at,timestamp with time zone,YES
qld_bills,15,updated_at,timestamp with time zone,YES
qld_bills,16,jurisdiction,text,YES
qld_bills,17,explanatory_note_url,text,YES
qld_bills,18,statement_of_compatibility_url,text,YES
qld_bills,19,explanatory_note_text,text,YES
qld_bills,20,explanatory_note_fetched_at,timestamp with time zone,YES
qld_bills,21,explanatory_note_chars,integer,YES
qld_coroners_findings,1,id,uuid,YES
qld_coroners_findings,2,source_id,text,YES
qld_coroners_findings,3,source_url,text,YES
qld_coroners_findings,4,title,text,YES
qld_coroners_findings,5,deceased_identifier,text,YES
qld_coroners_findings,6,age_at_death,integer,YES
qld_coroners_findings,7,date_of_death,date,YES
qld_coroners_findings,8,finding_date,date,YES
qld_coroners_findings,9,coroner_name,text,YES
qld_coroners_findings,10,location,text,YES
qld_coroners_findings,11,cause_of_death_summary,text,YES
qld_coroners_findings,12,key_findings,text,YES
qld_coroners_findings,13,recommendations_count,integer,YES
qld_coroners_findings,14,is_youth_justice,boolean,YES
qld_coroners_findings,15,is_in_custody,boolean,YES
qld_coroners_findings,16,topics,ARRAY,YES
qld_coroners_findings,17,body_text,text,YES
qld_coroners_findings,18,scraped_at,timestamp with time zone,YES
qld_coroners_findings,19,created_at,timestamp with time zone,YES
qld_coroners_findings,20,jurisdiction,text,YES
qld_watchhouse_snapshot_rows,1,id,uuid,NO
qld_watchhouse_snapshot_rows,2,snapshot_id,uuid,NO
qld_watchhouse_snapshot_rows,3,source_generated_at,timestamp with time zone,NO
qld_watchhouse_snapshot_rows,4,watchhouse_name,text,NO
qld_watchhouse_snapshot_rows,5,age_group,text,NO
qld_watchhouse_snapshot_rows,6,total_in_custody,integer,NO
qld_watchhouse_snapshot_rows,7,male,integer,NO
qld_watchhouse_snapshot_rows,8,female,integer,NO
qld_watchhouse_snapshot_rows,9,other_gender,integer,NO
qld_watchhouse_snapshot_rows,10,first_nations,integer,NO
qld_watchhouse_snapshot_rows,11,non_indigenous,integer,NO
qld_watchhouse_snapshot_rows,12,other_status,integer,NO
qld_watchhouse_snapshot_rows,13,custody_0_2_days,integer,NO
qld_watchhouse_snapshot_rows,14,custody_3_7_days,integer,NO
qld_watchhouse_snapshot_rows,15,custody_over_7_days,integer,NO
qld_watchhouse_snapshot_rows,16,longest_days,integer,YES
qld_watchhouse_snapshot_rows,17,created_at,timestamp with time zone,NO
qld_watchhouse_snapshots,1,id,uuid,NO
qld_watchhouse_snapshots,2,source_url,text,NO
qld_watchhouse_snapshots,3,source_pdf_url,text,NO
qld_watchhouse_snapshots,4,source_generated_at,timestamp with time zone,NO
qld_watchhouse_snapshots,5,source_generated_date,date,NO
qld_watchhouse_snapshots,6,source_generated_time,time without time zone,NO
qld_watchhouse_snapshots,7,fetched_at,timestamp with time zone,NO
qld_watchhouse_snapshots,8,fetch_status,integer,YES
qld_watchhouse_snapshots,9,content_type,text,YES
qld_watchhouse_snapshots,10,raw_pdf_sha256,text,NO
qld_watchhouse_snapshots,11,total_people,integer,NO
qld_watchhouse_snapshots,12,total_adults,integer,NO
qld_watchhouse_snapshots,13,total_children,integer,NO
qld_watchhouse_snapshots,14,adult_first_nations,integer,NO
qld_watchhouse_snapshots,15,adult_non_indigenous,integer,NO
qld_watchhouse_snapshots,16,adult_other_status,integer,NO
qld_watchhouse_snapshots,17,child_first_nations,integer,NO
qld_watchhouse_snapshots,18,child_non_indigenous,integer,NO
qld_watchhouse_snapshots,19,child_other_status,integer,NO
qld_watchhouse_snapshots,20,adult_0_2_days,integer,NO
qld_watchhouse_snapshots,21,adult_3_7_days,integer,NO
qld_watchhouse_snapshots,22,adult_over_7_days,integer,NO
qld_watchhouse_snapshots,23,child_0_2_days,integer,NO
qld_watchhouse_snapshots,24,child_3_7_days,integer,NO
qld_watchhouse_snapshots,25,child_over_7_days,integer,NO
qld_watchhouse_snapshots,26,adult_longest_days,integer,YES
qld_watchhouse_snapshots,27,child_longest_days,integer,YES
qld_watchhouse_snapshots,28,child_watchhouse_count,integer,NO
qld_watchhouse_snapshots,29,raw_text,text,YES
qld_watchhouse_snapshots,30,metadata,jsonb,NO
qld_watchhouse_snapshots,31,created_at,timestamp with time zone,NO
qld_watchhouse_snapshots,32,updated_at,timestamp with time zone,NO
quotes,1,id,uuid,NO
quotes,2,story_id,uuid,YES
quotes,3,transcript_id,uuid,YES
quotes,4,storyteller_id,uuid,NO
quotes,5,quote_text,text,NO
quotes,6,context_before,text,YES
quotes,7,context_after,text,YES
quotes,8,extracted_by_ai,boolean,YES
quotes,9,ai_confidence_score,numeric,YES
quotes,10,themes,ARRAY,YES
quotes,11,emotional_tone,ARRAY,YES
quotes,12,significance_score,numeric,YES
quotes,13,attribution_approved,boolean,YES
quotes,14,storyteller_approved,boolean,YES
quotes,15,usage_permissions,ARRAY,YES
quotes,16,usage_count,integer,YES
quotes,17,last_used_at,timestamp with time zone,YES
quotes,18,quote_type,text,YES
quotes,19,visibility,text,YES
quotes,20,created_at,timestamp with time zone,YES
quotes,21,updated_at,timestamp with time zone,YES
ralph_prds,1,id,uuid,NO
ralph_prds,2,name,text,NO
ralph_prds,3,description,text,YES
ralph_prds,4,project_path,text,YES
ralph_prds,5,status,text,NO
ralph_prds,6,total_tasks,integer,YES
ralph_prds,7,completed_tasks,integer,YES
ralph_prds,8,failed_tasks,integer,YES
ralph_prds,9,max_iterations,integer,YES
ralph_prds,10,current_iteration,integer,YES
ralph_prds,11,created_at,timestamp with time zone,YES
ralph_prds,12,updated_at,timestamp with time zone,YES
ralph_prds,13,started_at,timestamp with time zone,YES
ralph_prds,14,completed_at,timestamp with time zone,YES
ralph_prds,15,last_run_at,timestamp with time zone,YES
ralph_tasks,1,id,uuid,NO
ralph_tasks,2,prd_id,uuid,NO
ralph_tasks,3,title,text,NO
ralph_tasks,4,description,text,YES
ralph_tasks,5,acceptance_criteria,jsonb,YES
ralph_tasks,6,priority,integer,YES
ralph_tasks,7,status,text,NO
ralph_tasks,8,passes,boolean,YES
ralph_tasks,9,attempts,integer,YES
ralph_tasks,10,last_error,text,YES
ralph_tasks,11,commit_sha,text,YES
ralph_tasks,12,files_modified,jsonb,YES
ralph_tasks,13,outcome_id,uuid,YES
ralph_tasks,14,created_at,timestamp with time zone,YES
ralph_tasks,15,updated_at,timestamp with time zone,YES
ralph_tasks,16,started_at,timestamp with time zone,YES
ralph_tasks,17,completed_at,timestamp with time zone,YES
receipt_emails,1,id,uuid,NO
receipt_emails,2,gmail_message_id,text,NO
receipt_emails,3,mailbox,text,NO
receipt_emails,4,from_email,text,YES
receipt_emails,5,subject,text,YES
receipt_emails,6,received_at,timestamp with time zone,YES
receipt_emails,7,vendor_name,text,YES
receipt_emails,8,amount_detected,numeric,YES
receipt_emails,9,currency,text,YES
receipt_emails,10,attachment_url,text,YES
receipt_emails,11,attachment_filename,text,YES
receipt_emails,12,attachment_content_type,text,YES
receipt_emails,13,attachment_size_bytes,integer,YES
receipt_emails,14,xero_transaction_id,text,YES
receipt_emails,15,xero_bank_transaction_id,text,YES
receipt_emails,16,xero_invoice_id,text,YES
receipt_emails,17,match_confidence,numeric,YES
receipt_emails,18,match_method,text,YES
receipt_emails,19,project_code,text,YES
receipt_emails,20,status,text,YES
receipt_emails,21,error_message,text,YES
receipt_emails,22,retry_count,integer,YES
receipt_emails,23,source,text,YES
receipt_emails,24,dext_item_id,text,YES
receipt_emails,25,created_at,timestamp with time zone,YES
receipt_emails,26,updated_at,timestamp with time zone,YES
receipt_emails,27,entity_code,text,YES
receipt_emails,28,xero_tenant_id,text,YES
receipt_match_history,1,id,uuid,NO
receipt_match_history,2,receipt_match_id,uuid,YES
receipt_match_history,3,action,text,NO
receipt_match_history,4,previous_status,text,YES
receipt_match_history,5,new_status,text,YES
receipt_match_history,6,feedback,text,YES
receipt_match_history,7,feedback_notes,text,YES
receipt_match_history,8,triggered_by,text,YES
receipt_match_history,9,metadata,jsonb,YES
receipt_match_history,10,created_at,timestamp with time zone,YES
receipt_matches,1,id,uuid,NO
receipt_matches,2,source_type,text,NO
receipt_matches,3,source_id,text,NO
receipt_matches,4,vendor_name,text,YES
receipt_matches,5,amount,numeric,NO
receipt_matches,6,transaction_date,date,NO
receipt_matches,7,category,text,YES
receipt_matches,8,description,text,YES
receipt_matches,9,status,text,NO
receipt_matches,10,suggested_email_id,uuid,YES
receipt_matches,11,suggested_email_subject,text,YES
receipt_matches,12,suggested_email_from,text,YES
receipt_matches,13,suggested_email_date,timestamp with time zone,YES
receipt_matches,14,match_confidence,integer,YES
receipt_matches,15,match_reasons,jsonb,YES
receipt_matches,16,resolved_at,timestamp with time zone,YES
receipt_matches,17,resolved_by,text,YES
receipt_matches,18,resolution_notes,text,YES
receipt_matches,19,week_start,date,YES
receipt_matches,20,deferred_count,integer,YES
receipt_matches,21,points_awarded,integer,YES
receipt_matches,22,quick_resolve,boolean,YES
receipt_matches,23,created_at,timestamp with time zone,YES
receipt_matches,24,updated_at,timestamp with time zone,YES
receipt_pipeline_status,1,id,uuid,NO
receipt_pipeline_status,2,xero_transaction_id,text,YES
receipt_pipeline_status,3,dext_forwarded_email_id,bigint,YES
receipt_pipeline_status,4,gmail_message_id,text,YES
receipt_pipeline_status,5,calendar_event_id,uuid,YES
receipt_pipeline_status,6,stage,text,NO
receipt_pipeline_status,7,vendor_name,text,YES
receipt_pipeline_status,8,amount,numeric,YES
receipt_pipeline_status,9,transaction_date,date,YES
receipt_pipeline_status,10,matched_at,timestamp with time zone,YES
receipt_pipeline_status,11,notes,text,YES
receipt_pipeline_status,12,created_at,timestamp with time zone,YES
receipt_pipeline_status,13,updated_at,timestamp with time zone,YES
receipt_status,1,id,uuid,NO
receipt_status,2,source_type,text,NO
receipt_status,3,source_id,text,NO
receipt_status,4,transaction_date,date,NO
receipt_status,5,vendor_name,text,YES
receipt_status,6,description,text,YES
receipt_status,7,amount,numeric,NO
receipt_status,8,currency,text,YES
receipt_status,9,project_code,text,YES
receipt_status,10,category,text,YES
receipt_status,11,receipt_status,text,YES
receipt_status,12,receipt_source,text,YES
receipt_status,13,receipt_url,text,YES
receipt_status,14,receipt_matched_at,timestamp with time zone,YES
receipt_status,15,email_match_id,text,YES
receipt_status,16,email_match_confidence,numeric,YES
receipt_status,17,email_match_subject,text,YES
receipt_status,18,deferred_until,date,YES
receipt_status,19,notes,text,YES
receipt_status,20,resolved_by,text,YES
receipt_status,21,resolved_at,timestamp with time zone,YES
receipt_status,22,points_awarded,integer,YES
receipt_status,23,created_at,timestamp with time zone,YES
receipt_status,24,updated_at,timestamp with time zone,YES
receipt_weekly_summary,1,week_start,date,YES
receipt_weekly_summary,2,total_transactions,bigint,YES
receipt_weekly_summary,3,total_amount,numeric,YES
receipt_weekly_summary,4,matched,bigint,YES
receipt_weekly_summary,5,missing,bigint,YES
receipt_weekly_summary,6,pending,bigint,YES
receipt_weekly_summary,7,not_required,bigint,YES
receipt_weekly_summary,8,deferred,bigint,YES
recommendation_outcomes,1,id,uuid,NO
recommendation_outcomes,2,recommendation_type,text,NO
recommendation_outcomes,3,entity_id,text,YES
recommendation_outcomes,4,entity_type,text,YES
recommendation_outcomes,5,recommended_action,text,NO
recommendation_outcomes,6,confidence_score,double precision,YES
recommendation_outcomes,7,recommended_at,timestamp with time zone,YES
recommendation_outcomes,8,acted_upon,boolean,YES
recommendation_outcomes,9,outcome,text,YES
recommendation_outcomes,10,outcome_value,double precision,YES
recommendation_outcomes,11,outcome_date,timestamp with time zone,YES
recommendation_outcomes,12,feedback_notes,text,YES
recommendation_outcomes,13,created_at,timestamp with time zone,YES
record_grants,1,id,uuid,NO
record_grants,2,subject_table,text,NO
record_grants,3,subject_id,text,NO
record_grants,4,token,uuid,NO
record_grants,5,issued_at,timestamp with time zone,NO
record_grants,6,issued_note,text,YES
record_grants,7,expires_at,timestamp with time zone,YES
record_grants,8,redeemed_at,timestamp with time zone,YES
record_grants,9,revoked_at,timestamp with time zone,YES
registered_services,1,id,uuid,NO
registered_services,2,name,text,NO
registered_services,3,organization,text,NO
registered_services,4,location,text,NO
registered_services,5,state,text,NO
registered_services,6,approach,text,NO
registered_services,7,indigenous_knowledge,boolean,YES
registered_services,8,is_featured,boolean,YES
registered_services,9,description,text,NO
registered_services,10,impact_summary,text,NO
registered_services,11,tags,ARRAY,YES
registered_services,12,success_rate,integer,YES
registered_services,13,participants_served,integer,YES
registered_services,14,years_operating,integer,YES
registered_services,15,founded_year,integer,YES
registered_services,16,community_connection_score,integer,YES
registered_services,17,contact_phone,text,YES
registered_services,18,contact_email,text,YES
registered_services,19,website,text,YES
registered_services,20,created_at,timestamp with time zone,YES
registered_services,21,updated_at,timestamp with time zone,YES
registered_services,22,created_by,text,YES
registered_services,23,search_vector,tsvector,YES
registered_services,24,organization_id,uuid,YES
registered_services,25,service_id,uuid,YES
registered_services,26,empathy_ledger_project_id,uuid,YES
registered_services,27,synced_from_empathy_ledger,boolean,YES
registered_services,28,last_synced_at,timestamp without time zone,YES
registered_services,29,alma_intervention_id,uuid,YES
registered_services,30,latitude,numeric,YES
registered_services,31,longitude,numeric,YES
registered_services,32,location_type,text,YES
registered_services,33,relationship_type,text,YES
registered_services,34,linked_service_id,uuid,YES
registered_services,35,interview_date,date,YES
registered_services,36,is_verified,boolean,YES
registered_services_profiles,1,id,uuid,NO
registered_services_profiles,2,program_id,uuid,YES
registered_services_profiles,3,public_profile_id,uuid,YES
registered_services_profiles,4,role,text,NO
registered_services_profiles,5,role_description,text,YES
registered_services_profiles,6,display_order,integer,YES
registered_services_profiles,7,is_featured,boolean,YES
registered_services_profiles,8,created_at,timestamp with time zone,YES
relationship_health,1,id,uuid,NO
relationship_health,2,ghl_contact_id,text,NO
relationship_health,3,temperature,integer,YES
relationship_health,4,last_temperature_change,integer,YES
relationship_health,5,temperature_trend,text,YES
relationship_health,6,lcaa_stage,text,YES
relationship_health,7,lcaa_stage_confidence,numeric,YES
relationship_health,8,total_touchpoints,integer,YES
relationship_health,9,inbound_count,integer,YES
relationship_health,10,outbound_count,integer,YES
relationship_health,11,avg_response_time_hours,numeric,YES
relationship_health,12,last_inbound_at,timestamp with time zone,YES
relationship_health,13,last_outbound_at,timestamp with time zone,YES
relationship_health,14,last_contact_at,timestamp with time zone,YES
relationship_health,15,days_since_contact,integer,YES
relationship_health,16,overall_sentiment,text,YES
relationship_health,17,sentiment_history,jsonb,YES
relationship_health,18,relationship_summary,text,YES
relationship_health,19,suggested_actions,ARRAY,YES
relationship_health,20,risk_flags,ARRAY,YES
relationship_health,21,calculated_at,timestamp with time zone,YES
relationship_health,22,created_at,timestamp with time zone,YES
relationship_health,23,updated_at,timestamp with time zone,YES
relationship_health,24,email_score,integer,YES
relationship_health,25,calendar_score,integer,YES
relationship_health,26,financial_score,integer,YES
relationship_health,27,pipeline_score,integer,YES
relationship_health,28,knowledge_score,integer,YES
relationship_health,29,signal_breakdown,jsonb,YES
relationship_health,30,next_meeting_date,timestamp with time zone,YES
relationship_health,31,open_invoice_amount,numeric,YES
relationship_health,32,snoozed_until,timestamp with time zone,YES
relationship_pipeline,1,id,uuid,NO
relationship_pipeline,2,entity_type,text,NO
relationship_pipeline,3,entity_id,text,NO
relationship_pipeline,4,entity_name,text,NO
relationship_pipeline,5,stage,text,NO
relationship_pipeline,6,love_score,smallint,NO
relationship_pipeline,7,money_score,smallint,NO
relationship_pipeline,8,strategic_score,smallint,NO
relationship_pipeline,9,urgency_score,smallint,NO
relationship_pipeline,10,color,text,YES
relationship_pipeline,11,notes,text,YES
relationship_pipeline,12,next_action,text,YES
relationship_pipeline,13,next_action_date,date,YES
relationship_pipeline,14,last_contact_date,date,YES
relationship_pipeline,15,key_contact,text,YES
relationship_pipeline,16,value_low,numeric,YES
relationship_pipeline,17,value_high,numeric,YES
relationship_pipeline,18,subtitle,text,YES
relationship_pipeline,19,project_codes,ARRAY,YES
relationship_pipeline,20,notion_page_id,text,YES
relationship_pipeline,21,last_synced_to_notion,timestamp with time zone,YES
relationship_pipeline,22,created_at,timestamp with time zone,NO
relationship_pipeline,23,updated_at,timestamp with time zone,NO
reminders,1,id,uuid,NO
reminders,2,chat_id,bigint,NO
reminders,3,message,text,NO
reminders,4,trigger_at,timestamp with time zone,NO
reminders,5,recurring,text,YES
reminders,6,active,boolean,YES
reminders,7,created_at,timestamp with time zone,YES
repo_project_links,1,id,uuid,NO
repo_project_links,2,repo_name,text,NO
repo_project_links,3,project_code,text,NO
repo_project_links,4,notes,text,YES
repo_project_links,5,created_at,timestamp with time zone,YES
repo_project_links,6,updated_at,timestamp with time zone,YES
repo_project_links,7,project_name,text,YES
report_feedback,1,id,uuid,NO
report_feedback,2,submitted_at,timestamp with time zone,YES
report_feedback,3,source_path,text,YES
report_feedback,4,source_referrer,text,YES
report_feedback,5,report_subject,text,YES
report_feedback,6,value_signals,ARRAY,YES
report_feedback,7,value_score,integer,YES
report_feedback,8,topics_wanted,ARRAY,YES
report_feedback,9,topics_wanted_other,text,YES
report_feedback,10,use_cases,ARRAY,YES
report_feedback,11,use_cases_other,text,YES
report_feedback,12,questions_to_answer,text,YES
report_feedback,13,general_feedback,text,YES
report_feedback,14,willingness_to_pay,text,YES
report_feedback,15,contact_name,text,YES
report_feedback,16,contact_email,text,YES
report_feedback,17,contact_org,text,YES
report_feedback,18,contact_role,text,YES
report_feedback,19,follow_up_ok,boolean,YES
report_feedback,20,user_agent,text,YES
report_feedback,21,data_interactions,ARRAY,YES
report_feedback,22,ghl_synced_at,timestamp with time zone,YES
report_feedback,23,ghl_contact_id,text,YES
report_leads,1,id,uuid,NO
report_leads,2,email,text,NO
report_leads,3,report_slug,text,NO
report_leads,4,source,text,YES
report_leads,5,metadata,jsonb,YES
report_leads,6,created_at,timestamp with time zone,YES
report_submissions,1,id,uuid,NO
report_submissions,2,submitted_at,timestamp with time zone,YES
report_submissions,3,contact_name,text,YES
report_submissions,4,contact_email,text,NO
report_submissions,5,contact_org,text,YES
report_submissions,6,contact_role,text,YES
report_submissions,7,target_subject,text,NO
report_submissions,8,target_type,text,YES
report_submissions,9,research_questions,text,YES
report_submissions,10,decision_driving,text,YES
report_submissions,11,timeline_pref,text,YES
report_submissions,12,budget_signal,text,YES
report_submissions,13,free_5_apply,boolean,YES
report_submissions,14,permission_to_publish,boolean,YES
report_submissions,15,source,text,YES
report_submissions,16,raw_referrer,text,YES
report_submissions,17,notes,text,YES
report_submissions,18,target_abn,text,YES
report_submissions,19,target_geography,text,YES
report_submissions,20,target_timeframe,text,YES
report_submissions,21,target_topic,text,YES
report_submissions,22,target_sources,text,YES
report_submissions,23,data_priorities,ARRAY,YES
report_submissions,24,prior_work,text,YES
research_grants,1,id,uuid,NO
research_grants,2,source,text,NO
research_grants,3,grant_code,text,NO
research_grants,4,scheme_name,text,YES
research_grants,5,program,text,YES
research_grants,6,title,text,YES
research_grants,7,lead_investigator,text,YES
research_grants,8,investigators,text,YES
research_grants,9,admin_organisation,text,YES
research_grants,10,admin_organisation_abn,text,YES
research_grants,11,funding_amount,numeric,YES
research_grants,12,announced_amount,numeric,YES
research_grants,13,commencement_year,integer,YES
research_grants,14,end_date,date,YES
research_grants,15,status,text,YES
research_grants,16,field_of_research,text,YES
research_grants,17,national_interest,text,YES
research_grants,18,gs_entity_id,uuid,YES
research_grants,19,created_at,timestamp with time zone,YES
research_grants,20,updated_at,timestamp with time zone,YES
research_items,1,id,uuid,NO
research_items,2,slug,text,NO
research_items,3,title,text,NO
research_items,4,authors,ARRAY,YES
research_items,5,organization,text,NO
research_items,6,year,integer,NO
research_items,7,category,USER-DEFINED,NO
research_items,8,jurisdiction,USER-DEFINED,NO
research_items,9,type,USER-DEFINED,NO
research_items,10,tags,ARRAY,YES
research_items,11,summary,text,NO
research_items,12,key_findings,ARRAY,YES
research_items,13,external_url,text,YES
research_items,14,pdf_url,text,YES
research_items,15,video_url,text,YES
research_items,16,is_featured,boolean,YES
research_items,17,is_active,boolean,YES
research_items,18,display_order,integer,YES
research_items,19,created_at,timestamp with time zone,YES
research_items,20,updated_at,timestamp with time zone,YES
resource_allocations,1,id,uuid,NO
resource_allocations,2,team_member_id,uuid,YES
resource_allocations,3,project_code,text,NO
resource_allocations,4,hours_per_week,numeric,YES
resource_allocations,5,percentage,numeric,YES
resource_allocations,6,start_date,date,NO
resource_allocations,7,end_date,date,YES
resource_allocations,8,allocation_type,text,YES
resource_allocations,9,season,text,YES
resource_allocations,10,notes,text,YES
resource_allocations,11,created_at,timestamp with time zone,YES
resource_allocations,12,updated_at,timestamp with time zone,YES
revenue_scenarios,1,id,uuid,NO
revenue_scenarios,2,name,text,NO
revenue_scenarios,3,description,text,YES
revenue_scenarios,4,assumptions,jsonb,YES
revenue_scenarios,5,annual_targets,jsonb,YES
revenue_scenarios,6,created_at,timestamp with time zone,YES
revenue_scenarios,7,updated_at,timestamp with time zone,YES
revenue_stream_projections,1,id,uuid,NO
revenue_stream_projections,2,scenario_id,uuid,NO
revenue_stream_projections,3,stream_id,uuid,NO
revenue_stream_projections,4,year,integer,NO
revenue_stream_projections,5,projected_annual,numeric,YES
revenue_stream_projections,6,notes,text,YES
revenue_stream_projections,7,created_at,timestamp with time zone,YES
revenue_streams,1,id,uuid,NO
revenue_streams,2,name,text,NO
revenue_streams,3,code,text,NO
revenue_streams,4,category,text,NO
revenue_streams,5,description,text,YES
revenue_streams,6,project_codes,ARRAY,YES
revenue_streams,7,status,text,YES
revenue_streams,8,target_monthly,numeric,YES
revenue_streams,9,color,text,YES
revenue_streams,10,icon,text,YES
revenue_streams,11,created_at,timestamp with time zone,YES
revenue_streams,12,updated_at,timestamp with time zone,YES
review_curated_entries,1,id,text,NO
review_curated_entries,2,year,integer,NO
review_curated_entries,3,date,timestamp with time zone,NO
review_curated_entries,4,title,text,NO
review_curated_entries,5,description,text,YES
review_curated_entries,6,source,text,NO
review_curated_entries,7,type,text,NO
review_curated_entries,8,tags,ARRAY,YES
review_curated_entries,9,status,text,YES
review_curated_entries,10,metadata,jsonb,YES
review_curated_entries,11,included,boolean,YES
review_curated_entries,12,edited_title,text,YES
review_curated_entries,13,edited_description,text,YES
review_curated_entries,14,hero_image_url,text,YES
review_curated_entries,15,hero_image_id,text,YES
review_curated_entries,16,hero_image_alt,text,YES
review_curated_entries,17,hero_video_url,text,YES
review_curated_entries,18,hero_video_platform,text,YES
review_curated_entries,19,hero_video_title,text,YES
review_curated_entries,20,photos,ARRAY,YES
review_curated_entries,21,has_project_page,boolean,YES
review_curated_entries,22,project_slug,text,YES
review_curated_entries,23,season_order,integer,YES
review_curated_entries,24,display_order,integer,YES
review_curated_entries,25,created_at,timestamp with time zone,YES
review_curated_entries,26,updated_at,timestamp with time zone,YES
review_media_links,1,id,uuid,NO
review_media_links,2,media_id,uuid,NO
review_media_links,3,link_type,text,NO
review_media_links,4,link_id,text,NO
review_media_links,5,display_order,integer,YES
review_media_links,6,caption,text,YES
review_media_links,7,alt_text,text,YES
review_media_links,8,is_hero,boolean,YES
review_media_links,9,is_featured,boolean,YES
review_media_links,10,created_at,timestamp with time zone,YES
review_projects,1,id,uuid,NO
review_projects,2,year,integer,NO
review_projects,3,timeline_entry_id,text,NO
review_projects,4,slug,text,NO
review_projects,5,title,text,NO
review_projects,6,subtitle,text,YES
review_projects,7,hero_image_id,uuid,YES
review_projects,8,hero_video_url,text,YES
review_projects,9,hero_video_type,text,YES
review_projects,10,hero_caption,text,YES
review_projects,11,content_blocks,jsonb,NO
review_projects,12,is_featured,boolean,YES
review_projects,13,featured_order,integer,YES
review_projects,14,is_published,boolean,YES
review_projects,15,published_at,timestamp with time zone,YES
review_projects,16,meta_title,text,YES
review_projects,17,meta_description,text,YES
review_projects,18,created_at,timestamp with time zone,YES
review_projects,19,updated_at,timestamp with time zone,YES
review_videos,1,id,uuid,NO
review_videos,2,year,integer,NO
review_videos,3,platform,text,NO
review_videos,4,video_id,text,NO
review_videos,5,embed_url,text,NO
review_videos,6,thumbnail_url,text,YES
review_videos,7,title,text,YES
review_videos,8,description,text,YES
review_videos,9,duration_seconds,integer,YES
review_videos,10,link_type,text,NO
review_videos,11,link_id,text,YES
review_videos,12,display_order,integer,YES
review_videos,13,is_featured,boolean,YES
review_videos,14,autoplay,boolean,YES
review_videos,15,created_at,timestamp with time zone,YES
review_videos,16,updated_at,timestamp with time zone,YES
review_year_settings,1,year,integer,NO
review_year_settings,2,seasons,jsonb,YES
review_year_settings,3,settings,jsonb,YES
review_year_settings,4,last_updated,timestamp with time zone,YES
rogs_justice_spending,1,id,uuid,NO
rogs_justice_spending,2,rogs_table,text,NO
rogs_justice_spending,3,rogs_section,text,NO
rogs_justice_spending,4,financial_year,text,NO
rogs_justice_spending,5,measure,text,NO
rogs_justice_spending,6,service_type,text,YES
rogs_justice_spending,7,indigenous_status,text,YES
rogs_justice_spending,8,age_group,text,YES
rogs_justice_spending,9,description1,text,YES
rogs_justice_spending,10,description2,text,YES
rogs_justice_spending,11,description3,text,YES
rogs_justice_spending,12,description4,text,YES
rogs_justice_spending,13,unit,text,NO
rogs_justice_spending,14,nsw,numeric,YES
rogs_justice_spending,15,vic,numeric,YES
rogs_justice_spending,16,qld,numeric,YES
rogs_justice_spending,17,wa,numeric,YES
rogs_justice_spending,18,sa,numeric,YES
rogs_justice_spending,19,tas,numeric,YES
rogs_justice_spending,20,act,numeric,YES
rogs_justice_spending,21,nt,numeric,YES
rogs_justice_spending,22,aust,numeric,YES
rogs_justice_spending,23,data_source,text,YES
rogs_justice_spending,24,year_dollars,text,YES
rogs_justice_spending,25,created_at,timestamp with time zone,YES
role_taxonomy,1,id,text,NO
role_taxonomy,2,category,text,NO
role_taxonomy,3,display_name,text,NO
role_taxonomy,4,description,text,YES
role_taxonomy,5,display_order,integer,YES
role_taxonomy,6,is_active,boolean,YES
role_taxonomy,7,created_at,timestamp with time zone,YES
sa2_reference,1,sa2_code,text,NO
sa2_reference,2,sa2_name,text,NO
sa2_reference,3,sa3_code,text,YES
sa2_reference,4,sa3_name,text,YES
sa2_reference,5,sa4_code,text,YES
sa2_reference,6,sa4_name,text,YES
sa2_reference,7,state_code,text,YES
sa2_reference,8,state_name,text,YES
sa2_reference,9,area_sqkm,numeric,YES
sa3_regions,1,sa3_code,text,NO
sa3_regions,2,sa3_name,text,NO
sa3_regions,3,state,text,NO
sa3_regions,4,latitude,numeric,YES
sa3_regions,5,longitude,numeric,YES
saved_foundations,1,id,uuid,NO
saved_foundations,2,user_id,uuid,NO
saved_foundations,3,foundation_id,uuid,NO
saved_foundations,4,stars,smallint,NO
saved_foundations,5,stage,text,NO
saved_foundations,6,notes,text,YES
saved_foundations,7,last_contact_date,date,YES
saved_foundations,8,created_at,timestamp with time zone,NO
saved_foundations,9,updated_at,timestamp with time zone,NO
saved_foundations,10,org_profile_id,uuid,YES
saved_foundations,11,alignment_score,integer,YES
saved_foundations,12,alignment_reasons,ARRAY,YES
saved_foundations,13,relationship_stage,text,YES
saved_foundations,14,star_rating,integer,YES
saved_grants,1,id,uuid,NO
saved_grants,2,user_id,uuid,NO
saved_grants,3,grant_id,uuid,NO
saved_grants,4,stars,smallint,NO
saved_grants,5,color,text,YES
saved_grants,6,stage,text,NO
saved_grants,7,notes,text,YES
saved_grants,8,ghl_opportunity_id,text,YES
saved_grants,9,created_at,timestamp with time zone,NO
saved_grants,10,updated_at,timestamp with time zone,NO
saved_grants,11,partner_contact_ids,ARRAY,YES
saved_grants,12,org_profile_id,uuid,YES
saved_grants,13,source_alert_preference_id,bigint,YES
saved_grants,14,source_notification_id,uuid,YES
saved_grants,15,source_attribution_type,text,YES
saved_grants,16,source_attributed_at,timestamp with time zone,YES
scag_communiques,1,id,uuid,NO
scag_communiques,2,meeting_date,date,NO
scag_communiques,3,host_jurisdiction,text,YES
scag_communiques,4,communique_url,text,NO
scag_communiques,5,yj_decisions_jsonb,jsonb,YES
scag_communiques,6,raise_age_position,text,YES
scag_communiques,7,member_states,ARRAY,YES
scag_communiques,8,agenda_items_jsonb,jsonb,YES
scag_communiques,9,content_text,text,YES
scag_communiques,10,content_hash,text,YES
scag_communiques,11,scraped_at,timestamp with time zone,NO
scag_communiques,12,created_at,timestamp with time zone,NO
scag_communiques,13,updated_at,timestamp with time zone,NO
scraped_services,1,id,uuid,NO
scraped_services,2,organization_id,uuid,YES
scraped_services,3,name,character varying,NO
scraped_services,4,description,text,YES
scraped_services,5,category,character varying,YES
scraped_services,6,subcategory,character varying,YES
scraped_services,7,eligibility_criteria,ARRAY,YES
scraped_services,8,cost_structure,character varying,YES
scraped_services,9,availability_schedule,jsonb,YES
scraped_services,10,contact_info,jsonb,YES
scraped_services,11,outcomes_evidence,ARRAY,YES
scraped_services,12,geographical_coverage,jsonb,YES
scraped_services,13,target_demographics,jsonb,YES
scraped_services,14,capacity_indicators,jsonb,YES
scraped_services,15,confidence_score,numeric,NO
scraped_services,16,source_url,text,YES
scraped_services,17,extraction_timestamp,timestamp with time zone,YES
scraped_services,18,validation_status,character varying,YES
scraped_services,19,active,boolean,YES
scraped_services,20,created_at,timestamp with time zone,YES
scraped_services,21,updated_at,timestamp with time zone,YES
se_buyer_prospects,1,buyer_name,text,NO
se_buyer_prospects,2,se_supplier_count,integer,YES
se_buyer_prospects,3,contract_count,integer,YES
se_buyer_prospects,4,total_value,numeric,YES
se_buyer_prospects,5,last_contract_end,date,YES
se_buyer_prospects,6,certified_supplier_count,integer,YES
se_buyer_prospects,7,example_suppliers,jsonb,YES
se_buyer_prospects,8,states,jsonb,YES
se_buyer_prospects,9,computed_at,timestamp with time zone,YES
se_buyer_prospects,10,evidence_basis,text,YES
se_directory,1,id,uuid,YES
se_directory,2,name,text,YES
se_directory,3,abn,text,YES
se_directory,4,org_type,text,YES
se_directory,5,legal_structure,text,YES
se_directory,6,description,text,YES
se_directory,7,website,text,YES
se_directory,8,state,text,YES
se_directory,9,city,text,YES
se_directory,10,postcode,text,YES
se_directory,11,sector,ARRAY,YES
se_directory,12,certifications,jsonb,YES
se_directory,13,source_primary,text,YES
se_directory,14,target_beneficiaries,ARRAY,YES
se_directory,15,logo_url,text,YES
se_directory,16,business_model,text,YES
se_directory,17,profile_confidence,text,YES
se_directory,18,enriched_at,timestamp with time zone,YES
se_directory,19,created_at,timestamp with time zone,YES
se_directory,20,contract_count,integer,YES
se_directory,21,contract_value,numeric,YES
se_directory,22,verification_tier,text,YES
se_directory,23,triple_proof,boolean,YES
se_directory,24,proven_outcomes,boolean,YES
se_search_index,1,se_id,uuid,NO
se_search_index,2,name,text,NO
se_search_index,3,abn,text,YES
se_search_index,4,state,text,YES
se_search_index,5,city,text,YES
se_search_index,6,postcode,text,YES
se_search_index,7,sectors,ARRAY,YES
se_search_index,8,sectors_text,text,YES
se_search_index,9,description,text,YES
se_search_index,10,source_primary,text,YES
se_search_index,11,verification_tier,text,YES
se_search_index,12,verification_basis,text,YES
se_search_index,13,capability_text,text,YES
se_search_index,14,contract_count,integer,NO
se_search_index,15,contract_value,numeric,NO
se_search_index,16,last_contract_end,date,YES
se_search_index,17,buyer_count,integer,NO
se_search_index,18,built_at,timestamp with time zone,NO
se_search_index,19,search_tsv,tsvector,YES
sector_map_cache,1,key,text,NO
sector_map_cache,2,data,jsonb,NO
sector_map_cache,3,updated_at,timestamp with time zone,YES
seifa_2021,1,postcode,text,NO
seifa_2021,2,index_type,text,NO
seifa_2021,3,score,integer,YES
seifa_2021,4,rank_national,integer,YES
seifa_2021,5,decile_national,integer,YES
seifa_2021,6,percentile_national,numeric,YES
seifa_2021,7,rank_state,integer,YES
seifa_2021,8,decile_state,integer,YES
services,1,id,uuid,NO
services,2,organization_id,uuid,YES
services,3,name,character varying,NO
services,4,description,text,YES
services,5,category,character varying,YES
services,6,subcategory,character varying,YES
services,7,eligibility_criteria,ARRAY,YES
services,8,cost_structure,character varying,YES
services,9,availability_schedule,jsonb,YES
services,10,contact_info,jsonb,YES
services,11,outcomes_evidence,ARRAY,YES
services,12,geographical_coverage,jsonb,YES
services,13,target_demographics,jsonb,YES
services,14,capacity_indicators,jsonb,YES
services,15,active,boolean,YES
services,16,created_at,timestamp with time zone,YES
services,17,updated_at,timestamp with time zone,YES
services,18,slug,text,YES
services,19,program_type,text,YES
services,20,service_category,ARRAY,YES
services,21,delivery_method,ARRAY,YES
services,22,capacity_total,integer,YES
services,23,capacity_current,integer,YES
services,24,is_accepting_referrals,boolean,YES
services,25,cost,text,YES
services,26,location_address,text,YES
services,27,location_city,text,YES
services,28,location_state,text,YES
services,29,location_postcode,text,YES
services,30,contact_phone,text,YES
services,31,contact_email,text,YES
services,32,website_url,text,YES
services,33,success_rate,numeric,YES
services,34,is_featured,boolean,YES
services,35,is_active,boolean,YES
services,36,tags,ARRAY,YES
services,37,operating_hours,jsonb,YES
services,38,metadata,jsonb,YES
services,39,categories,ARRAY,YES
services,40,keywords,ARRAY,YES
services,41,target_age_min,integer,YES
services,42,target_age_max,integer,YES
services,43,youth_specific,boolean,YES
services,44,indigenous_specific,boolean,YES
services,45,gender_specific,ARRAY,YES
services,46,languages_supported,ARRAY,YES
services,47,accessibility_features,ARRAY,YES
services,48,service_type,text,YES
services,49,location_type,text,YES
services,50,service_area,ARRAY,YES
services,51,data_source,text,YES
services,52,data_source_url,text,YES
services,53,last_verified_at,timestamp with time zone,YES
services,54,verification_status,text,YES
services,55,scrape_confidence_score,numeric,YES
services,56,last_scraped_at,timestamp with time zone,YES
services,57,waitlist_time_weeks,integer,YES
services,58,online_booking_url,text,YES
services,59,latitude,numeric,YES
services,60,longitude,numeric,YES
services,61,project,text,YES
services,62,parent_service_id,uuid,YES
services,63,location_latitude,numeric,YES
services,64,location_longitude,numeric,YES
services,65,location_geocoded_at,timestamp with time zone,YES
services,66,alma_intervention_id,uuid,YES
services,67,infrastructure_type,text,YES
services_profiles,1,id,uuid,NO
services_profiles,2,service_id,uuid,YES
services_profiles,3,public_profile_id,uuid,YES
services_profiles,4,role,text,NO
services_profiles,5,role_description,text,YES
services_profiles,6,display_order,integer,YES
services_profiles,7,is_featured,boolean,YES
services_profiles,8,created_at,timestamp with time zone,YES
services_unified,1,id,uuid,YES
services_unified,2,name,character varying,YES
services_unified,3,slug,text,YES
services_unified,4,description,text,YES
services_unified,5,source_table,text,YES
services_unified,6,latitude,numeric,YES
services_unified,7,longitude,numeric,YES
services_unified,8,city,text,YES
services_unified,9,state,text,YES
services_unified,10,address,text,YES
services_unified,11,postcode,text,YES
services_unified,12,organization_id,uuid,YES
services_unified,13,organization_name,text,YES
services_unified,14,service_categories,ARRAY,YES
services_unified,15,intervention_type,text,YES
services_unified,16,infrastructure_type,text,YES
services_unified,17,program_approach,text,YES
services_unified,18,tags,ARRAY,YES
services_unified,19,phone,text,YES
services_unified,20,email,text,YES
services_unified,21,website,text,YES
services_unified,22,youth_specific,boolean,YES
services_unified,23,indigenous_specific,boolean,YES
services_unified,24,is_featured,boolean,YES
services_unified,25,is_active,boolean,YES
services_unified,26,success_rate,numeric,YES
services_unified,27,participants_served,integer,YES
services_unified,28,years_operating,integer,YES
services_unified,29,evidence_level,text,YES
services_unified,30,portfolio_score,numeric,YES
services_unified,31,consent_level,text,YES
services_unified,32,cultural_authority,text,YES
services_unified,33,alma_review_status,text,YES
services_unified,34,impact_summary,text,YES
services_unified,35,updated_at,timestamp with time zone,YES
services_unified,36,created_at,timestamp with time zone,YES
services_unified,37,service_id,uuid,YES
services_unified,38,registered_service_id,uuid,YES
services_unified,39,alma_intervention_id,uuid,YES
sessions,1,id,text,NO
sessions,2,project,text,NO
sessions,3,working_on,text,YES
sessions,4,started_at,timestamp without time zone,YES
sessions,5,last_heartbeat,timestamp without time zone,YES
signal_content,1,id,uuid,NO
signal_content,2,signal_event_id,uuid,NO
signal_content,3,format,text,NO
signal_content,4,title,text,YES
signal_content,5,body,text,NO
signal_content,6,metadata,jsonb,NO
signal_content,7,status,text,NO
signal_content,8,reviewed_by,uuid,YES
signal_content,9,reviewed_at,timestamp with time zone,YES
signal_content,10,published_at,timestamp with time zone,YES
signal_content,11,created_at,timestamp with time zone,NO
signal_events,1,id,uuid,NO
signal_events,2,signal_type,text,NO
signal_events,3,source_table,text,NO
signal_events,4,region_code,text,NO
signal_events,5,region_name,text,NO
signal_events,6,state,text,YES
signal_events,7,payload,jsonb,NO
signal_events,8,priority,text,NO
signal_events,9,status,text,NO
signal_events,10,cooldown_key,text,YES
signal_events,11,cooldown_expires_at,timestamp with time zone,YES
signal_events,12,created_at,timestamp with time zone,NO
signal_events,13,updated_at,timestamp with time zone,NO
site_config,1,key,text,NO
site_config,2,value,jsonb,NO
site_config,3,updated_at,timestamp with time zone,NO
site_health_checks,1,id,uuid,NO
site_health_checks,2,site_id,uuid,NO
site_health_checks,3,checked_at,timestamp with time zone,YES
site_health_checks,4,http_status,integer,YES
site_health_checks,5,http_response_time_ms,integer,YES
site_health_checks,6,http_error,text,YES
site_health_checks,7,ssl_valid,boolean,YES
site_health_checks,8,ssl_expires_at,timestamp with time zone,YES
site_health_checks,9,vercel_deployment_status,text,YES
site_health_checks,10,vercel_deployment_id,text,YES
site_health_checks,11,vercel_build_time_seconds,integer,YES
site_health_checks,12,vercel_error,text,YES
site_health_checks,13,github_last_commit_at,timestamp with time zone,YES
site_health_checks,14,github_last_commit_sha,text,YES
site_health_checks,15,github_open_prs,integer,YES
site_health_checks,16,github_failed_checks,integer,YES
site_health_checks,17,github_security_alerts,integer,YES
site_health_checks,18,health_score,integer,YES
site_health_checks,19,health_status,text,YES
site_health_checks,20,raw_data,jsonb,YES
site_latest_health,1,id,uuid,YES
site_latest_health,2,site_id,uuid,YES
site_latest_health,3,checked_at,timestamp with time zone,YES
site_latest_health,4,http_status,integer,YES
site_latest_health,5,http_response_time_ms,integer,YES
site_latest_health,6,http_error,text,YES
site_latest_health,7,ssl_valid,boolean,YES
site_latest_health,8,ssl_expires_at,timestamp with time zone,YES
site_latest_health,9,vercel_deployment_status,text,YES
site_latest_health,10,vercel_deployment_id,text,YES
site_latest_health,11,vercel_build_time_seconds,integer,YES
site_latest_health,12,vercel_error,text,YES
site_latest_health,13,github_last_commit_at,timestamp with time zone,YES
site_latest_health,14,github_last_commit_sha,text,YES
site_latest_health,15,github_open_prs,integer,YES
site_latest_health,16,github_failed_checks,integer,YES
site_latest_health,17,github_security_alerts,integer,YES
site_latest_health,18,health_score,integer,YES
site_latest_health,19,health_status,text,YES
site_latest_health,20,raw_data,jsonb,YES
site_latest_health,21,site_name,text,YES
site_latest_health,22,site_slug,text,YES
site_latest_health,23,site_url,text,YES
social_enterprises,1,id,uuid,NO
social_enterprises,2,name,text,NO
social_enterprises,3,abn,text,YES
social_enterprises,4,acn,text,YES
social_enterprises,5,icn,text,YES
social_enterprises,6,website,text,YES
social_enterprises,7,description,text,YES
social_enterprises,8,org_type,text,NO
social_enterprises,9,legal_structure,text,YES
social_enterprises,10,sector,ARRAY,YES
social_enterprises,11,state,text,YES
social_enterprises,12,city,text,YES
social_enterprises,13,postcode,text,YES
social_enterprises,14,geographic_focus,ARRAY,YES
social_enterprises,15,certifications,jsonb,YES
social_enterprises,16,sources,jsonb,YES
social_enterprises,17,source_primary,text,YES
social_enterprises,18,enriched_at,timestamp with time zone,YES
social_enterprises,19,profile_confidence,text,YES
social_enterprises,20,created_at,timestamp with time zone,YES
social_enterprises,21,updated_at,timestamp with time zone,YES
social_enterprises,22,target_beneficiaries,ARRAY,YES
social_enterprises,23,logo_url,text,YES
social_enterprises,24,business_model,text,YES
social_enterprises,25,verification_tier,text,YES
social_enterprises,26,verification_basis,text,YES
social_enterprises,27,verification_computed_at,timestamp with time zone,YES
social_posts,1,id,uuid,NO
social_posts,2,organization_id,uuid,NO
social_posts,3,project_id,uuid,YES
social_posts,4,project_code,text,YES
social_posts,5,platform,text,NO
social_posts,6,source,text,NO
social_posts,7,source_account_id,text,YES
social_posts,8,source_post_id,text,NO
social_posts,9,account_name,text,YES
social_posts,10,status,text,YES
social_posts,11,post_type,text,YES
social_posts,12,message,text,YES
social_posts,13,permalink,text,YES
social_posts,14,published_at,timestamp with time zone,YES
social_posts,15,source_created_at,timestamp with time zone,YES
social_posts,16,source_updated_at,timestamp with time zone,YES
social_posts,17,media,jsonb,NO
social_posts,18,metrics,jsonb,NO
social_posts,19,source_metadata,jsonb,NO
social_posts,20,last_synced_at,timestamp with time zone,NO
social_posts,21,created_at,timestamp with time zone,NO
social_posts,22,updated_at,timestamp with time zone,NO
source_frontier,1,id,uuid,NO
source_frontier,2,source_key,text,NO
source_frontier,3,source_kind,text,NO
source_frontier,4,source_name,text,YES
source_frontier,5,target_url,text,NO
source_frontier,6,domain,text,YES
source_frontier,7,parser_hint,text,YES
source_frontier,8,owning_agent_id,text,YES
source_frontier,9,discovery_source,text,YES
source_frontier,10,foundation_id,uuid,YES
source_frontier,11,gs_entity_id,uuid,YES
source_frontier,12,cadence_hours,integer,NO
source_frontier,13,priority,integer,NO
source_frontier,14,enabled,boolean,NO
source_frontier,15,change_detection,text,NO
source_frontier,16,confidence,text,NO
source_frontier,17,last_checked_at,timestamp with time zone,YES
source_frontier,18,last_changed_at,timestamp with time zone,YES
source_frontier,19,last_success_at,timestamp with time zone,YES
source_frontier,20,next_check_at,timestamp with time zone,YES
source_frontier,21,last_http_status,integer,YES
source_frontier,22,failure_count,integer,NO
source_frontier,23,last_error,text,YES
source_frontier,24,etag,text,YES
source_frontier,25,content_hash,text,YES
source_frontier,26,metadata,jsonb,NO
source_frontier,27,created_at,timestamp with time zone,NO
source_frontier,28,updated_at,timestamp with time zone,NO
sprint_items,1,id,uuid,NO
sprint_items,2,title,text,NO
sprint_items,3,stream,text,NO
sprint_items,4,status,text,NO
sprint_items,5,priority,text,NO
sprint_items,6,owner,text,YES
sprint_items,7,project_code,text,YES
sprint_items,8,time_est,text,YES
sprint_items,9,notes,text,YES
sprint_items,10,due_date,date,YES
sprint_items,11,done_date,timestamp with time zone,YES
sprint_items,12,created_at,timestamp with time zone,YES
sprint_items,13,updated_at,timestamp with time zone,YES
sprint_items,14,sort_order,integer,YES
sprint_items,15,source_type,text,YES
sprint_items,16,source_ref,text,YES
sprint_snapshots,1,id,uuid,NO
sprint_snapshots,2,sprint_name,text,NO
sprint_snapshots,3,sprint_number,integer,YES
sprint_snapshots,4,sprint_start_date,date,YES
sprint_snapshots,5,sprint_end_date,date,YES
sprint_snapshots,6,snapshot_date,date,NO
sprint_snapshots,7,snapshot_time,timestamp with time zone,NO
sprint_snapshots,8,total_issues,integer,NO
sprint_snapshots,9,todo_issues,integer,NO
sprint_snapshots,10,in_progress_issues,integer,NO
sprint_snapshots,11,done_issues,integer,NO
sprint_snapshots,12,blocked_issues,integer,NO
sprint_snapshots,13,completion_percentage,numeric,YES
sprint_snapshots,14,velocity,numeric,YES
sprint_snapshots,15,ideal_remaining,integer,YES
sprint_snapshots,16,actual_remaining,integer,YES
sprint_snapshots,17,by_repository,jsonb,YES
sprint_snapshots,18,by_type,jsonb,YES
sprint_snapshots,19,by_priority,jsonb,YES
sprint_snapshots,20,project_id,text,YES
sprint_snapshots,21,github_org,text,YES
sprint_snapshots,22,is_sprint_complete,boolean,YES
sprint_snapshots,23,is_final_snapshot,boolean,YES
sprint_snapshots,24,created_at,timestamp with time zone,YES
sprint_snapshots,25,avg_cycle_time,numeric,YES
sprint_snapshots,26,avg_lead_time,numeric,YES
sprint_snapshots,27,throughput_per_week,numeric,YES
sprint_snapshots,28,flow_efficiency,numeric,YES
sprint_snapshots,29,blocked,integer,YES
sprint_snapshots,30,in_progress,integer,YES
sprint_snapshots,31,todo,integer,YES
sprint_snapshots,32,wip_count,integer,YES
sprint_suggestions,1,id,uuid,NO
sprint_suggestions,2,title,text,NO
sprint_suggestions,3,stream,text,NO
sprint_suggestions,4,priority,text,NO
sprint_suggestions,5,notes,text,YES
sprint_suggestions,6,source_type,text,NO
sprint_suggestions,7,source_ref,text,YES
sprint_suggestions,8,due_date,date,YES
sprint_suggestions,9,project_code,text,YES
sprint_suggestions,10,owner,text,YES
sprint_suggestions,11,dismissed,boolean,YES
sprint_suggestions,12,promoted_to,uuid,YES
sprint_suggestions,13,created_at,timestamp with time zone,YES
sprint_suggestions,14,expires_at,timestamp with time zone,YES
state_tenders,1,id,uuid,NO
state_tenders,2,source,text,NO
state_tenders,3,source_id,text,YES
state_tenders,4,title,text,NO
state_tenders,5,description,text,YES
state_tenders,6,contract_value,numeric,YES
state_tenders,7,currency,text,YES
state_tenders,8,status,text,YES
state_tenders,9,category,text,YES
state_tenders,10,state,text,NO
state_tenders,11,buyer_name,text,YES
state_tenders,12,buyer_department,text,YES
state_tenders,13,supplier_name,text,YES
state_tenders,14,supplier_abn,text,YES
state_tenders,15,published_date,timestamp with time zone,YES
state_tenders,16,closing_date,timestamp with time zone,YES
state_tenders,17,awarded_date,timestamp with time zone,YES
state_tenders,18,is_justice_related,boolean,YES
state_tenders,19,justice_keywords,ARRAY,YES
state_tenders,20,alma_organization_id,uuid,YES
state_tenders,21,source_url,text,YES
state_tenders,22,created_at,timestamp with time zone,YES
state_tenders,23,updated_at,timestamp with time zone,YES
state_tenders,24,gs_entity_id,uuid,YES
stg_oric_dupe_pairs,1,oric_gs_id,text,YES
stg_oric_dupe_pairs,2,oric_id,uuid,YES
stg_oric_dupe_pairs,3,abn_gs_id,text,YES
stg_oric_dupe_pairs,4,abn_id,uuid,YES
stg_oric_dupe_pairs,5,canonical_name,text,YES
stg_oric_dupe_pairs,6,o_state,text,YES
stg_oric_dupe_pairs,7,a_state,text,YES
stg_oric_dupe_pairs,8,o_lga,text,YES
stg_oric_dupe_pairs,9,a_lga,text,YES
stg_pc_ratio_decided,1,postcode,text,YES
stg_pc_ratio_decided,2,state,text,YES
stg_pc_ratio_decided,3,lga_name,text,YES
stg_pc_ratio_decided,4,lga_code,text,YES
stg_ratio_winners,1,loc,text,YES
stg_ratio_winners,2,win_code,text,YES
stg_ratio_winners,3,win_name,text,YES
stg_ratio_winners,4,win_ratio,numeric,YES
stg_straddler_refill,1,postcode,text,YES
stg_straddler_refill,2,locality,text,YES
stg_straddler_refill,3,state,text,YES
stg_straddler_refill,4,win_ratio,numeric,YES
stg_straddler_refill,5,new_lga_name,text,YES
stg_straddler_refill,6,new_lga_code,text,YES
stories,1,id,uuid,NO
stories,2,title,text,NO
stories,3,content,text,NO
stories,4,participant_name,text,NO
stories,5,participant_age,integer,YES
stories,6,location,text,YES
stories,7,date_recorded,date,YES
stories,8,themes,ARRAY,YES
stories,9,impact_level,text,YES
stories,10,summary,text,YES
stories,11,transcript_id,text,YES
stories,12,is_published,boolean,YES
stories,13,tags,ARRAY,YES
stories,14,created_at,timestamp with time zone,YES
stories,15,updated_at,timestamp with time zone,YES
stories,16,author_id,text,YES
stories,17,excerpt,text,YES
stories,18,story_type,text,YES
stories,19,visibility,text,YES
stories,20,published_at,timestamp with time zone,YES
stories,21,is_featured,boolean,YES
stories,22,organization_id,uuid,YES
stories,23,status,text,YES
stories,24,slug,text,YES
stories,25,featured_image_url,text,YES
stories,26,source_platform,text,YES
stories,27,public_profile_id,uuid,YES
story_analysis,1,id,uuid,NO
story_analysis,2,story_id,uuid,NO
story_analysis,3,storyteller_id,uuid,NO
story_analysis,4,analysis_type,character varying,NO
story_analysis,5,ai_model_used,character varying,YES
story_analysis,6,analysis_version,character varying,YES
story_analysis,7,results,jsonb,YES
story_analysis,8,narrative_score,numeric,YES
story_analysis,9,readability_score,numeric,YES
story_analysis,10,emotional_impact_score,numeric,YES
story_analysis,11,literary_themes,ARRAY,YES
story_analysis,12,narrative_structure,character varying,YES
story_analysis,13,story_arc,character varying,YES
story_analysis,14,key_messages,ARRAY,YES
story_analysis,15,story_quotes,ARRAY,YES
story_analysis,16,story_summary,text,YES
story_analysis,17,coherence_score,numeric,YES
story_analysis,18,engagement_score,numeric,YES
story_analysis,19,publication_ready,boolean,YES
story_analysis,20,editorial_notes,text,YES
story_analysis,21,processing_status,character varying,YES
story_analysis,22,processing_time_seconds,integer,YES
story_analysis,23,processing_notes,jsonb,YES
story_analysis,24,human_reviewed,boolean,YES
story_analysis,25,reviewed_by,uuid,YES
story_analysis,26,reviewed_at,timestamp with time zone,YES
story_analysis,27,review_notes,text,YES
story_analysis,28,approved_for_publication,boolean,YES
story_analysis,29,created_at,timestamp with time zone,YES
story_analysis,30,updated_at,timestamp with time zone,YES
story_analysis,31,transcript_id,uuid,YES
story_attribution_events,1,id,uuid,NO
story_attribution_events,2,storyteller_id,uuid,NO
story_attribution_events,3,event_type,text,NO
story_attribution_events,4,source_url,text,YES
story_attribution_events,5,user_agent,text,YES
story_attribution_events,6,referrer,text,YES
story_attribution_events,7,session_id,text,NO
story_attribution_events,8,metadata,jsonb,YES
story_attribution_events,9,timestamp,timestamp with time zone,NO
story_attribution_events,10,created_at,timestamp with time zone,YES
story_comments,1,id,uuid,NO
story_comments,2,story_id,uuid,YES
story_comments,3,user_id,text,NO
story_comments,4,content,text,NO
story_comments,5,is_approved,boolean,YES
story_comments,6,like_count,integer,YES
story_comments,7,created_at,timestamp with time zone,YES
story_reactions,1,id,uuid,NO
story_reactions,2,story_id,uuid,YES
story_reactions,3,user_id,text,NO
story_reactions,4,reaction_type,text,NO
story_reactions,5,created_at,timestamp with time zone,YES
story_related_programs,1,id,uuid,NO
story_related_programs,2,story_id,uuid,YES
story_related_programs,3,program_id,uuid,YES
story_related_programs,4,relevance_note,text,YES
story_related_programs,5,display_order,integer,YES
story_related_programs,6,created_at,timestamp with time zone,YES
story_related_sites,1,id,uuid,NO
story_related_sites,2,story_id,uuid,NO
story_related_sites,3,jr_site_id,uuid,NO
story_related_sites,4,relevance_note,text,YES
story_related_sites,5,display_order,integer,NO
story_related_sites,6,co_story,boolean,NO
story_related_sites,7,consent_level,text,NO
story_related_sites,8,created_at,timestamp with time zone,NO
story_related_sites,9,source_system,text,NO
story_related_sites,10,is_active,boolean,NO
story_related_sites,11,removed_at,timestamp with time zone,YES
story_related_sites,12,updated_at,timestamp with time zone,NO
storyteller_media,1,id,uuid,NO
storyteller_media,2,storyteller_id,uuid,YES
storyteller_media,3,type,text,NO
storyteller_media,4,url,text,NO
storyteller_media,5,thumbnail_url,text,YES
storyteller_media,6,title,text,NO
storyteller_media,7,description,text,YES
storyteller_media,8,alt_text,text,YES
storyteller_media,9,file_size,bigint,NO
storyteller_media,10,dimensions,jsonb,YES
storyteller_media,11,duration,integer,YES
storyteller_media,12,created_at,timestamp with time zone,YES
storyteller_media,13,updated_at,timestamp with time zone,YES
storyteller_media,14,cultural_protocol,text,NO
storyteller_media,15,tags,ARRAY,YES
storyteller_media,16,usage_rights,text,NO
storyteller_media,17,associated_stories,ARRAY,YES
storyteller_media,18,metadata,jsonb,YES
storyteller_videos,1,id,uuid,NO
storyteller_videos,2,storyteller_id,uuid,YES
storyteller_videos,3,url,text,NO
storyteller_videos,4,title,text,YES
storyteller_videos,5,description,text,YES
storyteller_videos,6,platform,text,YES
storyteller_videos,7,video_id,text,YES
storyteller_videos,8,thumbnail_url,text,YES
storyteller_videos,9,duration,integer,YES
storyteller_videos,10,created_at,timestamp with time zone,YES
storyteller_videos,11,updated_at,timestamp with time zone,YES
storytellers,1,id,uuid,NO
storytellers,2,full_name,text,NO
storytellers,3,email,text,YES
storytellers,4,profile_image_url,text,YES
storytellers,5,bio,text,YES
storytellers,6,organization_id,uuid,YES
storytellers,7,project_id,uuid,YES
storytellers,8,location_id,uuid,YES
storytellers,9,consent_given,boolean,YES
storytellers,10,consent_date,timestamp with time zone,YES
storytellers,11,privacy_preferences,jsonb,YES
storytellers,12,role,text,YES
storytellers,13,phone_number,text,YES
storytellers,14,cultural_background,text,YES
storytellers,15,preferred_pronouns,text,YES
storytellers,16,user_id,uuid,YES
storytellers,17,airtable_record_id,text,YES
storytellers,18,created_at,timestamp with time zone,YES
storytellers,19,updated_at,timestamp with time zone,YES
storytellers,20,profile_image_file,text,YES
storytellers,21,transcript,text,YES
storytellers,22,media_url,text,YES
storytellers,23,media_type,text,YES
storytellers,24,vision_expressions,ARRAY,YES
storytellers,25,mission_statements,ARRAY,YES
storytellers,26,personal_goals,ARRAY,YES
storytellers,27,aspirations,ARRAY,YES
storytellers,28,skills_discovered,jsonb,YES
storytellers,29,expertise_areas,ARRAY,YES
storytellers,30,knowledge_shared,ARRAY,YES
storytellers,31,capabilities_mentioned,jsonb,YES
storytellers,32,community_roles,ARRAY,YES
storytellers,33,leadership_expressions,ARRAY,YES
storytellers,34,influence_areas,ARRAY,YES
storytellers,35,impact_stories,ARRAY,YES
storytellers,36,achievements_mentioned,ARRAY,YES
storytellers,37,outcomes_described,ARRAY,YES
storytellers,38,transformation_stories,ARRAY,YES
storytellers,39,key_insights,ARRAY,YES
storytellers,40,life_lessons,ARRAY,YES
storytellers,41,advice_given,ARRAY,YES
storytellers,42,philosophical_expressions,ARRAY,YES
storytellers,43,support_offered,jsonb,YES
storytellers,44,resources_available,ARRAY,YES
storytellers,45,networks_accessible,ARRAY,YES
storytellers,46,assistance_types,jsonb,YES
storytellers,47,support_needed,jsonb,YES
storytellers,48,challenges_faced,ARRAY,YES
storytellers,49,learning_interests,ARRAY,YES
storytellers,50,growth_areas,ARRAY,YES
storytellers,51,organizations_mentioned,ARRAY,YES
storytellers,52,affiliations_expressed,ARRAY,YES
storytellers,53,partnerships_described,ARRAY,YES
storytellers,54,institutional_connections,ARRAY,YES
storytellers,55,geographic_connections,ARRAY,YES
storytellers,56,cultural_communities,ARRAY,YES
storytellers,57,language_communities,ARRAY,YES
storytellers,58,generational_connections,ARRAY,YES
storytellers,59,story_visibility_level,text,YES
storytellers,60,quote_sharing_consent,boolean,YES
storytellers,61,impact_story_promotion,boolean,YES
storytellers,62,wisdom_sharing_level,text,YES
storytellers,63,open_to_mentoring,boolean,YES
storytellers,64,available_for_collaboration,boolean,YES
storytellers,65,seeking_organizational_connections,boolean,YES
storytellers,66,interested_in_peer_support,boolean,YES
storytellers,67,narrative_ownership_level,text,YES
storytellers,68,attribution_preferences,jsonb,YES
storytellers,69,story_use_permissions,jsonb,YES
storytellers,70,platform_benefit_sharing,jsonb,YES
storytellers,71,generated_themes,ARRAY,YES
storytellers,72,display_name,text,YES
storytellers,73,username,text,YES
storytellers,74,personal_statement,text,YES
storytellers,75,life_motto,text,YES
storytellers,76,website_url,text,YES
storytellers,77,profile_image_alt_text,text,YES
storytellers,78,date_of_birth,date,YES
storytellers,79,age_range,text,YES
storytellers,80,current_role,text,YES
storytellers,81,current_organization,text,YES
storytellers,82,years_of_experience,integer,YES
storytellers,83,professional_summary,text,YES
storytellers,84,industry_sectors,jsonb,YES
storytellers,85,linkedin_profile_url,text,YES
storytellers,86,resume_url,text,YES
storytellers,87,notion_id,text,YES
storytellers,88,consent_expiry,timestamp with time zone,YES
storytellers,89,contact_email,text,YES
storytellers,90,contact_phone,text,YES
storytellers,91,location,text,YES
storytellers,92,tags,ARRAY,YES
strategic_objectives,1,id,uuid,NO
strategic_objectives,2,title,text,NO
strategic_objectives,3,objective_type,text,NO
strategic_objectives,4,parent_id,uuid,YES
strategic_objectives,5,project_codes,ARRAY,YES
strategic_objectives,6,revenue_target,numeric,YES
strategic_objectives,7,status,text,YES
strategic_objectives,8,progress_pct,integer,YES
strategic_objectives,9,target_quarter,text,YES
strategic_objectives,10,target_date,date,YES
strategic_objectives,11,owner,text,YES
strategic_objectives,12,flywheel_segment,text,YES
strategic_objectives,13,key_results,jsonb,YES
strategic_objectives,14,created_at,timestamp with time zone,YES
strategic_objectives,15,updated_at,timestamp with time zone,YES
studio_projects,1,id,uuid,NO
studio_projects,2,code,text,NO
studio_projects,3,slug,text,NO
studio_projects,4,name,text,NO
studio_projects,5,client_name,text,YES
studio_projects,6,category,text,NO
studio_projects,7,priority,text,YES
studio_projects,8,status,text,YES
studio_projects,9,description,text,YES
studio_projects,10,objectives,ARRAY,YES
studio_projects,11,start_date,date,YES
studio_projects,12,end_date,date,YES
studio_projects,13,budget,numeric,YES
studio_projects,14,financial_data,jsonb,YES
studio_projects,15,notion_pages,ARRAY,YES
studio_projects,16,contacts,ARRAY,YES
studio_projects,17,deliverables,ARRAY,YES
studio_projects,18,outcomes,ARRAY,YES
studio_projects,19,lessons_learned,text,YES
studio_projects,20,tags,ARRAY,YES
studio_projects,21,intelligence,jsonb,YES
studio_projects,22,created_at,timestamp with time zone,NO
studio_projects,23,updated_at,timestamp with time zone,NO
subscription_cost_anomalies,1,id,uuid,YES
subscription_cost_anomalies,2,tenant_id,text,YES
subscription_cost_anomalies,3,vendor,text,YES
subscription_cost_anomalies,4,current_amount,numeric,YES
subscription_cost_anomalies,5,expected_amount,numeric,YES
subscription_cost_anomalies,6,percent_difference,numeric,YES
subscription_cost_anomalies,7,transaction_date,date,YES
subscription_cost_anomalies,8,account_email,text,YES
subscription_cost_anomalies,9,severity,text,YES
subscription_cost_by_account,1,tenant_id,text,YES
subscription_cost_by_account,2,account_email,text,YES
subscription_cost_by_account,3,subscription_count,bigint,YES
subscription_cost_by_account,4,active_count,bigint,YES
subscription_cost_by_account,5,cancelled_count,bigint,YES
subscription_cost_by_account,6,total_annual_cost,numeric,YES
subscription_cost_by_account,7,avg_amount,numeric,YES
subscription_cost_by_account,8,min_amount,numeric,YES
subscription_cost_by_account,9,max_amount,numeric,YES
subscription_cost_by_category,1,tenant_id,text,YES
subscription_cost_by_category,2,category,text,YES
subscription_cost_by_category,3,subscription_count,bigint,YES
subscription_cost_by_category,4,active_count,bigint,YES
subscription_cost_by_category,5,total_annual_cost,numeric,YES
subscription_cost_by_category,6,total_monthly_cost,numeric,YES
subscription_cost_by_category,7,avg_amount,numeric,YES
subscription_discovery_events,1,id,uuid,NO
subscription_discovery_events,2,subscription_id,uuid,YES
subscription_discovery_events,3,event_type,text,NO
subscription_discovery_events,4,source,text,NO
subscription_discovery_events,5,confidence,integer,YES
subscription_discovery_events,6,details,jsonb,YES
subscription_discovery_events,7,previous_amount,numeric,YES
subscription_discovery_events,8,new_amount,numeric,YES
subscription_discovery_events,9,vendor_name,text,YES
subscription_discovery_events,10,vendor_aliases,ARRAY,YES
subscription_discovery_events,11,created_at,timestamp with time zone,YES
subscription_history,1,id,uuid,NO
subscription_history,2,subscription_id,uuid,YES
subscription_history,3,change_type,text,NO
subscription_history,4,previous_cost,numeric,YES
subscription_history,5,new_cost,numeric,YES
subscription_history,6,previous_status,text,YES
subscription_history,7,new_status,text,YES
subscription_history,8,notes,text,YES
subscription_history,9,triggered_by,text,YES
subscription_history,10,created_at,timestamp with time zone,YES
subscription_patterns,1,id,uuid,NO
subscription_patterns,2,vendor_name,text,NO
subscription_patterns,3,vendor_pattern,text,NO
subscription_patterns,4,expected_amount,numeric,YES
subscription_patterns,5,amount_tolerance,numeric,YES
subscription_patterns,6,frequency,text,YES
subscription_patterns,7,receipt_email,text,YES
subscription_patterns,8,project_code,text,YES
subscription_patterns,9,category,text,YES
subscription_patterns,10,no_receipt_needed,boolean,YES
subscription_patterns,11,active,boolean,YES
subscription_patterns,12,last_seen_at,date,YES
subscription_patterns,13,created_at,timestamp with time zone,YES
subscription_payment_calendar,1,id,uuid,YES
subscription_payment_calendar,2,tenant_id,text,YES
subscription_payment_calendar,3,vendor,text,YES
subscription_payment_calendar,4,amount,numeric,YES
subscription_payment_calendar,5,currency,text,YES
subscription_payment_calendar,6,account_email,text,YES
subscription_payment_calendar,7,next_payment_date,date,YES
subscription_payment_calendar,8,days_until_due,integer,YES
subscription_payment_calendar,9,payment_pattern_confidence,numeric,YES
subscription_payment_calendar,10,subscription_frequency,text,YES
subscription_payment_calendar,11,subscription_status,text,YES
subscription_payment_calendar,12,urgency,text,YES
subscription_payment_calendar,13,created_at,timestamp with time zone,YES
subscription_payment_calendar,14,updated_at,timestamp with time zone,YES
subscription_renewal_alerts,1,id,uuid,YES
subscription_renewal_alerts,2,tenant_id,text,YES
subscription_renewal_alerts,3,vendor,text,YES
subscription_renewal_alerts,4,amount,numeric,YES
subscription_renewal_alerts,5,currency,text,YES
subscription_renewal_alerts,6,account_email,text,YES
subscription_renewal_alerts,7,next_payment_date,date,YES
subscription_renewal_alerts,8,days_until_due,integer,YES
subscription_renewal_alerts,9,payment_pattern_confidence,numeric,YES
subscription_renewal_alerts,10,subscription_frequency,text,YES
subscription_renewal_alerts,11,renewal_reminder_sent,boolean,YES
subscription_renewal_alerts,12,last_renewal_reminder_date,date,YES
subscription_renewal_alerts,13,alert_type,text,YES
subscriptions,1,id,uuid,NO
subscriptions,2,vendor_name,text,NO
subscriptions,3,vendor_email,text,YES
subscriptions,4,account_email,text,YES
subscriptions,5,account_status,text,YES
subscriptions,6,billing_cycle,text,YES
subscriptions,7,amount,numeric,YES
subscriptions,8,currency,text,YES
subscriptions,9,next_billing_date,date,YES
subscriptions,10,category,text,YES
subscriptions,11,purpose,text,YES
subscriptions,12,project_codes,ARRAY,YES
subscriptions,13,is_essential,boolean,YES
subscriptions,14,review_status,text,YES
subscriptions,15,receipt_automation,text,YES
subscriptions,16,dext_supplier_rule,boolean,YES
subscriptions,17,xero_bank_rule,boolean,YES
subscriptions,18,notes,text,YES
subscriptions,19,created_at,timestamp with time zone,YES
subscriptions,20,updated_at,timestamp with time zone,YES
subscriptions,21,current_login_email,text,YES
subscriptions,22,login_url,text,YES
subscriptions,23,migration_notes,text,YES
subscriptions,24,migrated_at,timestamp with time zone,YES
subscriptions,25,xero_repeating_invoice_id,text,YES
subscriptions,26,discovery_source,ARRAY,YES
subscriptions,27,discovery_confidence,integer,YES
subscriptions,28,last_discovery_check,timestamp with time zone,YES
subscriptions,29,expected_amount,numeric,YES
subscriptions,30,last_payment_date,date,YES
subscriptions,31,consecutive_missed_payments,integer,YES
subscriptions,32,payment_method,text,YES
subscriptions,33,entity_code,text,YES
supporter_comms_summary,1,domain,text,NO
supporter_comms_summary,2,last_touch_at,timestamp with time zone,YES
supporter_comms_summary,3,last_touch_channel,text,YES
supporter_comms_summary,4,last_touch_direction,text,YES
supporter_comms_summary,5,last_touch_subject,text,YES
supporter_comms_summary,6,last_touch_snippet,text,YES
supporter_comms_summary,7,last_touch_source_id,text,YES
supporter_comms_summary,8,total_30d,integer,YES
supporter_comms_summary,9,total_90d,integer,YES
supporter_comms_summary,10,total_365d,integer,YES
supporter_comms_summary,11,in_30d,integer,YES
supporter_comms_summary,12,out_30d,integer,YES
supporter_comms_summary,13,waiting_for_response_count,integer,YES
supporter_comms_summary,14,channels,ARRAY,YES
supporter_comms_summary,15,first_touch_at,timestamp with time zone,YES
supporter_comms_summary,16,computed_at,timestamp with time zone,YES
supporters_intelligence,1,slug,text,NO
supporters_intelligence,2,name,text,NO
supporters_intelligence,3,xero_contact_name,text,YES
supporters_intelligence,4,tier,text,NO
supporters_intelligence,5,stage,text,YES
supporters_intelligence,6,total_paid_aud,numeric,YES
supporters_intelligence,7,outstanding_aud,numeric,YES
supporters_intelligence,8,invoice_count,integer,YES
supporters_intelligence,9,paid_invoice_count,integer,YES
supporters_intelligence,10,outstanding_invoice_count,integer,YES
supporters_intelligence,11,first_invoice_date,date,YES
supporters_intelligence,12,last_invoice_date,date,YES
supporters_intelligence,13,oldest_open_date,date,YES
supporters_intelligence,14,outstanding_age_days,integer,YES
supporters_intelligence,15,outstanding_alert,text,YES
supporters_intelligence,16,projects,ARRAY,YES
supporters_intelligence,17,primary_contact,text,YES
supporters_intelligence,18,primary_email,text,YES
supporters_intelligence,19,cc_email,text,YES
supporters_intelligence,20,last_communicated_at,date,YES
supporters_intelligence,21,days_since_last_contact,integer,YES
supporters_intelligence,22,themes,ARRAY,YES
supporters_intelligence,23,tone,text,YES
supporters_intelligence,24,framing_notes_excerpt,text,YES
supporters_intelligence,25,next_report_due,date,YES
supporters_intelligence,26,next_report_name,text,YES
supporters_intelligence,27,in_funders_json,boolean,YES
supporters_intelligence,28,notion_page_id,text,YES
supporters_intelligence,29,updated_at,timestamp with time zone,NO
supporters_intelligence,30,open_opp_count,integer,YES
supporters_intelligence,31,open_opp_value_aud,numeric,YES
supporters_intelligence,32,won_opp_count,integer,YES
supporters_intelligence,33,won_opp_value_aud,numeric,YES
supporters_intelligence,34,pipelines,ARRAY,YES
supporters_intelligence,35,latest_stage,text,YES
supporters_intelligence,36,latest_stage_pipeline,text,YES
sync_event_statistics,1,table_name,text,YES
sync_event_statistics,2,sync_target,text,YES
sync_event_statistics,3,sync_status,text,YES
sync_event_statistics,4,event_count,bigint,YES
sync_event_statistics,5,oldest_event,timestamp with time zone,YES
sync_event_statistics,6,newest_event,timestamp with time zone,YES
sync_event_statistics,7,avg_processing_time_seconds,numeric,YES
sync_events,1,id,uuid,NO
sync_events,2,event_type,text,NO
sync_events,3,table_name,text,NO
sync_events,4,record_id,uuid,NO
sync_events,5,operation_data,jsonb,NO
sync_events,6,sync_status,text,YES
sync_events,7,sync_target,text,NO
sync_events,8,retry_count,integer,YES
sync_events,9,max_retries,integer,YES
sync_events,10,error_message,text,YES
sync_events,11,created_at,timestamp with time zone,YES
sync_events,12,processed_at,timestamp with time zone,YES
sync_events,13,priority,integer,YES
sync_events,14,batch_id,uuid,YES
sync_state,1,id,text,NO
sync_state,2,sync_type,text,NO
sync_state,3,last_sync_token,text,YES
sync_state,4,last_sync_at,timestamp with time zone,NO
sync_state,5,next_page_token,text,YES
sync_state,6,error_count,integer,YES
sync_state,7,last_error,text,YES
sync_state,8,state,jsonb,YES
sync_state,9,metadata,jsonb,YES
sync_state,10,created_at,timestamp with time zone,NO
sync_state,11,updated_at,timestamp with time zone,NO
sync_status,1,id,uuid,NO
sync_status,2,integration_name,text,NO
sync_status,3,last_success_at,timestamp with time zone,YES
sync_status,4,last_attempt_at,timestamp with time zone,YES
sync_status,5,status,text,NO
sync_status,6,record_count,integer,YES
sync_status,7,last_error,text,YES
sync_status,8,avg_duration_ms,integer,YES
sync_status,9,created_at,timestamp with time zone,YES
sync_status,10,updated_at,timestamp with time zone,YES
synced_stories,1,id,uuid,NO
synced_stories,2,empathy_ledger_id,uuid,YES
synced_stories,3,title,text,YES
synced_stories,4,summary,text,YES
synced_stories,5,content,text,YES
synced_stories,6,story_image_url,text,YES
synced_stories,7,story_type,text,YES
synced_stories,8,story_category,text,YES
synced_stories,9,themes,ARRAY,YES
synced_stories,10,is_featured,boolean,YES
synced_stories,11,cultural_sensitivity_level,text,YES
synced_stories,12,source,text,YES
synced_stories,13,source_published_at,timestamp with time zone,YES
synced_stories,14,synced_at,timestamp with time zone,YES
synced_stories,15,project_slugs,ARRAY,YES
synced_stories,16,created_at,timestamp with time zone,YES
synced_stories,17,updated_at,timestamp with time zone,YES
synced_stories,18,slug,text,YES
tag_inference_rules,1,id,uuid,NO
tag_inference_rules,2,rule_type,text,NO
tag_inference_rules,3,match_value,text,NO
tag_inference_rules,4,tags,ARRAY,NO
tag_inference_rules,5,priority,integer,YES
tag_inference_rules,6,active,boolean,YES
tag_inference_rules,7,description,text,YES
tag_inference_rules,8,created_at,timestamp with time zone,YES
tagging_sweep_runs,1,id,uuid,NO
tagging_sweep_runs,2,run_at,timestamp with time zone,NO
tagging_sweep_runs,3,summary,jsonb,NO
tagging_sweep_runs,4,coverage,jsonb,NO
tagging_sweep_runs,5,conflicts,jsonb,NO
tagging_sweep_runs,6,fill,jsonb,NO
tagging_sweep_runs,7,created_at,timestamp with time zone,NO
task_queue_dashboard,1,id,uuid,YES
task_queue_dashboard,2,title,text,YES
task_queue_dashboard,3,status,text,YES
task_queue_dashboard,4,priority,integer,YES
task_queue_dashboard,5,assigned_agent,text,YES
task_queue_dashboard,6,agent_name,text,YES
task_queue_dashboard,7,source,text,YES
task_queue_dashboard,8,needs_review,boolean,YES
task_queue_dashboard,9,created_at,timestamp with time zone,YES
task_queue_dashboard,10,started_at,timestamp with time zone,YES
task_queue_dashboard,11,completed_at,timestamp with time zone,YES
task_queue_dashboard,12,duration_ms,integer,YES
task_queue_dashboard,13,working_seconds,integer,YES
team_members,1,id,uuid,NO
team_members,2,name,text,NO
team_members,3,email,text,YES
team_members,4,role,text,YES
team_members,5,employment_type,text,YES
team_members,6,available_hours_per_week,numeric,YES
team_members,7,hourly_rate,numeric,YES
team_members,8,annual_salary,numeric,YES
team_members,9,skills,ARRAY,YES
team_members,10,primary_zone,text,YES
team_members,11,is_active,boolean,YES
team_members,12,status,text,YES
team_members,13,start_date,date,YES
team_members,14,end_date,date,YES
team_members,15,user_identity_id,uuid,YES
team_members,16,ghl_contact_id,text,YES
team_members,17,notes,text,YES
team_members,18,created_at,timestamp with time zone,YES
team_members,19,updated_at,timestamp with time zone,YES
telegram_conversations,1,chat_id,bigint,NO
telegram_conversations,2,messages,jsonb,NO
telegram_conversations,3,updated_at,timestamp with time zone,NO
telegram_mutes,1,source,text,NO
telegram_mutes,2,muted_until,timestamp with time zone,YES
telegram_mutes,3,muted_at,timestamp with time zone,NO
telegram_mutes,4,muted_by,text,YES
telegram_mutes,5,reason,text,YES
ti_usage_log,1,id,bigint,NO
ti_usage_log,2,user_id,uuid,NO
ti_usage_log,3,endpoint,text,NO
ti_usage_log,4,filters,jsonb,YES
ti_usage_log,5,result_count,integer,YES
ti_usage_log,6,created_at,timestamp with time zone,YES
touchpoints,1,id,text,NO
touchpoints,2,source,text,NO
touchpoints,3,source_id,text,YES
touchpoints,4,contact_id,bigint,YES
touchpoints,5,contact_email,text,YES
touchpoints,6,contact_name,text,YES
touchpoints,7,project_id,text,YES
touchpoints,8,project_name,text,YES
touchpoints,9,occurred_at,timestamp with time zone,YES
touchpoints,10,summary,text,YES
touchpoints,11,metadata,jsonb,YES
touchpoints,12,created_at,timestamp with time zone,YES
touchpoints,13,updated_at,timestamp with time zone,YES
tour_reactions,1,id,uuid,NO
tour_reactions,2,project_id,uuid,YES
tour_reactions,3,event_id,uuid,YES
tour_reactions,4,name,text,NO
tour_reactions,5,email,text,YES
tour_reactions,6,role,text,YES
tour_reactions,7,reaction,text,NO
tour_reactions,8,rating,integer,YES
tour_reactions,9,would_recommend,boolean,YES
tour_reactions,10,comment,text,YES
tour_reactions,11,is_public,boolean,YES
tour_reactions,12,created_at,timestamp with time zone,NO
tour_stops,1,id,uuid,NO
tour_stops,2,campaign_slug,text,NO
tour_stops,3,city,text,NO
tour_stops,4,state,text,NO
tour_stops,5,venue,text,YES
tour_stops,6,partner,text,YES
tour_stops,7,description,text,YES
tour_stops,8,event_slug,text,YES
tour_stops,9,date,date,YES
tour_stops,10,status,text,YES
tour_stops,11,lat,numeric,YES
tour_stops,12,lng,numeric,YES
tour_stops,13,partner_quote,text,YES
tour_stops,14,local_stats,jsonb,YES
tour_stops,15,created_at,timestamp with time zone,YES
tour_stops,16,updated_at,timestamp with time zone,YES
tour_stops,17,stakeholders,jsonb,YES
tour_stops,18,hero_image_url,text,YES
tour_stops,19,video_url,text,YES
tour_stops,20,interview_notes,text,YES
tour_stops,21,services_highlighted,jsonb,YES
tour_stops,22,access_code,text,YES
tour_stories,1,id,uuid,NO
tour_stories,2,project_id,uuid,YES
tour_stories,3,name,text,NO
tour_stories,4,email,text,YES
tour_stories,5,tour_stop,text,NO
tour_stories,6,story,text,NO
tour_stories,7,status,text,NO
tour_stories,8,is_public,boolean,NO
tour_stories,9,reviewed_at,timestamp with time zone,YES
tour_stories,10,created_at,timestamp with time zone,NO
tracker_evidence_events,1,id,uuid,NO
tracker_evidence_events,2,domain,text,NO
tracker_evidence_events,3,jurisdiction,text,NO
tracker_evidence_events,4,tracker_key,text,NO
tracker_evidence_events,5,stage,text,NO
tracker_evidence_events,6,event_date,date,NO
tracker_evidence_events,7,title,text,NO
tracker_evidence_events,8,summary,text,YES
tracker_evidence_events,9,source_kind,text,NO
tracker_evidence_events,10,source_name,text,YES
tracker_evidence_events,11,source_url,text,YES
tracker_evidence_events,12,provider_name,text,YES
tracker_evidence_events,13,site_names,ARRAY,NO
tracker_evidence_events,14,evidence_strength,text,NO
tracker_evidence_events,15,mirror_status,text,NO
tracker_evidence_events,16,metadata,jsonb,NO
tracker_evidence_events,17,created_at,timestamp with time zone,NO
tracker_evidence_events,18,updated_at,timestamp with time zone,NO
tracker_site_snapshots,1,id,uuid,NO
tracker_site_snapshots,2,run_id,uuid,YES
tracker_site_snapshots,3,domain,text,NO
tracker_site_snapshots,4,jurisdiction,text,NO
tracker_site_snapshots,5,site_name,text,NO
tracker_site_snapshots,6,tracker_count,integer,NO
tracker_site_snapshots,7,mirrored_count,integer,NO
tracker_site_snapshots,8,gap_count,integer,NO
tracker_site_snapshots,9,hot_score,integer,NO
tracker_site_snapshots,10,latest_event_date,date,YES
tracker_site_snapshots,11,has_previous_snapshot,boolean,NO
tracker_site_snapshots,12,hot_delta,integer,NO
tracker_site_snapshots,13,tracker_delta,integer,NO
tracker_site_snapshots,14,mirrored_delta,integer,NO
tracker_site_snapshots,15,gap_delta,integer,NO
tracker_site_snapshots,16,created_at,timestamp with time zone,NO
transcript_analysis,1,id,uuid,NO
transcript_analysis,3,transcript_id,uuid,YES
transcript_analysis,4,analysis_type,text,NO
transcript_analysis,5,ai_model_used,text,NO
transcript_analysis,6,analysis_version,text,YES
transcript_analysis,7,results,jsonb,NO
transcript_analysis,8,confidence_score,numeric,YES
transcript_analysis,9,quality_score,numeric,YES
transcript_analysis,10,themes_identified,ARRAY,YES
transcript_analysis,11,primary_emotions,ARRAY,YES
transcript_analysis,12,key_topics,ARRAY,YES
transcript_analysis,13,key_quotes,ARRAY,YES
transcript_analysis,14,summary,text,YES
transcript_analysis,15,insights,ARRAY,YES
transcript_analysis,16,cultural_elements,jsonb,YES
transcript_analysis,17,sensitivity_flags,ARRAY,YES
transcript_analysis,18,cultural_review_required,boolean,YES
transcript_analysis,19,processing_status,text,YES
transcript_analysis,20,processing_time_seconds,integer,YES
transcript_analysis,21,processing_notes,text,YES
transcript_analysis,22,human_reviewed,boolean,YES
transcript_analysis,23,reviewed_by,uuid,YES
transcript_analysis,24,reviewed_at,timestamp with time zone,YES
transcript_analysis,25,review_notes,text,YES
transcript_analysis,26,approved_for_use,boolean,YES
transcript_analysis,27,created_at,timestamp with time zone,YES
transcript_analysis,28,updated_at,timestamp with time zone,YES
transcript_analysis,29,storyteller_id,uuid,YES
transcripts,1,id,uuid,NO
transcripts,2,storyteller_id,uuid,NO
transcripts,3,transcript_content,text,NO
transcripts,4,transcript_type,text,YES
transcripts,5,collection_date,timestamp with time zone,YES
transcripts,6,collection_method,text,YES
transcripts,7,duration_minutes,integer,YES
transcripts,8,language,text,YES
transcripts,9,interviewer_name,text,YES
transcripts,10,location,text,YES
transcripts,11,word_count,integer,YES
transcripts,12,character_count,integer,YES
transcripts,13,storyteller_approved_content,boolean,YES
transcripts,14,consent_for_ai_analysis,boolean,YES
transcripts,15,consent_for_quote_extraction,boolean,YES
transcripts,16,consent_for_theme_analysis,boolean,YES
transcripts,17,consent_for_story_creation,boolean,YES
transcripts,18,consent_date,timestamp with time zone,YES
transcripts,19,consent_notes,text,YES
transcripts,20,privacy_level,text,YES
transcripts,21,access_restrictions,ARRAY,YES
transcripts,22,ready_for_analysis,boolean,YES
transcripts,23,analysis_requested_date,timestamp with time zone,YES
transcripts,24,analysis_completed_date,timestamp with time zone,YES
transcripts,25,analysis_quality_score,numeric,YES
transcripts,26,content_warnings,ARRAY,YES
transcripts,27,requires_cultural_review,boolean,YES
transcripts,28,cultural_considerations,text,YES
transcripts,29,safety_review_status,text,YES
transcripts,30,safety_notes,text,YES
transcripts,31,trauma_informed_considerations,text,YES
transcripts,32,processing_status,text,YES
transcripts,33,last_processed_date,timestamp with time zone,YES
transcripts,34,processing_notes,text,YES
transcripts,35,stories_created_count,integer,YES
transcripts,36,last_story_creation_date,timestamp with time zone,YES
transcripts,37,original_file_format,text,YES
transcripts,38,original_file_size_mb,numeric,YES
transcripts,39,transcription_method,text,YES
transcripts,40,transcription_confidence_score,numeric,YES
transcripts,41,created_at,timestamp with time zone,YES
transcripts,42,updated_at,timestamp with time zone,YES
unreconciled_financial_documents,1,id,uuid,YES
unreconciled_financial_documents,2,document_type,text,YES
unreconciled_financial_documents,3,vendor,text,YES
unreconciled_financial_documents,4,amount,numeric,YES
unreconciled_financial_documents,5,transaction_date,date,YES
unreconciled_financial_documents,6,account_email,text,YES
unreconciled_financial_documents,7,confidence,numeric,YES
unreconciled_financial_documents,8,priority,text,YES
unused_subscriptions,1,id,uuid,YES
unused_subscriptions,2,tenant_id,text,YES
unused_subscriptions,3,vendor,text,YES
unused_subscriptions,4,amount,numeric,YES
unused_subscriptions,5,currency,text,YES
unused_subscriptions,6,account_email,text,YES
unused_subscriptions,7,subscription_frequency,text,YES
unused_subscriptions,8,usage_last_checked_date,date,YES
unused_subscriptions,9,usage_status,text,YES
unused_subscriptions,10,last_xero_transaction_date,date,YES
unused_subscriptions,11,days_since_last_activity,integer,YES
user_gamification_stats,1,id,uuid,NO
user_gamification_stats,2,user_id,text,YES
user_gamification_stats,3,total_points,integer,YES
user_gamification_stats,4,points_this_week,integer,YES
user_gamification_stats,5,points_this_month,integer,YES
user_gamification_stats,6,current_streak,integer,YES
user_gamification_stats,7,best_streak,integer,YES
user_gamification_stats,8,last_perfect_week,date,YES
user_gamification_stats,9,receipts_resolved,integer,YES
user_gamification_stats,10,quick_resolves,integer,YES
user_gamification_stats,11,no_receipt_marked,integer,YES
user_gamification_stats,12,achievements,jsonb,YES
user_gamification_stats,13,created_at,timestamp with time zone,YES
user_gamification_stats,14,updated_at,timestamp with time zone,YES
user_grant_tracking,1,id,bigint,NO
user_grant_tracking,2,user_id,uuid,NO
user_grant_tracking,3,grant_id,uuid,NO
user_grant_tracking,4,stage,text,YES
user_grant_tracking,5,notes,text,YES
user_grant_tracking,6,amount_requested,numeric,YES
user_grant_tracking,7,amount_awarded,numeric,YES
user_grant_tracking,8,submitted_at,date,YES
user_grant_tracking,9,outcome_at,date,YES
user_grant_tracking,10,assignee,text,YES
user_grant_tracking,11,priority,text,YES
user_grant_tracking,12,created_at,timestamp with time zone,YES
user_grant_tracking,13,updated_at,timestamp with time zone,YES
user_grant_tracking,14,match_score,integer,YES
user_grant_tracking,15,match_signals,ARRAY,YES
user_grant_tracking,16,added_by,text,YES
user_identities,1,id,uuid,NO
user_identities,2,canonical_name,text,NO
user_identities,3,display_name,text,YES
user_identities,4,discord_id,text,YES
user_identities,5,discord_username,text,YES
user_identities,6,signal_number,text,YES
user_identities,7,whatsapp_number,text,YES
user_identities,8,telegram_id,text,YES
user_identities,9,telegram_username,text,YES
user_identities,10,email,text,YES
user_identities,11,ghl_contact_id,text,YES
user_identities,12,preferred_channel,text,YES
user_identities,13,notification_preferences,jsonb,YES
user_identities,14,timezone,text,YES
user_identities,15,created_at,timestamp with time zone,YES
user_identities,16,updated_at,timestamp with time zone,YES
user_profiles,1,id,uuid,NO
user_profiles,2,user_id,uuid,NO
user_profiles,3,email,text,YES
user_profiles,4,display_name,text,YES
user_profiles,5,avatar_url,text,YES
user_profiles,6,bio,text,YES
user_profiles,7,location,jsonb,YES
user_profiles,8,interests,jsonb,YES
user_profiles,9,expertise_areas,jsonb,YES
user_profiles,10,collaboration_preferences,jsonb,YES
user_profiles,11,dashboard_layout,jsonb,YES
user_profiles,12,content_preferences,jsonb,YES
user_profiles,13,notification_preferences,jsonb,YES
user_profiles,14,privacy_settings,jsonb,YES
user_profiles,15,preferred_languages,jsonb,YES
user_profiles,16,accessibility_needs,jsonb,YES
user_profiles,17,cultural_protocols,jsonb,YES
user_profiles,18,onboarding_completed,boolean,YES
user_profiles,19,last_active_at,timestamp with time zone,YES
user_profiles,20,account_status,text,YES
user_profiles,21,created_at,timestamp with time zone,YES
user_profiles,22,updated_at,timestamp with time zone,YES
users,1,id,uuid,NO
users,2,email,text,NO
users,3,username,text,NO
users,4,name,text,NO
users,5,user_role,text,NO
users,6,permissions,ARRAY,YES
users,7,password_hash,text,NO
users,8,last_login,timestamp with time zone,YES
users,9,created_at,timestamp with time zone,YES
users,10,updated_at,timestamp with time zone,YES
users,11,is_active,boolean,YES
v_acco_yj_retention_qld,1,prior_year,text,YES
v_acco_yj_retention_qld,2,next_year,text,YES
v_acco_yj_retention_qld,3,prior_year_accos,bigint,YES
v_acco_yj_retention_qld,4,retained_accos,bigint,YES
v_acco_yj_retention_qld,5,retention_pct,numeric,YES
v_acnc_grant_makers,1,abn,text,YES
v_acnc_grant_makers,2,charity_name,text,YES
v_acnc_grant_makers,3,ais_year,integer,YES
v_acnc_grant_makers,4,charity_size,text,YES
v_acnc_grant_makers,5,total_revenue,numeric,YES
v_acnc_grant_makers,6,grants_donations_au,numeric,YES
v_acnc_grant_makers,7,grants_donations_intl,numeric,YES
v_acnc_grant_makers,8,total_grants,numeric,YES
v_acnc_grant_makers,9,giving_ratio_pct,numeric,YES
v_acnc_grant_makers,10,total_assets,numeric,YES
v_acnc_grant_makers,11,net_assets_liabilities,numeric,YES
v_acnc_grant_makers,12,staff_fte,numeric,YES
v_acnc_grant_makers,13,staff_volunteers,integer,YES
v_acnc_grant_makers,14,charity_website,text,YES
v_acnc_latest,1,id,uuid,YES
v_acnc_latest,2,abn,text,YES
v_acnc_latest,3,charity_name,text,YES
v_acnc_latest,4,ais_year,integer,YES
v_acnc_latest,5,registration_status,text,YES
v_acnc_latest,6,charity_website,text,YES
v_acnc_latest,7,charity_size,text,YES
v_acnc_latest,8,basic_religious_charity,boolean,YES
v_acnc_latest,9,ais_due_date,date,YES
v_acnc_latest,10,date_ais_received,date,YES
v_acnc_latest,11,financial_report_date_received,date,YES
v_acnc_latest,12,conducted_activities,boolean,YES
v_acnc_latest,13,why_not_conducted,text,YES
v_acnc_latest,14,how_purposes_pursued,text,YES
v_acnc_latest,15,international_activities_details,text,YES
v_acnc_latest,16,staff_full_time,integer,YES
v_acnc_latest,17,staff_part_time,integer,YES
v_acnc_latest,18,staff_casual,integer,YES
v_acnc_latest,19,staff_fte,numeric,YES
v_acnc_latest,20,staff_volunteers,integer,YES
v_acnc_latest,21,cash_or_accrual,text,YES
v_acnc_latest,22,financial_statement_type,text,YES
v_acnc_latest,23,report_consolidated,boolean,YES
v_acnc_latest,24,report_has_modification,boolean,YES
v_acnc_latest,25,modification_type,text,YES
v_acnc_latest,26,has_related_party_transactions,boolean,YES
v_acnc_latest,27,fin_report_from,date,YES
v_acnc_latest,28,fin_report_to,date,YES
v_acnc_latest,29,revenue_from_government,numeric,YES
v_acnc_latest,30,donations_and_bequests,numeric,YES
v_acnc_latest,31,revenue_from_goods_services,numeric,YES
v_acnc_latest,32,revenue_from_investments,numeric,YES
v_acnc_latest,33,all_other_revenue,numeric,YES
v_acnc_latest,34,total_revenue,numeric,YES
v_acnc_latest,35,other_income,numeric,YES
v_acnc_latest,36,total_gross_income,numeric,YES
v_acnc_latest,37,employee_expenses,numeric,YES
v_acnc_latest,38,interest_expenses,numeric,YES
v_acnc_latest,39,grants_donations_au,numeric,YES
v_acnc_latest,40,grants_donations_intl,numeric,YES
v_acnc_latest,41,all_other_expenses,numeric,YES
v_acnc_latest,42,total_expenses,numeric,YES
v_acnc_latest,43,net_surplus_deficit,numeric,YES
v_acnc_latest,44,other_comprehensive_income,numeric,YES
v_acnc_latest,45,total_comprehensive_income,numeric,YES
v_acnc_latest,46,total_current_assets,numeric,YES
v_acnc_latest,47,non_current_loans_receivable,numeric,YES
v_acnc_latest,48,other_non_current_assets,numeric,YES
v_acnc_latest,49,total_non_current_assets,numeric,YES
v_acnc_latest,50,total_assets,numeric,YES
v_acnc_latest,51,total_current_liabilities,numeric,YES
v_acnc_latest,52,non_current_loans_payable,numeric,YES
v_acnc_latest,53,other_non_current_liabilities,numeric,YES
v_acnc_latest,54,total_non_current_liabilities,numeric,YES
v_acnc_latest,55,total_liabilities,numeric,YES
v_acnc_latest,56,net_assets_liabilities,numeric,YES
v_acnc_latest,57,has_key_management_personnel,boolean,YES
v_acnc_latest,58,num_key_management_personnel,integer,YES
v_acnc_latest,59,total_paid_key_management,numeric,YES
v_acnc_latest,60,incorporated_association,boolean,YES
v_acnc_latest,61,association_numbers,jsonb,YES
v_acnc_latest,62,fundraising_states,jsonb,YES
v_acnc_latest,63,fundraising_numbers,jsonb,YES
v_acnc_latest,64,imported_at,timestamp with time zone,YES
v_acnc_latest,65,data_source,text,YES
v_acnc_latest,66,resource_id,text,YES
v_act_expense_by_payee,1,payee_name,text,YES
v_act_expense_by_payee,2,payee_category,text,YES
v_act_expense_by_payee,3,paid_invoice_count,bigint,YES
v_act_expense_by_payee,4,auth_invoice_count,bigint,YES
v_act_expense_by_payee,5,draft_invoice_count,bigint,YES
v_act_expense_by_payee,6,paid_total,numeric,YES
v_act_expense_by_payee,7,auth_total,numeric,YES
v_act_expense_by_payee,8,draft_total,numeric,YES
v_act_expense_by_payee,9,first_paid_date,date,YES
v_act_expense_by_payee,10,last_paid_date,date,YES
v_act_expense_by_payee,11,project_codes,ARRAY,YES
v_act_expense_by_payee,12,longest_outstanding_days,integer,YES
v_act_expense_by_project,1,project_code,text,YES
v_act_expense_by_project,2,paid_invoice_count,bigint,YES
v_act_expense_by_project,3,paid_total,numeric,YES
v_act_expense_by_project,4,auth_total,numeric,YES
v_act_expense_by_project,5,draft_total,numeric,YES
v_act_expense_by_project,6,distinct_payees,bigint,YES
v_act_expense_by_project,7,first_paid_date,date,YES
v_act_expense_by_project,8,last_paid_date,date,YES
v_act_expense_history,1,invoice_id,uuid,YES
v_act_expense_history,2,invoice_number,text,YES
v_act_expense_history,3,payee_name,text,YES
v_act_expense_history,4,project_code,text,YES
v_act_expense_history,5,invoice_date,date,YES
v_act_expense_history,6,due_date,date,YES
v_act_expense_history,7,status,text,YES
v_act_expense_history,8,total,numeric,YES
v_act_expense_history,9,amount_paid,numeric,YES
v_act_expense_history,10,amount_due,numeric,YES
v_act_expense_history,11,reference,text,YES
v_act_expense_history,12,days_outstanding,integer,YES
v_act_expense_history,13,payee_category,text,YES
v_act_financial_pulse,1,cash_total,numeric,YES
v_act_financial_pulse,2,account_count,bigint,YES
v_act_financial_pulse,3,last_balance_sync,timestamp with time zone,YES
v_act_financial_pulse,4,burn_30d,numeric,YES
v_act_financial_pulse,5,burn_90d,numeric,YES
v_act_financial_pulse,6,monthly_burn_avg,numeric,YES
v_act_financial_pulse,7,income_30d,numeric,YES
v_act_financial_pulse,8,income_90d,numeric,YES
v_act_financial_pulse,9,monthly_income_avg,numeric,YES
v_act_financial_pulse,10,net_30d,numeric,YES
v_act_financial_pulse,11,monthly_net_avg,numeric,YES
v_act_financial_pulse,12,runway_months,numeric,YES
v_act_financial_pulse,13,ar_total,numeric,YES
v_act_financial_pulse,14,ar_count,bigint,YES
v_act_financial_pulse,15,ar_overdue_60d,numeric,YES
v_act_financial_pulse,16,ar_overdue_60d_count,bigint,YES
v_act_financial_pulse,17,ap_total,numeric,YES
v_act_financial_pulse,18,ap_count,bigint,YES
v_act_financial_pulse,19,ap_overdue_60d,numeric,YES
v_act_financial_pulse,20,ap_overdue_60d_count,bigint,YES
v_act_financial_pulse,21,working_capital,numeric,YES
v_act_financial_pulse,22,computed_at,timestamp with time zone,YES
v_act_income_by_funder,1,funder_name,text,YES
v_act_income_by_funder,2,funder_category,text,YES
v_act_income_by_funder,3,relationship_score,integer,YES
v_act_income_by_funder,4,paid_invoice_count,bigint,YES
v_act_income_by_funder,5,auth_invoice_count,bigint,YES
v_act_income_by_funder,6,draft_invoice_count,bigint,YES
v_act_income_by_funder,7,paid_total,numeric,YES
v_act_income_by_funder,8,auth_total,numeric,YES
v_act_income_by_funder,9,draft_total,numeric,YES
v_act_income_by_funder,10,first_paid_date,date,YES
v_act_income_by_funder,11,last_paid_date,date,YES
v_act_income_by_funder,12,project_codes,ARRAY,YES
v_act_income_by_funder,13,longest_outstanding_days,integer,YES
v_act_income_by_project,1,project_code,text,YES
v_act_income_by_project,2,paid_invoice_count,bigint,YES
v_act_income_by_project,3,paid_total,numeric,YES
v_act_income_by_project,4,auth_total,numeric,YES
v_act_income_by_project,5,draft_total,numeric,YES
v_act_income_by_project,6,distinct_funders,bigint,YES
v_act_income_by_project,7,first_paid_date,date,YES
v_act_income_by_project,8,last_paid_date,date,YES
v_act_income_history,1,invoice_id,uuid,YES
v_act_income_history,2,invoice_number,text,YES
v_act_income_history,3,funder_name,text,YES
v_act_income_history,4,project_code,text,YES
v_act_income_history,5,invoice_date,date,YES
v_act_income_history,6,due_date,date,YES
v_act_income_history,7,status,text,YES
v_act_income_history,8,total,numeric,YES
v_act_income_history,9,amount_paid,numeric,YES
v_act_income_history,10,amount_due,numeric,YES
v_act_income_history,11,currency_code,text,YES
v_act_income_history,12,reference,text,YES
v_act_income_history,13,days_outstanding,integer,YES
v_act_income_history,14,funder_category,text,YES
v_act_income_history,15,relationship_score,integer,YES
v_act_income_history,16,foundation_id,uuid,YES
v_act_income_history,17,funder_abn,text,YES
v_act_income_history,18,contacts_count,integer,YES
v_act_income_history,19,most_recent_contact_at,timestamp with time zone,YES
v_act_organisations,1,bridge_id,uuid,YES
v_act_organisations,2,canonical_entity_id,uuid,YES
v_act_organisations,3,person_name,text,YES
v_act_organisations,4,person_email,text,YES
v_act_organisations,5,act_company_text,text,YES
v_act_organisations,6,engagement_status,text,YES
v_act_organisations,7,primary_project_codes,ARRAY,YES
v_act_organisations,8,act_tags,ARRAY,YES
v_act_organisations,9,gs_entity_uuid,uuid,YES
v_act_organisations,10,gs_id,text,YES
v_act_organisations,11,gs_canonical_name,text,YES
v_act_organisations,12,abn,text,YES
v_act_organisations,13,entity_type,text,YES
v_act_organisations,14,sector,text,YES
v_act_organisations,15,state,text,YES
v_act_organisations,16,postcode,text,YES
v_act_organisations,17,lga_name,text,YES
v_act_organisations,18,remoteness,text,YES
v_act_organisations,19,seifa_irsd_decile,smallint,YES
v_act_organisations,20,is_community_controlled,boolean,YES
v_act_organisations,21,match_method,text,YES
v_act_organisations,22,confidence,numeric,YES
v_act_organisations,23,bridged_at,timestamp with time zone,YES
v_act_organisations,24,reviewed_at,timestamp with time zone,YES
v_act_organisations,25,is_active,boolean,YES
v_act_payables_triage,1,invoice_id,uuid,YES
v_act_payables_triage,2,invoice_number,text,YES
v_act_payables_triage,3,payee_name,text,YES
v_act_payables_triage,4,project_code,text,YES
v_act_payables_triage,5,invoice_date,date,YES
v_act_payables_triage,6,due_date,date,YES
v_act_payables_triage,7,total,numeric,YES
v_act_payables_triage,8,amount_due,numeric,YES
v_act_payables_triage,9,days_old,integer,YES
v_act_payables_triage,10,age_bucket,text,YES
v_act_payables_triage,11,payee_category,text,YES
v_act_payables_triage,12,reference,text,YES
v_act_people,1,person_name,text,YES
v_act_people,2,person_category,text,YES
v_act_people,3,sources,text,YES
v_act_people,4,paid_total,numeric,YES
v_act_people,5,paid_invoice_count,bigint,YES
v_act_people,6,last_paid_date,date,YES
v_act_people,7,xero_project_codes,ARRAY,YES
v_act_people,8,email,text,YES
v_act_people,9,company_name,text,YES
v_act_people,10,tags,ARRAY,YES
v_act_people,11,last_contact_date,timestamp with time zone,YES
v_act_people,12,first_contact_date,timestamp with time zone,YES
v_act_people,13,engagement_status,text,YES
v_act_people,14,is_storyteller,boolean,YES
v_act_people,15,is_elder,boolean,YES
v_act_people,16,gs_id,text,YES
v_act_pipeline_unified,1,pipeline_id,uuid,YES
v_act_pipeline_unified,2,project_code,text,YES
v_act_pipeline_unified,3,opportunity_name,text,YES
v_act_pipeline_unified,4,funder,text,YES
v_act_pipeline_unified,5,amount_display,text,YES
v_act_pipeline_unified,6,amount_numeric,numeric,YES
v_act_pipeline_unified,7,deadline,text,YES
v_act_pipeline_unified,8,pipeline_status,text,YES
v_act_pipeline_unified,9,opportunity_type,text,YES
v_act_pipeline_unified,10,qbe_stage,text,YES
v_act_pipeline_unified,11,qbe_outcome,text,YES
v_act_pipeline_unified,12,qbe_bid_amount,numeric,YES
v_act_pipeline_unified,13,pathway,text,YES
v_act_pipeline_unified,14,recommended_role,text,YES
v_act_pipeline_unified,15,fit_score,integer,YES
v_act_pipeline_unified,16,is_strong_fit,boolean,YES
v_act_pipeline_unified,17,recommendation_flags,ARRAY,YES
v_act_pipeline_unified,18,last_decision,text,YES
v_act_pipeline_unified,19,decided_at,timestamp with time zone,YES
v_act_pipeline_unified,20,decision_notes,text,YES
v_act_pipeline_unified,21,project_label,text,YES
v_act_pipeline_unified,22,project_layer,text,YES
v_act_pipeline_unified,23,project_readiness,text,YES
v_act_pipeline_unified,24,project_dgr_required,boolean,YES
v_act_pipeline_unified,25,project_entity_preference,text,YES
v_act_pipeline_unified,26,created_at,timestamp with time zone,YES
v_act_pipeline_unified,27,updated_at,timestamp with time zone,YES
v_act_procurement_buyers,1,buyer_name,text,YES
v_act_procurement_buyers,2,contract_count,bigint,YES
v_act_procurement_buyers,3,total_relevant_spend,numeric,YES
v_act_procurement_buyers,4,avg_contract_value,numeric,YES
v_act_procurement_buyers,5,max_contract_value,numeric,YES
v_act_procurement_buyers,6,min_contract_value,numeric,YES
v_act_procurement_buyers,7,most_recent_contract,timestamp with time zone,YES
v_act_procurement_buyers,8,contracts_last_year,bigint,YES
v_act_procurement_buyers,9,contracts_last_6mo,bigint,YES
v_act_procurement_buyers,10,avg_topic_score,numeric,YES
v_act_procurement_buyers,11,top_categories,text,YES
v_act_procurement_buyers,12,recent_contract_titles,ARRAY,YES
v_activity_stream,1,activity_type,text,YES
v_activity_stream,2,source_id,text,YES
v_activity_stream,3,project_code,text,YES
v_activity_stream,4,activity_date,timestamp with time zone,YES
v_activity_stream,5,title,text,YES
v_activity_stream,6,description,text,YES
v_activity_stream,7,amount,numeric,YES
v_agent_activity_summary,1,agent_id,text,YES
v_agent_activity_summary,2,action,text,YES
v_agent_activity_summary,3,action_count,bigint,YES
v_agent_activity_summary,4,success_count,bigint,YES
v_agent_activity_summary,5,error_count,bigint,YES
v_agent_activity_summary,6,avg_duration_ms,integer,YES
v_agent_activity_summary,7,last_run,timestamp with time zone,YES
v_agent_runtime_sweeps,1,agent_id,text,YES
v_agent_runtime_sweeps,2,agent_name,text,YES
v_agent_runtime_sweeps,3,full_sweep_cursor,integer,YES
v_agent_runtime_sweeps,4,full_sweep_candidate_count,integer,YES
v_agent_runtime_sweeps,5,full_sweep_progress_pct,numeric,YES
v_agent_runtime_sweeps,6,full_sweep_advanced_by,integer,YES
v_agent_runtime_sweeps,7,full_sweep_last_programs_found,integer,YES
v_agent_runtime_sweeps,8,full_sweep_last_inserted,integer,YES
v_agent_runtime_sweeps,9,full_sweep_last_updated,integer,YES
v_agent_runtime_sweeps,10,full_sweep_last_skipped,integer,YES
v_agent_runtime_sweeps,11,full_sweep_last_errors,integer,YES
v_agent_runtime_sweeps,12,full_sweep_last_batch_foundation_ids,jsonb,YES
v_agent_runtime_sweeps,13,full_sweep_last_batch_foundation_names,jsonb,YES
v_agent_runtime_sweeps,14,full_sweep_last_run_at,timestamp with time zone,YES
v_agent_runtime_sweeps,15,interval_hours,numeric,YES
v_agent_runtime_sweeps,16,enabled,boolean,YES
v_agent_runtime_sweeps,17,auto_create_task,boolean,YES
v_agent_runtime_sweeps,18,schedule_last_run_at,timestamp with time zone,YES
v_agent_runtime_sweeps,19,recent_run_status,text,YES
v_agent_runtime_sweeps,20,recent_run_completed_at,timestamp with time zone,YES
v_agent_runtime_sweeps,21,updated_at,timestamp with time zone,YES
v_agentic_funding_queue,1,opportunity_id,uuid,YES
v_agentic_funding_queue,2,opportunity_name,text,YES
v_agentic_funding_queue,3,funder_name,text,YES
v_agentic_funding_queue,4,source_type,text,YES
v_agentic_funding_queue,5,deadline,timestamp with time zone,YES
v_agentic_funding_queue,6,status,text,YES
v_agentic_funding_queue,7,relevance_score,numeric,YES
v_agentic_funding_queue,8,strong_match_count,bigint,YES
v_agentic_funding_queue,9,best_match_score,numeric,YES
v_agentic_funding_queue,10,linked_award_count,bigint,YES
v_alma_current_impact,1,metric_type,text,YES
v_alma_current_impact,2,total_value,bigint,YES
v_alma_current_impact,3,total_delta,bigint,YES
v_alma_current_impact,4,latest_period,date,YES
v_announced_money_by_kind,1,financial_year,text,YES
v_announced_money_by_kind,2,kind,text,YES
v_announced_money_by_kind,3,announcements,bigint,YES
v_announced_money_by_kind,4,distinct_names,bigint,YES
v_announced_money_by_kind,5,states,bigint,YES
v_announced_money_by_kind,6,annual_dollars,numeric,YES
v_awaiting_response,1,id,uuid,YES
v_awaiting_response,2,ghl_contact_id,text,YES
v_awaiting_response,3,channel,text,YES
v_awaiting_response,4,direction,text,YES
v_awaiting_response,5,from_identity,uuid,YES
v_awaiting_response,6,to_identities,ARRAY,YES
v_awaiting_response,7,subject,text,YES
v_awaiting_response,8,content_preview,text,YES
v_awaiting_response,9,full_content_ref,text,YES
v_awaiting_response,10,summary,text,YES
v_awaiting_response,11,sentiment,text,YES
v_awaiting_response,12,topics,ARRAY,YES
v_awaiting_response,13,action_items,jsonb,YES
v_awaiting_response,14,key_decisions,ARRAY,YES
v_awaiting_response,15,waiting_for_response,boolean,YES
v_awaiting_response,16,response_needed_by,text,YES
v_awaiting_response,17,follow_up_date,date,YES
v_awaiting_response,18,source_system,text,YES
v_awaiting_response,19,source_id,text,YES
v_awaiting_response,20,source_thread_id,text,YES
v_awaiting_response,21,parent_id,uuid,YES
v_awaiting_response,22,occurred_at,timestamp with time zone,YES
v_awaiting_response,23,synced_at,timestamp with time zone,YES
v_awaiting_response,24,enriched_at,timestamp with time zone,YES
v_awaiting_response,25,created_at,timestamp with time zone,YES
v_awaiting_response,26,updated_at,timestamp with time zone,YES
v_awaiting_response,27,contact_name,text,YES
v_awaiting_response,28,contact_email,text,YES
v_awaiting_response,29,days_waiting,numeric,YES
v_award_rows,1,sector_theme,text,YES
v_award_rows,2,sector,text,YES
v_award_rows,3,topics,ARRAY,YES
v_award_rows,4,recipient_name,text,YES
v_award_rows,5,recipient_abn,text,YES
v_award_rows,6,gs_entity_id,uuid,YES
v_award_rows,7,entity_type,text,YES
v_award_rows,8,is_community_controlled,boolean,YES
v_award_rows,9,amount_dollars,numeric,YES
v_award_rows,10,award_year,integer,YES
v_award_rows,11,is_peer,boolean,YES
v_bgfit_budget_vs_actual,1,id,uuid,YES
v_bgfit_budget_vs_actual,2,grant_id,uuid,YES
v_bgfit_budget_vs_actual,3,grant_name,text,YES
v_bgfit_budget_vs_actual,4,category,text,YES
v_bgfit_budget_vs_actual,5,item_name,text,YES
v_bgfit_budget_vs_actual,6,budgeted_amount,numeric,YES
v_bgfit_budget_vs_actual,7,actual_amount,numeric,YES
v_bgfit_budget_vs_actual,8,variance,numeric,YES
v_bgfit_budget_vs_actual,9,calculated_status,text,YES
v_bgfit_budget_vs_actual,10,status,text,YES
v_bgfit_budget_vs_actual,11,has_issue,boolean,YES
v_bgfit_budget_vs_actual,12,issue_severity,text,YES
v_bgfit_budget_vs_actual,13,issue_description,text,YES
v_bgfit_budget_vs_actual,14,supplier_name,text,YES
v_bgfit_budget_vs_actual,15,receipt_details,text,YES
v_bgfit_grant_health,1,id,uuid,YES
v_bgfit_grant_health,2,organization_id,uuid,YES
v_bgfit_grant_health,3,grant_name,text,YES
v_bgfit_grant_health,4,funder_name,text,YES
v_bgfit_grant_health,5,approved_amount,numeric,YES
v_bgfit_grant_health,6,received_amount,numeric,YES
v_bgfit_grant_health,7,total_spent,numeric,YES
v_bgfit_grant_health,8,remaining_budget,numeric,YES
v_bgfit_grant_health,9,cash_remaining,numeric,YES
v_bgfit_grant_health,10,issues_count,bigint,YES
v_bgfit_grant_health,11,items_not_purchased,bigint,YES
v_bgfit_grant_health,12,status,text,YES
v_bgfit_grant_health,13,acquittal_due,date,YES
v_bgfit_grant_health,14,days_until_acquittal,integer,YES
v_bgfit_pnl,1,month,date,YES
v_bgfit_pnl,2,income,numeric,YES
v_bgfit_pnl,3,expenses,numeric,YES
v_bgfit_pnl,4,net,numeric,YES
v_bgfit_pnl,5,gst_total,numeric,YES
v_bgfit_pnl,6,transaction_count,bigint,YES
v_bgfit_upcoming_deadlines,1,id,uuid,YES
v_bgfit_upcoming_deadlines,2,grant_id,uuid,YES
v_bgfit_upcoming_deadlines,3,deadline_type,text,YES
v_bgfit_upcoming_deadlines,4,title,text,YES
v_bgfit_upcoming_deadlines,5,due_date,date,YES
v_bgfit_upcoming_deadlines,6,status,text,YES
v_bgfit_upcoming_deadlines,7,submitted_date,date,YES
v_bgfit_upcoming_deadlines,8,requirements,text,YES
v_bgfit_upcoming_deadlines,9,document_url,text,YES
v_bgfit_upcoming_deadlines,10,reminder_days_before,integer,YES
v_bgfit_upcoming_deadlines,11,created_at,timestamp with time zone,YES
v_bgfit_upcoming_deadlines,12,grant_name,text,YES
v_bgfit_upcoming_deadlines,13,funder_name,text,YES
v_bgfit_upcoming_deadlines,14,days_until_due,integer,YES
v_bgfit_upcoming_deadlines,15,urgency,text,YES
v_calendar_events_with_projects,1,id,uuid,YES
v_calendar_events_with_projects,2,google_event_id,text,YES
v_calendar_events_with_projects,3,google_calendar_id,text,YES
v_calendar_events_with_projects,4,calendar_name,text,YES
v_calendar_events_with_projects,5,calendar_color,text,YES
v_calendar_events_with_projects,6,title,text,YES
v_calendar_events_with_projects,7,description,text,YES
v_calendar_events_with_projects,8,start_time,timestamp with time zone,YES
v_calendar_events_with_projects,9,end_time,timestamp with time zone,YES
v_calendar_events_with_projects,10,location,text,YES
v_calendar_events_with_projects,11,attendees,jsonb,YES
v_calendar_events_with_projects,12,organizer_email,text,YES
v_calendar_events_with_projects,13,is_all_day,boolean,YES
v_calendar_events_with_projects,14,recurrence_rule,text,YES
v_calendar_events_with_projects,15,recurring_event_id,text,YES
v_calendar_events_with_projects,16,status,text,YES
v_calendar_events_with_projects,17,transparency,text,YES
v_calendar_events_with_projects,18,visibility,text,YES
v_calendar_events_with_projects,19,event_type,text,YES
v_calendar_events_with_projects,20,project_code,text,YES
v_calendar_events_with_projects,21,detected_project_code,text,YES
v_calendar_events_with_projects,22,manual_project_code,text,YES
v_calendar_events_with_projects,23,ghl_contact_ids,ARRAY,YES
v_calendar_events_with_projects,24,attendee_contact_matches,jsonb,YES
v_calendar_events_with_projects,25,metadata,jsonb,YES
v_calendar_events_with_projects,26,html_link,text,YES
v_calendar_events_with_projects,27,etag,text,YES
v_calendar_events_with_projects,28,synced_at,timestamp with time zone,YES
v_calendar_events_with_projects,29,sync_source,text,YES
v_calendar_events_with_projects,30,created_at,timestamp with time zone,YES
v_calendar_events_with_projects,31,updated_at,timestamp with time zone,YES
v_calendar_events_with_projects,32,project_info,jsonb,YES
v_calendar_events_with_projects,33,attendee_count,integer,YES
v_calendar_events_with_projects,34,duration_hours,numeric,YES
v_canonical_contacts,1,id,uuid,YES
v_canonical_contacts,2,ghl_id,text,YES
v_canonical_contacts,3,ghl_location_id,text,YES
v_canonical_contacts,4,first_name,text,YES
v_canonical_contacts,5,last_name,text,YES
v_canonical_contacts,6,full_name,text,YES
v_canonical_contacts,7,email,text,YES
v_canonical_contacts,8,phone,text,YES
v_canonical_contacts,9,company_name,text,YES
v_canonical_contacts,10,tags,ARRAY,YES
v_canonical_contacts,11,custom_fields,jsonb,YES
v_canonical_contacts,12,projects,ARRAY,YES
v_canonical_contacts,13,engagement_status,text,YES
v_canonical_contacts,14,first_contact_date,timestamp with time zone,YES
v_canonical_contacts,15,last_contact_date,timestamp with time zone,YES
v_canonical_contacts,16,ghl_created_at,timestamp with time zone,YES
v_canonical_contacts,17,ghl_updated_at,timestamp with time zone,YES
v_canonical_contacts,18,last_synced_at,timestamp with time zone,YES
v_canonical_contacts,19,sync_status,text,YES
v_canonical_contacts,20,sync_error,text,YES
v_canonical_contacts,21,created_at,timestamp with time zone,YES
v_canonical_contacts,22,updated_at,timestamp with time zone,YES
v_canonical_contacts,23,stories_count,integer,YES
v_canonical_contacts,24,published_stories,integer,YES
v_canonical_contacts,25,is_storyteller,boolean,YES
v_canonical_contacts,26,is_elder,boolean,YES
v_canonical_contacts,27,empathy_ledger_id,uuid,YES
v_canonical_contacts,28,el_last_synced_at,timestamp with time zone,YES
v_canonical_contacts,29,auto_created,boolean,YES
v_canonical_contacts,30,auto_created_from,text,YES
v_canonical_contacts,31,first_seen_subject,text,YES
v_canonical_contacts,32,enrichment_status,text,YES
v_canonical_contacts,33,source,text,YES
v_canonical_contacts,34,newsletter_consent,boolean,YES
v_canonical_contacts,35,newsletter_consent_at,timestamp with time zone,YES
v_canonical_contacts,36,newsletter_unsubscribed_at,timestamp with time zone,YES
v_canonical_contacts,37,website,text,YES
v_canonical_contacts,38,canonical_entity_id,uuid,YES
v_canonical_contacts,39,xero_contact_id,uuid,YES
v_canonical_contacts,40,xero_match_method,text,YES
v_canonical_contacts,41,xero_matched_at,timestamp with time zone,YES
v_canonical_contacts,42,canonical_contact_id,uuid,YES
v_cashflow_summary,1,month,date,YES
v_cashflow_summary,2,income,numeric,YES
v_cashflow_summary,3,expenses,numeric,YES
v_cashflow_summary,4,net,numeric,YES
v_cashflow_summary,5,closing_balance,numeric,YES
v_cashflow_summary,6,is_projection,boolean,YES
v_cashflow_summary,7,confidence,numeric,YES
v_cashflow_summary,8,income_breakdown,jsonb,YES
v_cashflow_summary,9,expense_breakdown,jsonb,YES
v_chain_summary,1,chain_status,text,YES
v_chain_summary,2,chain_completeness,integer,YES
v_chain_summary,3,org_count,bigint,YES
v_chain_summary,4,total_interventions,numeric,YES
v_chain_summary,5,total_evidence,numeric,YES
v_chain_summary,6,total_outcomes,numeric,YES
v_chain_summary,7,total_grants,numeric,YES
v_chain_summary,8,total_funding,numeric,YES
v_charity_detail,1,abn,text,YES
v_charity_detail,2,name,text,YES
v_charity_detail,3,other_names,text,YES
v_charity_detail,4,charity_size,text,YES
v_charity_detail,5,pbi,boolean,YES
v_charity_detail,6,hpc,boolean,YES
v_charity_detail,7,registration_date,date,YES
v_charity_detail,8,date_established,date,YES
v_charity_detail,9,town_city,text,YES
v_charity_detail,10,state,text,YES
v_charity_detail,11,postcode,text,YES
v_charity_detail,12,website,text,YES
v_charity_detail,13,purposes,ARRAY,YES
v_charity_detail,14,beneficiaries,ARRAY,YES
v_charity_detail,15,operating_states,ARRAY,YES
v_charity_detail,16,is_foundation,boolean,YES
v_charity_detail,17,is_social_enterprise,boolean,YES
v_charity_detail,18,is_oric_corporation,boolean,YES
v_charity_detail,19,oric_icn,text,YES
v_charity_detail,20,total_revenue,numeric,YES
v_charity_detail,21,total_expenses,numeric,YES
v_charity_detail,22,total_assets,numeric,YES
v_charity_detail,23,net_assets_liabilities,numeric,YES
v_charity_detail,24,staff_fte,numeric,YES
v_charity_detail,25,staff_volunteers,integer,YES
v_charity_detail,26,grants_donations_au,numeric,YES
v_charity_detail,27,grants_donations_intl,numeric,YES
v_charity_detail,28,total_grants_given,numeric,YES
v_charity_detail,29,latest_financial_year,integer,YES
v_charity_detail,30,community_org_id,uuid,YES
v_charity_detail,31,enriched_description,text,YES
v_charity_detail,32,enriched_domains,ARRAY,YES
v_charity_detail,33,enriched_programs,jsonb,YES
v_charity_detail,34,enriched_outcomes,jsonb,YES
v_charity_detail,35,admin_burden_hours,numeric,YES
v_charity_detail,36,admin_burden_cost,numeric,YES
v_charity_detail,37,annual_funding_received,numeric,YES
v_charity_detail,38,enrichment_confidence,text,YES
v_charity_detail,39,enriched_at,timestamp with time zone,YES
v_charity_explorer,1,abn,text,YES
v_charity_explorer,2,name,text,YES
v_charity_explorer,3,other_names,text,YES
v_charity_explorer,4,charity_size,text,YES
v_charity_explorer,5,pbi,boolean,YES
v_charity_explorer,6,hpc,boolean,YES
v_charity_explorer,7,registration_date,date,YES
v_charity_explorer,8,date_established,date,YES
v_charity_explorer,9,number_of_responsible_persons,integer,YES
v_charity_explorer,10,financial_year_end,text,YES
v_charity_explorer,11,address_line_1,text,YES
v_charity_explorer,12,address_line_2,text,YES
v_charity_explorer,13,address_line_3,text,YES
v_charity_explorer,14,town_city,text,YES
v_charity_explorer,15,state,text,YES
v_charity_explorer,16,postcode,text,YES
v_charity_explorer,17,country,text,YES
v_charity_explorer,18,website,text,YES
v_charity_explorer,19,operates_in_act,boolean,YES
v_charity_explorer,20,operates_in_nsw,boolean,YES
v_charity_explorer,21,operates_in_nt,boolean,YES
v_charity_explorer,22,operates_in_qld,boolean,YES
v_charity_explorer,23,operates_in_sa,boolean,YES
v_charity_explorer,24,operates_in_tas,boolean,YES
v_charity_explorer,25,operates_in_vic,boolean,YES
v_charity_explorer,26,operates_in_wa,boolean,YES
v_charity_explorer,27,operating_countries,text,YES
v_charity_explorer,28,purpose_animal_welfare,boolean,YES
v_charity_explorer,29,purpose_culture,boolean,YES
v_charity_explorer,30,purpose_education,boolean,YES
v_charity_explorer,31,purpose_health,boolean,YES
v_charity_explorer,32,purpose_law_policy,boolean,YES
v_charity_explorer,33,purpose_natural_environment,boolean,YES
v_charity_explorer,34,purpose_human_rights,boolean,YES
v_charity_explorer,35,purpose_general_public,boolean,YES
v_charity_explorer,36,purpose_reconciliation,boolean,YES
v_charity_explorer,37,purpose_religion,boolean,YES
v_charity_explorer,38,purpose_social_welfare,boolean,YES
v_charity_explorer,39,purpose_security,boolean,YES
v_charity_explorer,40,ben_aboriginal_tsi,boolean,YES
v_charity_explorer,41,ben_adults,boolean,YES
v_charity_explorer,42,ben_aged,boolean,YES
v_charity_explorer,43,ben_children,boolean,YES
v_charity_explorer,44,ben_communities_overseas,boolean,YES
v_charity_explorer,45,ben_early_childhood,boolean,YES
v_charity_explorer,46,ben_ethnic_groups,boolean,YES
v_charity_explorer,47,ben_families,boolean,YES
v_charity_explorer,48,ben_females,boolean,YES
v_charity_explorer,49,ben_financially_disadvantaged,boolean,YES
v_charity_explorer,50,ben_lgbtiqa,boolean,YES
v_charity_explorer,51,ben_general_community,boolean,YES
v_charity_explorer,52,ben_males,boolean,YES
v_charity_explorer,53,ben_migrants_refugees,boolean,YES
v_charity_explorer,54,ben_other,boolean,YES
v_charity_explorer,55,ben_other_charities,boolean,YES
v_charity_explorer,56,ben_people_at_risk_of_homelessness,boolean,YES
v_charity_explorer,57,ben_people_with_chronic_illness,boolean,YES
v_charity_explorer,58,ben_people_with_disabilities,boolean,YES
v_charity_explorer,59,ben_pre_post_release,boolean,YES
v_charity_explorer,60,ben_rural_regional_remote,boolean,YES
v_charity_explorer,61,ben_unemployed,boolean,YES
v_charity_explorer,62,ben_veterans,boolean,YES
v_charity_explorer,63,ben_victims_of_crime,boolean,YES
v_charity_explorer,64,ben_victims_of_disaster,boolean,YES
v_charity_explorer,65,ben_youth,boolean,YES
v_charity_explorer,66,ben_animals,boolean,YES
v_charity_explorer,67,ben_environment,boolean,YES
v_charity_explorer,68,ben_other_gender_identities,boolean,YES
v_charity_explorer,69,purposes,ARRAY,YES
v_charity_explorer,70,beneficiaries,ARRAY,YES
v_charity_explorer,71,operating_states,ARRAY,YES
v_charity_explorer,72,is_foundation,boolean,YES
v_charity_explorer,73,imported_at,timestamp with time zone,YES
v_charity_explorer,74,updated_at,timestamp with time zone,YES
v_charity_explorer,75,total_revenue,numeric,YES
v_charity_explorer,76,total_expenses,numeric,YES
v_charity_explorer,77,total_assets,numeric,YES
v_charity_explorer,78,net_assets_liabilities,numeric,YES
v_charity_explorer,79,staff_fte,numeric,YES
v_charity_explorer,80,staff_volunteers,integer,YES
v_charity_explorer,81,grants_donations_au,numeric,YES
v_charity_explorer,82,grants_donations_intl,numeric,YES
v_charity_explorer,83,total_grants_given,numeric,YES
v_charity_explorer,84,latest_financial_year,integer,YES
v_charity_explorer,85,has_enrichment,boolean,YES
v_claim_evidence_summary,1,claim_id,text,YES
v_claim_evidence_summary,2,display_label,text,YES
v_claim_evidence_summary,3,chapter,text,YES
v_claim_evidence_summary,4,region,text,YES
v_claim_evidence_summary,5,supporting_sources,bigint,YES
v_claim_evidence_summary,6,contradicting_sources,bigint,YES
v_claim_evidence_summary,7,verified_sources,bigint,YES
v_claim_evidence_summary,8,avg_confidence,numeric,YES
v_claim_evidence_summary,9,total_evidence_rows,bigint,YES
v_claim_evidence_summary,10,triangulation_tier,text,YES
v_contact_360,1,id,uuid,YES
v_contact_360,2,ghl_id,text,YES
v_contact_360,3,full_name,text,YES
v_contact_360,4,email,text,YES
v_contact_360,5,phone,text,YES
v_contact_360,6,company_name,text,YES
v_contact_360,7,tags,ARRAY,YES
v_contact_360,8,projects,ARRAY,YES
v_contact_360,9,engagement_status,text,YES
v_contact_360,10,first_contact_date,timestamp with time zone,YES
v_contact_360,11,last_contact_date,timestamp with time zone,YES
v_contact_360,12,opportunity_count,bigint,YES
v_contact_360,13,total_pipeline_value,numeric,YES
v_contact_360,14,won_count,bigint,YES
v_contact_360,15,won_value,numeric,YES
v_contact_360,16,email_count,bigint,YES
v_contact_360,17,last_email_date,timestamp with time zone,YES
v_contact_360,18,first_email_date,timestamp with time zone,YES
v_contact_360,19,total_revenue,numeric,YES
v_contact_360,20,total_payments,numeric,YES
v_contact_360,21,financial_transaction_count,bigint,YES
v_contact_communication_summary,1,ghl_id,text,YES
v_contact_communication_summary,2,full_name,text,YES
v_contact_communication_summary,3,email,text,YES
v_contact_communication_summary,4,temperature,integer,YES
v_contact_communication_summary,5,lcaa_stage,text,YES
v_contact_communication_summary,6,days_since_contact,integer,YES
v_contact_communication_summary,7,total_touchpoints,integer,YES
v_contact_communication_summary,8,overall_sentiment,text,YES
v_contact_communication_summary,9,email_count,bigint,YES
v_contact_communication_summary,10,meeting_count,bigint,YES
v_contact_communication_summary,11,call_count,bigint,YES
v_contact_communication_summary,12,all_topics,ARRAY,YES
v_contained_crm_organizations,1,organization_key,text,YES
v_contained_crm_organizations,2,organization_id,uuid,YES
v_contained_crm_organizations,3,gs_entity_id,uuid,YES
v_contained_crm_organizations,4,organization_name,text,YES
v_contained_crm_organizations,5,organization_review_state,text,YES
v_contained_crm_organizations,6,people_count,bigint,YES
v_contained_crm_organizations,7,people,ARRAY,YES
v_contained_crm_organizations,8,ghl_contact_ids,ARRAY,YES
v_contained_crm_organizations,9,consented_people_count,bigint,YES
v_contained_crm_organizations,10,contained_relevant,boolean,YES
v_contained_crm_organizations,11,justicehub_relevant,boolean,YES
v_contained_crm_organizations,12,youth_justice_relevant,boolean,YES
v_contained_crm_organizations,13,last_contact_date,timestamp with time zone,YES
v_contained_crm_organizations,14,warmest_engagement_status,text,YES
v_contained_crm_people,1,contact_id,uuid,YES
v_contained_crm_people,2,ghl_id,text,YES
v_contained_crm_people,3,person_name,text,YES
v_contained_crm_people,4,email,text,YES
v_contained_crm_people,5,phone,text,YES
v_contained_crm_people,6,claimed_company_name,text,YES
v_contained_crm_people,7,organizations,jsonb,YES
v_contained_crm_people,8,verified_organization_count,bigint,YES
v_contained_crm_people,9,proposed_organization_count,bigint,YES
v_contained_crm_people,10,organization_review_state,text,YES
v_contained_crm_people,11,engagement_status,text,YES
v_contained_crm_people,12,newsletter_consent,boolean,YES
v_contained_crm_people,13,newsletter_consent_at,timestamp with time zone,YES
v_contained_crm_people,14,newsletter_unsubscribed_at,timestamp with time zone,YES
v_contained_crm_people,15,communication_lane,text,YES
v_contained_crm_people,16,review_queue,text,YES
v_contained_crm_people,17,contained_relevant,boolean,YES
v_contained_crm_people,18,justicehub_relevant,boolean,YES
v_contained_crm_people,19,youth_justice_relevant,boolean,YES
v_contained_crm_people,20,tags,ARRAY,YES
v_contained_crm_people,21,last_contact_date,timestamp with time zone,YES
v_contained_crm_people,22,last_synced_at,timestamp with time zone,YES
v_ctg_youth_justice_progress,1,financial_year,text,YES
v_ctg_youth_justice_progress,2,state,text,YES
v_ctg_youth_justice_progress,3,actual_rate,numeric,YES
v_ctg_youth_justice_progress,4,trajectory_rate,numeric,YES
v_ctg_youth_justice_progress,5,national_target,numeric,YES
v_ctg_youth_justice_progress,6,national_actual,numeric,YES
v_ctg_youth_justice_progress,7,gap_from_target,numeric,YES
v_cultural_data_access,1,agent_id,text,YES
v_cultural_data_access,2,action,text,YES
v_cultural_data_access,3,target_table,text,YES
v_cultural_data_access,4,target_id,text,YES
v_cultural_data_access,5,user_context,text,YES
v_cultural_data_access,6,timestamp,timestamp with time zone,YES
v_data_catalog_latest,1,table_name,text,YES
v_data_catalog_latest,2,domain,text,YES
v_data_catalog_latest,3,owner_team,text,YES
v_data_catalog_latest,4,description,text,YES
v_data_catalog_latest,5,source_of_truth,boolean,YES
v_data_catalog_latest,6,pii_level,text,YES
v_data_catalog_latest,7,sla_hours,integer,YES
v_data_catalog_latest,8,freshness_key,text,YES
v_data_catalog_latest,9,provenance_field,text,YES
v_data_catalog_latest,10,confidence_field,text,YES
v_data_catalog_latest,11,active,boolean,YES
v_data_catalog_latest,12,snapshot_at,timestamp with time zone,YES
v_data_catalog_latest,13,row_count,bigint,YES
v_data_catalog_latest,14,freshness_hours,numeric,YES
v_data_catalog_latest,15,provenance_coverage_pct,numeric,YES
v_data_catalog_latest,16,confidence_coverage_pct,numeric,YES
v_data_catalog_latest,17,public_export,boolean,YES
v_data_catalog_latest,18,licence,text,YES
v_data_catalog_latest,19,source_url,text,YES
v_data_catalog_latest,20,source_owner,text,YES
v_data_catalog_latest,21,collection_method,text,YES
v_data_catalog_latest,22,update_cadence,text,YES
v_data_catalog_latest,23,public_caveat,text,YES
v_data_health,1,total_entities,bigint,YES
v_data_health,2,entities_with_postcode,bigint,YES
v_data_health,3,entities_with_sa2,bigint,YES
v_data_health,4,entities_postcode_no_sa2,bigint,YES
v_data_health,5,entities_no_postcode,bigint,YES
v_data_health,6,postcodes_total,bigint,YES
v_data_health,7,postcodes_with_sa2,bigint,YES
v_data_health,8,sa2_regions_with_data,bigint,YES
v_data_health,9,sa2_regions_total,integer,YES
v_data_health,10,total_relationships,bigint,YES
v_data_health,11,total_money_flows,bigint,YES
v_data_health,12,acnc_records,bigint,YES
v_data_health,13,foundation_records,bigint,YES
v_data_health,14,political_donation_records,bigint,YES
v_data_quality_scores,1,source,text,YES
v_data_quality_scores,2,total,bigint,YES
v_data_quality_scores,3,tagged,bigint,YES
v_data_quality_scores,4,pct,numeric,YES
v_data_sufficiency,1,topic,text,YES
v_data_sufficiency,2,active_sources,bigint,YES
v_data_sufficiency,3,planned_sources,bigint,YES
v_data_sufficiency,4,paused_sources,bigint,YES
v_data_sufficiency,5,stale_sources,bigint,YES
v_data_sufficiency,6,active_row_count,bigint,YES
v_discovery_summary,1,source,text,YES
v_discovery_summary,2,event_type,text,YES
v_discovery_summary,3,event_count,bigint,YES
v_discovery_summary,4,avg_confidence,numeric,YES
v_discovery_summary,5,last_event,timestamp with time zone,YES
v_duplicate_review_queue,1,match_id,uuid,YES
v_duplicate_review_queue,2,match_score,numeric,YES
v_duplicate_review_queue,3,match_reasons,jsonb,YES
v_duplicate_review_queue,4,detected_at,timestamp with time zone,YES
v_duplicate_review_queue,5,entity_a_id,uuid,YES
v_duplicate_review_queue,6,name_a,text,YES
v_duplicate_review_queue,7,email_a,text,YES
v_duplicate_review_queue,8,company_a,text,YES
v_duplicate_review_queue,9,entity_b_id,uuid,YES
v_duplicate_review_queue,10,name_b,text,YES
v_duplicate_review_queue,11,email_b,text,YES
v_duplicate_review_queue,12,company_b,text,YES
v_enriched_opportunities,1,id,uuid,YES
v_enriched_opportunities,2,ghl_id,text,YES
v_enriched_opportunities,3,name,text,YES
v_enriched_opportunities,4,status,text,YES
v_enriched_opportunities,5,monetary_value,numeric,YES
v_enriched_opportunities,6,pipeline_name,text,YES
v_enriched_opportunities,7,stage_name,text,YES
v_enriched_opportunities,8,project_code,text,YES
v_enriched_opportunities,9,ghl_contact_id,text,YES
v_enriched_opportunities,10,ghl_pipeline_id,text,YES
v_enriched_opportunities,11,ghl_stage_id,text,YES
v_enriched_opportunities,12,assigned_to,text,YES
v_enriched_opportunities,13,ghl_created_at,timestamp with time zone,YES
v_enriched_opportunities,14,ghl_updated_at,timestamp with time zone,YES
v_enriched_opportunities,15,created_at,timestamp with time zone,YES
v_enriched_opportunities,16,updated_at,timestamp with time zone,YES
v_enriched_opportunities,17,contact_name,text,YES
v_enriched_opportunities,18,contact_email,text,YES
v_enriched_opportunities,19,contact_company,text,YES
v_enriched_opportunities,20,pipeline_name_resolved,text,YES
v_enriched_opportunities,21,ghl_location_id,text,YES
v_enrichment_review_queue,1,id,uuid,YES
v_enrichment_review_queue,2,entity_id,uuid,YES
v_enrichment_review_queue,3,entity_name,text,YES
v_enrichment_review_queue,4,entity_type,text,YES
v_enrichment_review_queue,5,source,text,YES
v_enrichment_review_queue,6,platform,text,YES
v_enrichment_review_queue,7,confidence,numeric,YES
v_enrichment_review_queue,8,extracted_fields,jsonb,YES
v_enrichment_review_queue,9,created_at,timestamp with time zone,YES
v_entity_360,1,organization_id,uuid,YES
v_entity_360,2,abn,text,YES
v_entity_360,3,name,text,YES
v_entity_360,4,slug,text,YES
v_entity_360,5,state,text,YES
v_entity_360,6,city,text,YES
v_entity_360,7,type,text,YES
v_entity_360,8,is_active,boolean,YES
v_entity_360,9,acco_certified,boolean,YES
v_entity_360,10,is_indigenous_org,boolean,YES
v_entity_360,11,profile_completeness_score,numeric,YES
v_entity_360,12,charity_size,text,YES
v_entity_360,13,pbi,boolean,YES
v_entity_360,14,hpc,boolean,YES
v_entity_360,15,acnc_is_foundation,boolean,YES
v_entity_360,16,ben_aboriginal_tsi,boolean,YES
v_entity_360,17,ben_youth,boolean,YES
v_entity_360,18,is_acnc_charity,boolean,YES
v_entity_360,19,oric_icn,text,YES
v_entity_360,20,oric_status,text,YES
v_entity_360,21,oric_corp_size,text,YES
v_entity_360,22,in_oric_register,boolean,YES
v_entity_360,23,ato_total_income,numeric,YES
v_entity_360,24,ato_taxable_income,numeric,YES
v_entity_360,25,ato_report_year,text,YES
v_entity_360,26,ndis_status,text,YES
v_entity_360,27,is_confirmed_tier1,boolean,YES
v_entity_360,28,confirmed_tier,smallint,YES
v_entity_360,29,confirmed_sector,text,YES
v_entity_360,30,total_justice_funding_received,numeric,YES
v_entity_360,31,justice_funding_records,bigint,YES
v_entity_360,32,foundation_dollars_received,numeric,YES
v_entity_360,33,foundation_grants_received,bigint,YES
v_entity_360,34,foundation_dollars_given,numeric,YES
v_entity_360,35,foundation_grants_given,bigint,YES
v_entity_abr,1,id,uuid,YES
v_entity_abr,2,gs_id,text,YES
v_entity_abr,3,canonical_name,text,YES
v_entity_abr,4,abn,text,YES
v_entity_abr,5,entity_type,text,YES
v_entity_abr,6,abr_entity_type,text,YES
v_entity_abr,7,abr_type_code,text,YES
v_entity_abr,8,abr_status,text,YES
v_entity_abr,9,gst_status,text,YES
v_entity_abr,10,acnc_registered,boolean,YES
v_entity_abr,11,charity_type,text,YES
v_entity_abr,12,abr_trading_names,ARRAY,YES
v_entity_abr,13,acn,text,YES
v_entity_abr,14,record_updated_date,date,YES
v_entity_abr,15,asic_company_type,text,YES
v_entity_abr,16,asic_company_class,text,YES
v_entity_abr,17,asic_status,text,YES
v_entity_abr,18,asic_registered_date,date,YES
v_entity_funding_mix,1,gs_id,text,YES
v_entity_funding_mix,2,canonical_name,text,YES
v_entity_funding_mix,3,abn,text,YES
v_entity_funding_mix,4,entity_type,text,YES
v_entity_funding_mix,5,state,text,YES
v_entity_funding_mix,6,latest_ais_year,integer,YES
v_entity_funding_mix,7,ais_govt_revenue,bigint,YES
v_entity_funding_mix,8,ais_donations,bigint,YES
v_entity_funding_mix,9,ais_fees,bigint,YES
v_entity_funding_mix,10,ais_total_revenue,bigint,YES
v_entity_funding_mix,11,ais_govt_pct,numeric,YES
v_entity_funding_mix,12,austender_count,integer,YES
v_entity_funding_mix,13,austender_total,bigint,YES
v_entity_funding_mix,14,grantconnect_count,integer,YES
v_entity_funding_mix,15,grantconnect_total,bigint,YES
v_entity_funding_mix,16,vic_award_count,integer,YES
v_entity_funding_mix,17,vic_award_total,bigint,YES
v_entity_name_candidates,1,gs_entity_id,uuid,YES
v_entity_name_candidates,2,total_dollars,numeric,YES
v_entity_name_candidates,3,award_count,bigint,YES
v_entity_name_candidates,4,org_names,ARRAY,YES
v_entity_name_candidates,5,funded_name_count,bigint,YES
v_entity_organisation_group,1,entity_id,text,YES
v_entity_organisation_group,2,canonical_id,text,YES
v_entity_organisation_group,3,entities_in_group,bigint,YES
v_entity_resolution_stats,1,entity_type,text,YES
v_entity_resolution_stats,2,total_entities,bigint,YES
v_entity_resolution_stats,3,avg_merges,numeric,YES
v_entity_resolution_stats,4,avg_confidence,numeric,YES
v_entity_resolution_stats,5,merged_entities,bigint,YES
v_entity_resolution_stats,6,verified_entities,bigint,YES
v_facilities_with_partnerships,1,id,uuid,YES
v_facilities_with_partnerships,2,name,text,YES
v_facilities_with_partnerships,3,slug,text,YES
v_facilities_with_partnerships,4,facility_type,text,YES
v_facilities_with_partnerships,5,street_address,text,YES
v_facilities_with_partnerships,6,suburb,text,YES
v_facilities_with_partnerships,7,city,text,YES
v_facilities_with_partnerships,8,state,text,YES
v_facilities_with_partnerships,9,postcode,text,YES
v_facilities_with_partnerships,10,latitude,numeric,YES
v_facilities_with_partnerships,11,longitude,numeric,YES
v_facilities_with_partnerships,12,operational_status,text,YES
v_facilities_with_partnerships,13,opened_date,date,YES
v_facilities_with_partnerships,14,closed_date,date,YES
v_facilities_with_partnerships,15,capacity_beds,integer,YES
v_facilities_with_partnerships,16,current_population,integer,YES
v_facilities_with_partnerships,17,male_capacity,integer,YES
v_facilities_with_partnerships,18,female_capacity,integer,YES
v_facilities_with_partnerships,19,age_range_min,integer,YES
v_facilities_with_partnerships,20,age_range_max,integer,YES
v_facilities_with_partnerships,21,government_department,text,YES
v_facilities_with_partnerships,22,managing_agency,text,YES
v_facilities_with_partnerships,23,contact_phone,text,YES
v_facilities_with_partnerships,24,contact_email,text,YES
v_facilities_with_partnerships,25,website,text,YES
v_facilities_with_partnerships,26,security_level,text,YES
v_facilities_with_partnerships,27,has_remand_section,boolean,YES
v_facilities_with_partnerships,28,has_sentenced_section,boolean,YES
v_facilities_with_partnerships,29,has_therapeutic_programs,boolean,YES
v_facilities_with_partnerships,30,has_education_programs,boolean,YES
v_facilities_with_partnerships,31,indigenous_population_percentage,numeric,YES
v_facilities_with_partnerships,32,has_cultural_programs,boolean,YES
v_facilities_with_partnerships,33,has_indigenous_liaison,boolean,YES
v_facilities_with_partnerships,34,data_source,text,YES
v_facilities_with_partnerships,35,data_source_url,text,YES
v_facilities_with_partnerships,36,last_data_update,date,YES
v_facilities_with_partnerships,37,created_at,timestamp with time zone,YES
v_facilities_with_partnerships,38,updated_at,timestamp with time zone,YES
v_facilities_with_partnerships,39,partnership_count,bigint,YES
v_facilities_with_partnerships,40,active_partnerships,bigint,YES
v_facilities_with_partnerships,41,organization_partners,bigint,YES
v_facilities_with_partnerships,42,program_partners,bigint,YES
v_facilities_with_partnerships,43,service_partners,bigint,YES
v_finance_bank_line_evidence,1,id,uuid,YES
v_finance_bank_line_evidence,2,date,date,YES
v_finance_bank_line_evidence,3,type,text,YES
v_finance_bank_line_evidence,4,payee,text,YES
v_finance_bank_line_evidence,5,particulars,text,YES
v_finance_bank_line_evidence,6,reference,text,YES
v_finance_bank_line_evidence,7,analysis_code,text,YES
v_finance_bank_line_evidence,8,amount,numeric,YES
v_finance_bank_line_evidence,9,direction,text,YES
v_finance_bank_line_evidence,10,source,text,YES
v_finance_bank_line_evidence,11,status,text,YES
v_finance_bank_line_evidence,12,bank_account,text,YES
v_finance_bank_line_evidence,13,card_last4,text,YES
v_finance_bank_line_evidence,14,matched_xero_transaction_id,text,YES
v_finance_bank_line_evidence,15,matched_receipt_email_id,uuid,YES
v_finance_bank_line_evidence,16,project_code,text,YES
v_finance_bank_line_evidence,17,project_source,text,YES
v_finance_bank_line_evidence,18,rd_eligible,boolean,YES
v_finance_bank_line_evidence,19,notes,text,YES
v_finance_bank_line_evidence,20,receipt_match_id,uuid,YES
v_finance_bank_line_evidence,21,receipt_match_score,numeric,YES
v_finance_bank_line_evidence,22,receipt_match_status,text,YES
v_finance_bank_line_evidence,23,xero_transaction_id,text,YES
v_finance_bank_line_evidence,24,xero_tenant_id,text,YES
v_finance_bank_line_evidence,25,lane,text,YES
v_finance_bank_line_evidence,26,lcaa_phase,text,YES
v_finance_bank_line_evidence,27,candidate_count,integer,YES
v_finance_bank_line_evidence,28,best_confidence,numeric,YES
v_finance_bank_line_evidence,29,best_document_id,uuid,YES
v_finance_bank_line_evidence,30,best_source,text,YES
v_finance_bank_line_evidence,31,best_vendor_name,text,YES
v_finance_bank_line_evidence,32,has_approved_link,boolean,YES
v_finance_bank_line_evidence,33,receipt_candidates,jsonb,YES
v_finance_bank_line_evidence,34,evidence_status,text,YES
v_funder_next_move,1,funder_name,text,YES
v_funder_next_move,2,invoice_count,bigint,YES
v_funder_next_move,3,paid_count,integer,YES
v_funder_next_move,4,authorised_count,integer,YES
v_funder_next_move,5,gross_revenue,numeric,YES
v_funder_next_move,6,net_revenue,numeric,YES
v_funder_next_move,7,paid_revenue,numeric,YES
v_funder_next_move,8,outstanding,numeric,YES
v_funder_next_move,9,first_invoice,date,YES
v_funder_next_move,10,last_invoice,date,YES
v_funder_next_move,11,days_since_last,integer,YES
v_funder_next_move,12,years_active,integer,YES
v_funder_next_move,13,project_span,integer,YES
v_funder_next_move,14,projects,ARRAY,YES
v_funder_next_move,15,warmth_score,integer,YES
v_funder_next_move,16,warmth_band,text,YES
v_funder_next_move,17,next_move,text,YES
v_funder_summary,1,funder_name,text,YES
v_funder_summary,2,invoice_count,bigint,YES
v_funder_summary,3,paid_count,integer,YES
v_funder_summary,4,authorised_count,integer,YES
v_funder_summary,5,gross_revenue,numeric,YES
v_funder_summary,6,net_revenue,numeric,YES
v_funder_summary,7,paid_revenue,numeric,YES
v_funder_summary,8,outstanding,numeric,YES
v_funder_summary,9,first_invoice,date,YES
v_funder_summary,10,last_invoice,date,YES
v_funder_summary,11,days_since_last,integer,YES
v_funder_summary,12,years_active,integer,YES
v_funder_summary,13,project_span,integer,YES
v_funder_summary,14,projects,ARRAY,YES
v_funder_summary,15,warmth_score,integer,YES
v_funder_summary,16,warmth_band,text,YES
v_funder_tag_density,1,funder_name,text,YES
v_funder_tag_density,2,opp_count,bigint,YES
v_funder_tag_density,3,avg_tag_count,numeric,YES
v_funder_tag_density,4,theme_multiplier,numeric,YES
v_funders_summary,1,funder_name,text,YES
v_funders_summary,2,source_type,text,YES
v_funders_summary,3,total_opportunities,bigint,YES
v_funders_summary,4,active_opportunities,bigint,YES
v_funders_summary,5,total_available,numeric,YES
v_funders_summary,6,avg_max_grant,numeric,YES
v_funders_summary,7,all_jurisdictions,ARRAY,YES
v_funding_award_community_accountability,1,funding_award_id,uuid,YES
v_funding_award_community_accountability,2,organization_name,text,YES
v_funding_award_community_accountability,3,funding_program_name,text,YES
v_funding_award_community_accountability,4,funding_source_name,text,YES
v_funding_award_community_accountability,5,award_status,text,YES
v_funding_award_community_accountability,6,tracked_public_spend,numeric,YES
v_funding_award_community_accountability,7,community_validation_count,integer,YES
v_funding_award_community_accountability,8,outcome_commitment_count,bigint,YES
v_funding_award_community_accountability,9,outcome_update_count,bigint,YES
v_funding_award_community_accountability,10,community_report_due_at,timestamp with time zone,YES
v_funding_award_community_accountability,11,updated_at,timestamp with time zone,YES
v_funding_ingest_health,1,code,text,YES
v_funding_ingest_health,2,label,text,YES
v_funding_ingest_health,3,jurisdiction,text,YES
v_funding_ingest_health,4,feed_kind,text,YES
v_funding_ingest_health,5,cadence_days,integer,YES
v_funding_ingest_health,6,ingest_method,text,YES
v_funding_ingest_health,7,script_path,text,YES
v_funding_ingest_health,8,automatable,boolean,YES
v_funding_ingest_health,9,is_active,boolean,YES
v_funding_ingest_health,10,notes,text,YES
v_funding_ingest_health,11,record_count,bigint,YES
v_funding_ingest_health,12,last_ingested_at,timestamp with time zone,YES
v_funding_ingest_health,13,earliest_financial_year,text,YES
v_funding_ingest_health,14,latest_financial_year,text,YES
v_funding_ingest_health,15,unregistered,boolean,YES
v_funding_ingest_health,16,days_since_ingest,integer,YES
v_funding_ingest_health,17,health,text,YES
v_funding_outcomes_chain,1,funding_id,uuid,YES
v_funding_outcomes_chain,2,recipient_name,text,YES
v_funding_outcomes_chain,3,recipient_abn,text,YES
v_funding_outcomes_chain,4,gs_entity_id,uuid,YES
v_funding_outcomes_chain,5,entity_name,text,YES
v_funding_outcomes_chain,6,funding_program,text,YES
v_funding_outcomes_chain,7,amount_dollars,numeric,YES
v_funding_outcomes_chain,8,financial_year,text,YES
v_funding_outcomes_chain,9,state,text,YES
v_funding_outcomes_chain,10,funding_source,text,YES
v_funding_outcomes_chain,11,submission_id,uuid,YES
v_funding_outcomes_chain,12,outcomes_program,text,YES
v_funding_outcomes_chain,13,reporting_period,text,YES
v_funding_outcomes_chain,14,outcomes_data,jsonb,YES
v_funding_outcomes_chain,15,narrative,text,YES
v_funding_outcomes_chain,16,methodology,text,YES
v_funding_outcomes_chain,17,submission_status,text,YES
v_funding_outcomes_chain,18,proof_bundle_id,uuid,YES
v_funding_outcomes_chain,19,alma_id,uuid,YES
v_funding_outcomes_chain,20,alma_intervention,text,YES
v_funding_outcomes_chain,21,alma_type,text,YES
v_funding_outcomes_chain,22,evidence_level,text,YES
v_funding_outcomes_chain,23,cultural_authority,text,YES
v_funding_outcomes_chain,24,portfolio_score,numeric,YES
v_funding_outcomes_chain,25,outcomes_status,text,YES
v_funding_pipeline,1,id,uuid,YES
v_funding_pipeline,2,name,text,YES
v_funding_pipeline,3,funder_name,text,YES
v_funding_pipeline,4,source_type,text,YES
v_funding_pipeline,5,category,text,YES
v_funding_pipeline,6,total_pool_amount,numeric,YES
v_funding_pipeline,7,min_grant_amount,numeric,YES
v_funding_pipeline,8,max_grant_amount,numeric,YES
v_funding_pipeline,9,deadline,timestamp with time zone,YES
v_funding_pipeline,10,status,text,YES
v_funding_pipeline,11,jurisdictions,ARRAY,YES
v_funding_pipeline,12,focus_areas,ARRAY,YES
v_funding_pipeline,13,source_url,text,YES
v_funding_pipeline,14,application_url,text,YES
v_funding_pipeline,15,relevance_score,numeric,YES
v_funding_pipeline,16,days_until_deadline,integer,YES
v_funding_pipeline,17,application_count,bigint,YES
v_funding_pipeline,18,created_at,timestamp with time zone,YES
v_funding_pipeline,19,updated_at,timestamp with time zone,YES
v_funding_program_names,1,program_name,text,YES
v_funding_program_names,2,state,text,YES
v_goods_central_channels,1,entity_id,uuid,YES
v_goods_central_channels,2,canonical_name,text,YES
v_goods_central_channels,3,abn,text,YES
v_goods_central_channels,4,lga_name,text,YES
v_goods_central_channels,5,oric_size,text,YES
v_goods_central_channels,6,oric_employee_band,text,YES
v_goods_central_channels,7,total_traceable_value,numeric,YES
v_goods_central_channels,8,channel_archetype,text,YES
v_goods_central_channels,9,goods_relationship_id,uuid,YES
v_goods_central_channels,10,relationship_type,text,YES
v_goods_central_channels,11,stage,text,YES
v_goods_central_channels,12,warmth_display,integer,YES
v_goods_central_channels,13,next_action,text,YES
v_goods_community_priority,1,community_id,uuid,YES
v_goods_community_priority,2,community_name,text,YES
v_goods_community_priority,3,state,text,YES
v_goods_community_priority,4,postcode,text,YES
v_goods_community_priority,5,seifa_irsd_decile,integer,YES
v_goods_community_priority,6,seifa_available,boolean,YES
v_goods_community_priority,7,disadvantage_score,integer,YES
v_goods_community_priority,8,demand_beds,integer,YES
v_goods_community_priority,9,assets_deployed,integer,YES
v_goods_community_priority,10,unmet_beds,integer,YES
v_goods_community_priority,11,indigenous_population_pct,numeric,YES
v_goods_community_priority,12,serve_next_score,numeric,YES
v_goods_foundation_targets,1,id,uuid,YES
v_goods_foundation_targets,2,name,text,YES
v_goods_foundation_targets,3,gs_entity_id,uuid,YES
v_goods_foundation_targets,4,total_giving_annual,numeric,YES
v_goods_foundation_targets,5,avg_grant_size,numeric,YES
v_goods_foundation_targets,6,grant_range_min,numeric,YES
v_goods_foundation_targets,7,grant_range_max,numeric,YES
v_goods_foundation_targets,8,has_dgr,boolean,YES
v_goods_foundation_targets,9,theme_hits,integer,YES
v_goods_foundation_targets,10,matched_themes,ARRAY,YES
v_goods_foundation_targets,11,geographic_focus,ARRAY,YES
v_goods_foundation_targets,12,connector,text,YES
v_goods_foundation_targets,13,bridged_org,text,YES
v_goods_foundation_targets,14,bridged_warmth,integer,YES
v_goods_foundation_targets,15,has_bridge,boolean,YES
v_goods_foundation_targets,16,priority_score,integer,YES
v_goods_life_events,1,rel_id,uuid,YES
v_goods_life_events,2,display_name,text,YES
v_goods_life_events,3,relationship_type,text,YES
v_goods_life_events,4,warmth_display,integer,YES
v_goods_life_events,5,kind,text,YES
v_goods_life_events,6,event_date,date,YES
v_goods_life_events,7,event_fy,text,YES
v_goods_life_events,8,amount,numeric,YES
v_goods_life_events,9,amount2,numeric,YES
v_goods_life_events,10,period_to,date,YES
v_goods_life_events,11,label,text,YES
v_goods_relationship_funding,1,rel_id,uuid,YES
v_goods_relationship_funding,2,entity_id,uuid,YES
v_goods_relationship_funding,3,display_name,text,YES
v_goods_relationship_funding,4,relationship_type,text,YES
v_goods_relationship_funding,5,warmth_display,integer,YES
v_goods_relationship_funding,6,abn,text,YES
v_goods_relationship_funding,7,foundation_giving_annual,numeric,YES
v_goods_relationship_funding,8,foundation_avg_grant,numeric,YES
v_goods_relationship_funding,9,foundation_themes,ARRAY,YES
v_goods_relationship_funding,10,foundation_geo,ARRAY,YES
v_goods_relationship_funding,11,political_total,numeric,YES
v_goods_relationship_funding,12,political_count,bigint,YES
v_goods_relationship_funding,13,political_latest_fy,text,YES
v_goods_relationship_funding,14,justice_total,numeric,YES
v_goods_relationship_funding,15,justice_program_count,bigint,YES
v_goods_relationship_funding,16,justice_latest_fy,text,YES
v_goods_relationship_funding,17,austender_total,numeric,YES
v_goods_relationship_funding,18,austender_contract_count,bigint,YES
v_goods_relationship_funding,19,austender_latest,date,YES
v_goods_relationship_funding,20,gives_total,numeric,YES
v_goods_relationship_funding,21,receives_total,numeric,YES
v_goods_relationship_power,1,rel_id,uuid,YES
v_goods_relationship_power,2,entity_id,uuid,YES
v_goods_relationship_power,3,display_name,text,YES
v_goods_relationship_power,4,relationship_type,text,YES
v_goods_relationship_power,5,warmth_display,integer,YES
v_goods_relationship_power,6,power_score,bigint,YES
v_goods_relationship_power,7,system_count,integer,YES
v_goods_relationship_power,8,in_procurement,integer,YES
v_goods_relationship_power,9,in_justice_funding,integer,YES
v_goods_relationship_power,10,in_political_donations,integer,YES
v_goods_relationship_power,11,in_charity_registry,integer,YES
v_goods_relationship_power,12,in_foundation,integer,YES
v_goods_relationship_power,13,in_alma_evidence,integer,YES
v_goods_relationship_power,14,in_ato_transparency,integer,YES
v_goods_relationship_power,15,total_dollar_flow,numeric,YES
v_goods_relationship_power,16,foundation_giving,numeric,YES
v_goods_relationship_power,17,influence_vectors,integer,YES
v_goods_relationship_power,18,revolving_door_score,integer,YES
v_goods_relationship_power,19,lobbies,boolean,YES
v_goods_relationship_power,20,donates,boolean,YES
v_goods_relationship_power,21,contracts,boolean,YES
v_goods_relationship_power,22,receives_funding,boolean,YES
v_goods_warm_intros,1,rel_id,uuid,YES
v_goods_warm_intros,2,target_name,text,YES
v_goods_warm_intros,3,relationship_type,text,YES
v_goods_warm_intros,4,warmth_display,integer,YES
v_goods_warm_intros,5,person,text,YES
v_goods_warm_intros,6,role_type,text,YES
v_goods_warm_intros,7,board_count,bigint,YES
v_goods_warm_intros,8,interlock_score,numeric,YES
v_goods_warm_intros,9,connects_community_controlled,boolean,YES
v_goods_warm_intros,10,other_orgs,ARRAY,YES
v_goods_warm_intros,11,bridges_to_goods,text,YES
v_governed_proof_density_summary,1,subject_type,text,YES
v_governed_proof_density_summary,2,lifecycle_status,text,YES
v_governed_proof_density_summary,3,promotion_status,text,YES
v_governed_proof_density_summary,4,bundle_count,bigint,YES
v_governed_proof_density_summary,5,high_confidence_count,bigint,YES
v_governed_proof_density_summary,6,fresh_count,bigint,YES
v_governed_proof_density_summary,7,avg_confidence,numeric,YES
v_governed_proof_hot_lane,1,id,uuid,YES
v_governed_proof_hot_lane,2,task_type,text,YES
v_governed_proof_hot_lane,3,status,text,YES
v_governed_proof_hot_lane,4,queue_lane,text,YES
v_governed_proof_hot_lane,5,priority,text,YES
v_governed_proof_hot_lane,6,owner_system,text,YES
v_governed_proof_hot_lane,7,system_scope,ARRAY,YES
v_governed_proof_hot_lane,8,target_type,text,YES
v_governed_proof_hot_lane,9,target_id,text,YES
v_governed_proof_hot_lane,10,value_score,numeric,YES
v_governed_proof_hot_lane,11,confidence_required,numeric,YES
v_governed_proof_hot_lane,12,input_payload,jsonb,YES
v_governed_proof_hot_lane,13,acceptance_checks,jsonb,YES
v_governed_proof_hot_lane,14,review_status,text,YES
v_governed_proof_hot_lane,15,promotion_status,text,YES
v_governed_proof_hot_lane,16,attempt_count,integer,YES
v_governed_proof_hot_lane,17,claimed_by,text,YES
v_governed_proof_hot_lane,18,started_at,timestamp with time zone,YES
v_governed_proof_hot_lane,19,completed_at,timestamp with time zone,YES
v_governed_proof_hot_lane,20,last_error,text,YES
v_governed_proof_hot_lane,21,created_at,timestamp with time zone,YES
v_governed_proof_hot_lane,22,updated_at,timestamp with time zone,YES
v_grant_readiness,1,application_id,uuid,YES
v_grant_readiness,2,grant_name,text,YES
v_grant_readiness,3,provider,text,YES
v_grant_readiness,4,fit_score,integer,YES
v_grant_readiness,5,amount_max,integer,YES
v_grant_readiness,6,closes_at,date,YES
v_grant_readiness,7,application_status,text,YES
v_grant_readiness,8,lead_contact,text,YES
v_grant_readiness,9,assigned_to,text,YES
v_grant_readiness,10,priority,text,YES
v_grant_readiness,11,total_requirements,bigint,YES
v_grant_readiness,12,ready_count,bigint,YES
v_grant_readiness,13,needed_count,bigint,YES
v_grant_readiness,14,readiness_pct,numeric,YES
v_harvest_public_social_posts,1,id,uuid,YES
v_harvest_public_social_posts,2,platform,text,YES
v_harvest_public_social_posts,3,account_name,text,YES
v_harvest_public_social_posts,4,post_type,text,YES
v_harvest_public_social_posts,5,message,text,YES
v_harvest_public_social_posts,6,permalink,text,YES
v_harvest_public_social_posts,7,published_at,timestamp with time zone,YES
v_harvest_public_social_posts,8,media,jsonb,YES
v_harvest_public_stories,1,id,uuid,YES
v_harvest_public_stories,2,title,text,YES
v_harvest_public_stories,3,slug,text,YES
v_harvest_public_stories,4,excerpt,text,YES
v_harvest_public_stories,5,participant_name,text,YES
v_harvest_public_stories,6,location,text,YES
v_harvest_public_stories,7,themes,ARRAY,YES
v_harvest_public_stories,8,story_type,text,YES
v_harvest_public_stories,9,featured_image_url,text,YES
v_harvest_public_stories,10,published_at,timestamp with time zone,YES
v_harvest_public_stories,11,is_featured,boolean,YES
v_harvest_social_performance,1,month,date,YES
v_harvest_social_performance,2,platform,text,YES
v_harvest_social_performance,3,published_posts,integer,YES
v_harvest_social_performance,4,unique_messages,integer,YES
v_harvest_social_performance,5,likes,integer,YES
v_harvest_social_performance,6,comments,integer,YES
v_harvest_social_performance,7,shares,integer,YES
v_harvest_upcoming_events,1,id,integer,YES
v_harvest_upcoming_events,2,title,text,YES
v_harvest_upcoming_events,3,date,date,YES
v_harvest_upcoming_events,4,time,text,YES
v_harvest_upcoming_events,5,location,text,YES
v_harvest_upcoming_events,6,category,text,YES
v_harvest_upcoming_events,7,description,text,YES
v_harvest_upcoming_events,8,created_at,timestamp with time zone,YES
v_harvest_upcoming_events,9,updated_at,timestamp with time zone,YES
v_indigenous_youth_overrepresentation,1,financial_year,text,YES
v_indigenous_youth_overrepresentation,2,indigenous_status,text,YES
v_indigenous_youth_overrepresentation,3,service_type,text,YES
v_indigenous_youth_overrepresentation,4,metric,text,YES
v_indigenous_youth_overrepresentation,5,unit,text,YES
v_indigenous_youth_overrepresentation,6,nsw,numeric,YES
v_indigenous_youth_overrepresentation,7,vic,numeric,YES
v_indigenous_youth_overrepresentation,8,qld,numeric,YES
v_indigenous_youth_overrepresentation,9,wa,numeric,YES
v_indigenous_youth_overrepresentation,10,sa,numeric,YES
v_indigenous_youth_overrepresentation,11,tas,numeric,YES
v_indigenous_youth_overrepresentation,12,act,numeric,YES
v_indigenous_youth_overrepresentation,13,nt,numeric,YES
v_indigenous_youth_overrepresentation,14,aust,numeric,YES
v_justice_funding_by_org,1,recipient_name,text,YES
v_justice_funding_by_org,2,recipient_abn,text,YES
v_justice_funding_by_org,3,alma_organization_id,uuid,YES
v_justice_funding_by_org,4,grant_count,bigint,YES
v_justice_funding_by_org,5,total_funding,numeric,YES
v_justice_funding_by_org,6,first_funded,date,YES
v_justice_funding_by_org,7,latest_funded,date,YES
v_justice_funding_by_org,8,programs,ARRAY,YES
v_justice_funding_by_org,9,locations,ARRAY,YES
v_justice_funding_by_program,1,program_name,text,YES
v_justice_funding_by_program,2,source,text,YES
v_justice_funding_by_program,3,recipient_count,bigint,YES
v_justice_funding_by_program,4,total_allocated,numeric,YES
v_justice_funding_by_program,5,recipients,ARRAY,YES
v_justice_funding_by_program,6,locations,ARRAY,YES
v_justice_funding_summary,1,state,text,YES
v_justice_funding_summary,2,sector,text,YES
v_justice_funding_summary,3,records,bigint,YES
v_justice_funding_summary,4,unique_orgs,bigint,YES
v_justice_funding_summary,5,total_dollars,numeric,YES
v_justice_funding_summary,6,programs,bigint,YES
v_justice_funding_summary,7,alma_linked,bigint,YES
v_justice_spending_summary,1,rogs_section,text,YES
v_justice_spending_summary,2,financial_year,text,YES
v_justice_spending_summary,3,service_type,text,YES
v_justice_spending_summary,4,unit,text,YES
v_justice_spending_summary,5,category,text,YES
v_justice_spending_summary,6,nsw,numeric,YES
v_justice_spending_summary,7,vic,numeric,YES
v_justice_spending_summary,8,qld,numeric,YES
v_justice_spending_summary,9,wa,numeric,YES
v_justice_spending_summary,10,sa,numeric,YES
v_justice_spending_summary,11,tas,numeric,YES
v_justice_spending_summary,12,act,numeric,YES
v_justice_spending_summary,13,nt,numeric,YES
v_justice_spending_summary,14,aust,numeric,YES
v_lga_place_profile,1,lga_name,text,YES
v_lga_place_profile,2,state,text,YES
v_lga_place_profile,3,remoteness,text,YES
v_lga_place_profile,4,avg_irsd_decile,numeric,YES
v_lga_place_profile,5,min_irsd_decile,integer,YES
v_lga_place_profile,6,org_count,bigint,YES
v_lga_place_profile,7,community_controlled,bigint,YES
v_lga_place_profile,8,without_abn,bigint,YES
v_lga_place_profile,9,oric_registered,bigint,YES
v_lga_place_profile,10,caring_for_country,bigint,YES
v_lga_place_profile,11,employers,bigint,YES
v_lga_place_profile,12,income_over_100k,bigint,YES
v_lga_place_profile,13,contract_count,bigint,YES
v_lga_place_profile,14,contract_value_lifetime,numeric,YES
v_lga_place_profile,15,contract_value_24m,numeric,YES
v_lga_place_profile,16,grants_delivered,bigint,YES
v_lga_place_profile,17,grants_delivered_value,numeric,YES
v_lga_place_profile,18,grants_delivered_24m,numeric,YES
v_lga_place_profile,19,grants_held_locally_value,numeric,YES
v_lga_place_profile,20,local_retention_pct,numeric,YES
v_lga_place_profile,21,philanthropic_funders,bigint,YES
v_lga_place_profile,22,philanthropic_grants,bigint,YES
v_monthly_revenue,1,month,timestamp with time zone,YES
v_monthly_revenue,2,project_code,text,YES
v_monthly_revenue,3,invoice_count,bigint,YES
v_monthly_revenue,4,total_invoiced,numeric,YES
v_monthly_revenue,5,total_received,numeric,YES
v_monthly_revenue,6,total_outstanding,numeric,YES
v_ndis_market_concentration_hotspots,1,report_date,date,YES
v_ndis_market_concentration_hotspots,2,state_code,text,YES
v_ndis_market_concentration_hotspots,3,service_district_name,text,YES
v_ndis_market_concentration_hotspots,4,support_class,text,YES
v_ndis_market_concentration_hotspots,5,payment_share_top10_pct,numeric,YES
v_ndis_market_concentration_hotspots,6,payment_band,text,YES
v_ndis_provider_supply_summary,1,report_date,date,YES
v_ndis_provider_supply_summary,2,state_code,text,YES
v_ndis_provider_supply_summary,3,service_district_name,text,YES
v_ndis_provider_supply_summary,4,provider_count,integer,YES
v_ndis_registered_provider_graph_match,1,report_date,date,YES
v_ndis_registered_provider_graph_match,2,registration_status,text,YES
v_ndis_registered_provider_graph_match,3,provider_count,bigint,YES
v_ndis_registered_provider_graph_match,4,matched_entity_count,bigint,YES
v_ndis_registered_provider_graph_match,5,matched_entity_pct,numeric,YES
v_ndis_registered_provider_state_supply,1,report_date,date,YES
v_ndis_registered_provider_state_supply,2,registration_status,text,YES
v_ndis_registered_provider_state_supply,3,state_code,text,YES
v_ndis_registered_provider_state_supply,4,provider_count,bigint,YES
v_ndis_registered_provider_status_summary,1,report_date,date,YES
v_ndis_registered_provider_status_summary,2,registration_status,text,YES
v_ndis_registered_provider_status_summary,3,provider_count,bigint,YES
v_ndis_support_class_supply,1,report_date,date,YES
v_ndis_support_class_supply,2,state_code,text,YES
v_ndis_support_class_supply,3,service_district_name,text,YES
v_ndis_support_class_supply,4,support_class,text,YES
v_ndis_support_class_supply,5,provider_count,integer,YES
v_ndis_youth_justice_overlay,1,service_district,text,YES
v_ndis_youth_justice_overlay,2,state,text,YES
v_ndis_youth_justice_overlay,3,total_participants,bigint,YES
v_ndis_youth_justice_overlay,4,psychosocial_participants,bigint,YES
v_ndis_youth_justice_overlay,5,intellectual_disability_participants,bigint,YES
v_ndis_youth_justice_overlay,6,autism_participants,bigint,YES
v_ndis_youth_justice_overlay,7,youth_participants,bigint,YES
v_ndis_youth_justice_overlay,8,total_annual_budget,numeric,YES
v_ndis_youth_justice_overlay,9,avg_budget_per_participant,numeric,YES
v_need_to_respond,1,id,uuid,YES
v_need_to_respond,2,ghl_contact_id,text,YES
v_need_to_respond,3,channel,text,YES
v_need_to_respond,4,direction,text,YES
v_need_to_respond,5,from_identity,uuid,YES
v_need_to_respond,6,to_identities,ARRAY,YES
v_need_to_respond,7,subject,text,YES
v_need_to_respond,8,content_preview,text,YES
v_need_to_respond,9,full_content_ref,text,YES
v_need_to_respond,10,summary,text,YES
v_need_to_respond,11,sentiment,text,YES
v_need_to_respond,12,topics,ARRAY,YES
v_need_to_respond,13,action_items,jsonb,YES
v_need_to_respond,14,key_decisions,ARRAY,YES
v_need_to_respond,15,waiting_for_response,boolean,YES
v_need_to_respond,16,response_needed_by,text,YES
v_need_to_respond,17,follow_up_date,date,YES
v_need_to_respond,18,source_system,text,YES
v_need_to_respond,19,source_id,text,YES
v_need_to_respond,20,source_thread_id,text,YES
v_need_to_respond,21,parent_id,uuid,YES
v_need_to_respond,22,occurred_at,timestamp with time zone,YES
v_need_to_respond,23,synced_at,timestamp with time zone,YES
v_need_to_respond,24,enriched_at,timestamp with time zone,YES
v_need_to_respond,25,created_at,timestamp with time zone,YES
v_need_to_respond,26,updated_at,timestamp with time zone,YES
v_need_to_respond,27,dismissed_at,timestamp with time zone,YES
v_need_to_respond,28,dismissed_reason,text,YES
v_need_to_respond,29,contact_name,text,YES
v_need_to_respond,30,contact_email,text,YES
v_need_to_respond,31,days_since,numeric,YES
v_newsletter_audience,1,id,uuid,YES
v_newsletter_audience,2,ghl_id,text,YES
v_newsletter_audience,3,full_name,text,YES
v_newsletter_audience,4,email,text,YES
v_newsletter_audience,5,newsletter_consent,boolean,YES
v_newsletter_audience,6,newsletter_consent_at,timestamp with time zone,YES
v_newsletter_audience,7,newsletter_unsubscribed_at,timestamp with time zone,YES
v_newsletter_audience,8,projects,ARRAY,YES
v_newsletter_audience,9,newsletter_segment,text,YES
v_newsletter_audience,10,newsletter_tags,ARRAY,YES
v_newsletter_reprompt_candidates,1,id,uuid,YES
v_newsletter_reprompt_candidates,2,ghl_id,text,YES
v_newsletter_reprompt_candidates,3,full_name,text,YES
v_newsletter_reprompt_candidates,4,email,text,YES
v_newsletter_reprompt_candidates,5,newsletter_segment,text,YES
v_newsletter_reprompt_candidates,6,projects,ARRAY,YES
v_newsletter_reprompt_candidates,7,tags,ARRAY,YES
v_newsletter_reprompt_candidates,8,last_contact_date,timestamp with time zone,YES
v_nt_community_buyer_crosswalk,1,community_id,uuid,YES
v_nt_community_buyer_crosswalk,2,community_name,text,YES
v_nt_community_buyer_crosswalk,3,region_label,text,YES
v_nt_community_buyer_crosswalk,4,service_region,text,YES
v_nt_community_buyer_crosswalk,5,land_council,text,YES
v_nt_community_buyer_crosswalk,6,community_postcode,text,YES
v_nt_community_buyer_crosswalk,7,is_official_remote_community,boolean,YES
v_nt_community_buyer_crosswalk,8,goods_focus_priority,text,YES
v_nt_community_buyer_crosswalk,9,goods_signal_name,text,YES
v_nt_community_buyer_crosswalk,10,goods_signal_type,text,YES
v_nt_community_buyer_crosswalk,11,known_buyer_name,text,YES
v_nt_community_buyer_crosswalk,12,alias_name,text,YES
v_nt_community_buyer_crosswalk,13,entity_id,uuid,YES
v_nt_community_buyer_crosswalk,14,gs_id,text,YES
v_nt_community_buyer_crosswalk,15,buyer_name,text,YES
v_nt_community_buyer_crosswalk,16,abn,text,YES
v_nt_community_buyer_crosswalk,17,website,text,YES
v_nt_community_buyer_crosswalk,18,entity_type,text,YES
v_nt_community_buyer_crosswalk,19,sector,text,YES
v_nt_community_buyer_crosswalk,20,sub_sector,text,YES
v_nt_community_buyer_crosswalk,21,entity_postcode,text,YES
v_nt_community_buyer_crosswalk,22,entity_lga_name,text,YES
v_nt_community_buyer_crosswalk,23,is_community_controlled,boolean,YES
v_nt_community_buyer_crosswalk,24,source_count,integer,YES
v_nt_community_buyer_crosswalk,25,match_method,text,YES
v_nt_community_buyer_crosswalk,26,match_score,integer,YES
v_nt_community_buyer_crosswalk,27,buyer_type,text,YES
v_nt_community_entity_matches,1,community_id,uuid,YES
v_nt_community_entity_matches,2,community_name,text,YES
v_nt_community_entity_matches,3,region_label,text,YES
v_nt_community_entity_matches,4,service_region,text,YES
v_nt_community_entity_matches,5,land_council,text,YES
v_nt_community_entity_matches,6,community_postcode,text,YES
v_nt_community_entity_matches,7,is_official_remote_community,boolean,YES
v_nt_community_entity_matches,8,goods_focus_priority,text,YES
v_nt_community_entity_matches,9,goods_signal_name,text,YES
v_nt_community_entity_matches,10,goods_signal_type,text,YES
v_nt_community_entity_matches,11,known_buyer_name,text,YES
v_nt_community_entity_matches,12,alias_name,text,YES
v_nt_community_entity_matches,13,entity_id,uuid,YES
v_nt_community_entity_matches,14,gs_id,text,YES
v_nt_community_entity_matches,15,entity_name,text,YES
v_nt_community_entity_matches,16,abn,text,YES
v_nt_community_entity_matches,17,website,text,YES
v_nt_community_entity_matches,18,entity_type,text,YES
v_nt_community_entity_matches,19,sector,text,YES
v_nt_community_entity_matches,20,sub_sector,text,YES
v_nt_community_entity_matches,21,entity_postcode,text,YES
v_nt_community_entity_matches,22,entity_lga_name,text,YES
v_nt_community_entity_matches,23,is_community_controlled,boolean,YES
v_nt_community_entity_matches,24,source_count,integer,YES
v_nt_community_entity_matches,25,match_method,text,YES
v_nt_community_entity_matches,26,match_score,integer,YES
v_nt_community_procurement_summary,1,community_id,uuid,YES
v_nt_community_procurement_summary,2,community_name,text,YES
v_nt_community_procurement_summary,3,region_label,text,YES
v_nt_community_procurement_summary,4,service_region,text,YES
v_nt_community_procurement_summary,5,land_council,text,YES
v_nt_community_procurement_summary,6,postcode,text,YES
v_nt_community_procurement_summary,7,is_official_remote_community,boolean,YES
v_nt_community_procurement_summary,8,goods_focus_priority,text,YES
v_nt_community_procurement_summary,9,goods_signal_name,text,YES
v_nt_community_procurement_summary,10,goods_signal_type,text,YES
v_nt_community_procurement_summary,11,known_buyer_name,text,YES
v_nt_community_procurement_summary,12,entity_match_count,bigint,YES
v_nt_community_procurement_summary,13,buyer_match_count,bigint,YES
v_nt_community_procurement_summary,14,store_count,bigint,YES
v_nt_community_procurement_summary,15,health_count,bigint,YES
v_nt_community_procurement_summary,16,housing_count,bigint,YES
v_nt_community_procurement_summary,17,council_count,bigint,YES
v_nt_community_procurement_summary,18,other_service_count,bigint,YES
v_nt_community_procurement_summary,19,community_controlled_match_count,bigint,YES
v_nt_community_procurement_summary,20,top_buyer_names,ARRAY,YES
v_nt_community_procurement_summary,21,needs_postcode_enrichment,boolean,YES
v_nt_community_procurement_summary,22,has_goods_signal,boolean,YES
v_org_funding_profile,1,id,uuid,YES
v_org_funding_profile,2,gs_id,text,YES
v_org_funding_profile,3,canonical_name,text,YES
v_org_funding_profile,4,abn,text,YES
v_org_funding_profile,5,entity_type,text,YES
v_org_funding_profile,6,state,text,YES
v_org_funding_profile,7,lga_name,text,YES
v_org_funding_profile,8,postcode,text,YES
v_org_funding_profile,9,lga_source,text,YES
v_org_funding_profile,10,community_controlled,boolean,YES
v_org_funding_profile,11,oric_status,text,YES
v_org_funding_profile,12,oric_sector,text,YES
v_org_funding_profile,13,oric_size,text,YES
v_org_funding_profile,14,oric_income_band,text,YES
v_org_funding_profile,15,oric_employee_band,text,YES
v_org_funding_profile,16,contract_count,bigint,YES
v_org_funding_profile,17,contract_value,numeric,YES
v_org_funding_profile,18,grants_received_count,bigint,YES
v_org_funding_profile,19,grants_received_value,numeric,YES
v_org_funding_profile,20,grants_delivered_here_count,bigint,YES
v_org_funding_profile,21,grants_delivered_here_value,numeric,YES
v_org_funding_profile,22,other_govt_grant_count,bigint,YES
v_org_funding_profile,23,other_govt_grant_value,numeric,YES
v_org_funding_profile,24,philanthropic_grant_count,bigint,YES
v_org_funding_profile,25,total_traceable_value,numeric,YES
v_org_grant_health,1,id,uuid,YES
v_org_grant_health,2,grant_name,text,YES
v_org_grant_health,3,funder_name,text,YES
v_org_grant_health,4,organization_id,uuid,YES
v_org_grant_health,5,approved_amount,numeric,YES
v_org_grant_health,6,amount_awarded,numeric,YES
v_org_grant_health,7,contract_start,date,YES
v_org_grant_health,8,contract_end,date,YES
v_org_grant_health,9,status,text,YES
v_org_grant_health,10,total_budgeted,numeric,YES
v_org_grant_health,11,total_spent,numeric,YES
v_org_grant_health,12,remaining_budget,numeric,YES
v_org_grant_health,13,issues_count,bigint,YES
v_org_upcoming_deadlines,1,id,uuid,YES
v_org_upcoming_deadlines,2,organization_id,uuid,YES
v_org_upcoming_deadlines,3,grant_id,uuid,YES
v_org_upcoming_deadlines,4,title,text,YES
v_org_upcoming_deadlines,5,due_date,date,YES
v_org_upcoming_deadlines,6,deadline_type,text,YES
v_org_upcoming_deadlines,7,status,text,YES
v_org_upcoming_deadlines,8,submitted_date,date,YES
v_org_upcoming_deadlines,9,requirements,text,YES
v_org_upcoming_deadlines,10,document_url,text,YES
v_org_upcoming_deadlines,11,reminder_days_before,integer,YES
v_org_upcoming_deadlines,12,notes,text,YES
v_org_upcoming_deadlines,13,created_at,timestamp with time zone,YES
v_org_upcoming_deadlines,14,updated_at,timestamp with time zone,YES
v_org_upcoming_deadlines,15,days_until_due,integer,YES
v_org_upcoming_deadlines,16,urgency,text,YES
v_org_upcoming_deadlines,17,grant_name,text,YES
v_org_upcoming_deadlines,18,funder_name,text,YES
v_outstanding_invoices,1,id,uuid,YES
v_outstanding_invoices,2,xero_invoice_id,text,YES
v_outstanding_invoices,3,invoice_number,text,YES
v_outstanding_invoices,4,contact_name,text,YES
v_outstanding_invoices,5,project_code,text,YES
v_outstanding_invoices,6,type,text,YES
v_outstanding_invoices,7,total,numeric,YES
v_outstanding_invoices,8,amount_due,numeric,YES
v_outstanding_invoices,9,amount_paid,numeric,YES
v_outstanding_invoices,10,date,date,YES
v_outstanding_invoices,11,due_date,date,YES
v_outstanding_invoices,12,aging_bucket,text,YES
v_outstanding_invoices,13,days_overdue,integer,YES
v_pending_receipts,1,id,uuid,YES
v_pending_receipts,2,source_type,text,YES
v_pending_receipts,3,source_id,text,YES
v_pending_receipts,4,vendor_name,text,YES
v_pending_receipts,5,amount,numeric,YES
v_pending_receipts,6,transaction_date,date,YES
v_pending_receipts,7,category,text,YES
v_pending_receipts,8,description,text,YES
v_pending_receipts,9,status,text,YES
v_pending_receipts,10,match_confidence,integer,YES
v_pending_receipts,11,suggested_email_subject,text,YES
v_pending_receipts,12,suggested_email_from,text,YES
v_pending_receipts,13,week_start,date,YES
v_pending_receipts,14,deferred_count,integer,YES
v_pending_receipts,15,days_old,integer,YES
v_pending_receipts,16,age_category,text,YES
v_pending_subscriptions_review,1,id,uuid,YES
v_pending_subscriptions_review,2,vendor_name,text,YES
v_pending_subscriptions_review,3,vendor_aliases,ARRAY,YES
v_pending_subscriptions_review,4,detected_amount,numeric,YES
v_pending_subscriptions_review,5,detected_currency,text,YES
v_pending_subscriptions_review,6,detected_cycle,text,YES
v_pending_subscriptions_review,7,discovery_source,text,YES
v_pending_subscriptions_review,8,discovery_confidence,integer,YES
v_pending_subscriptions_review,9,first_seen_at,timestamp with time zone,YES
v_pending_subscriptions_review,10,last_seen_at,timestamp with time zone,YES
v_pending_subscriptions_review,11,payment_count,integer,YES
v_pending_subscriptions_review,12,avg_interval_days,integer,YES
v_pending_subscriptions_review,13,amount_variance_pct,numeric,YES
v_pending_subscriptions_review,14,evidence,jsonb,YES
v_pending_subscriptions_review,15,status,text,YES
v_pending_subscriptions_review,16,resolved_subscription_id,uuid,YES
v_pending_subscriptions_review,17,resolved_at,timestamp with time zone,YES
v_pending_subscriptions_review,18,resolved_by,text,YES
v_pending_subscriptions_review,19,created_at,timestamp with time zone,YES
v_pending_subscriptions_review,20,updated_at,timestamp with time zone,YES
v_pending_subscriptions_review,21,possible_match,text,YES
v_person_360,1,person_id,uuid,YES
v_person_360,2,slug,text,YES
v_person_360,3,full_name,text,YES
v_person_360,4,display_name,text,YES
v_person_360,5,honorific,text,YES
v_person_360,6,primary_role,text,YES
v_person_360,7,indigenous,boolean,YES
v_person_360,8,state_focus,text,YES
v_person_360,9,region_focus,text,YES
v_person_360,10,photo_url,text,YES
v_person_360,11,role_count,bigint,YES
v_person_360,12,current_role_count,bigint,YES
v_person_360,13,role_types,ARRAY,YES
v_person_360,14,linked_org_ids,ARRAY,YES
v_pipeline_value,1,opportunity_type,text,YES
v_pipeline_value,2,stage,text,YES
v_pipeline_value,3,opportunity_count,bigint,YES
v_pipeline_value,4,total_value,numeric,YES
v_pipeline_value,5,weighted_value,numeric,YES
v_pipeline_value,6,avg_probability,numeric,YES
v_prf_portfolio_outcomes,1,recipient_name,text,YES
v_prf_portfolio_outcomes,2,recipient_abn,text,YES
v_prf_portfolio_outcomes,3,gs_entity_id,uuid,YES
v_prf_portfolio_outcomes,4,canonical_name,text,YES
v_prf_portfolio_outcomes,5,amount_dollars,numeric,YES
v_prf_portfolio_outcomes,6,submissions,bigint,YES
v_prf_portfolio_outcomes,7,validated,bigint,YES
v_prf_portfolio_outcomes,8,alma_interventions,bigint,YES
v_prf_portfolio_outcomes,9,best_portfolio_score,numeric,YES
v_prf_portfolio_outcomes,10,proof_bundles,bigint,YES
v_prf_portfolio_outcomes,11,pending_tasks,bigint,YES
v_prf_portfolio_outcomes,12,status,text,YES
v_program_deliverers,1,program_name,text,YES
v_program_deliverers,2,gs_entity_id,text,YES
v_program_deliverers,3,organisation,text,YES
v_program_deliverers,4,legal_name,text,YES
v_program_deliverers,5,asserter_kind,text,YES
v_program_deliverers,6,basis,text,YES
v_program_deliverers,7,source_url,text,YES
v_program_deliverers,8,assertions,bigint,YES
v_program_detail_deliverers,1,program_id,uuid,YES
v_program_detail_deliverers,2,program_name,text,YES
v_program_detail_deliverers,3,gs_entity_id,text,YES
v_program_detail_deliverers,4,organisation,text,YES
v_program_detail_deliverers,5,legal_name,text,YES
v_program_detail_deliverers,6,asserter_kind,text,YES
v_program_detail_deliverers,7,basis,text,YES
v_program_detail_deliverers,8,source_url,text,YES
v_program_detail_deliverers,9,note,text,YES
v_program_detail_deliverers,10,read_at,date,YES
v_program_detail_deliverers,11,source_quote,text,YES
v_program_spine,1,id,uuid,YES
v_program_spine,2,name,text,YES
v_program_spine,3,jurisdiction,text,YES
v_program_spine,4,department,text,YES
v_program_spine,5,status,text,YES
v_program_spine,6,budget_amount,numeric,YES
v_program_spine,7,official_url,text,YES
v_program_spine,8,announced_date,date,YES
v_program_spine,9,funding_links,bigint,YES
v_program_spine,10,strong_links,bigint,YES
v_program_spine,11,example_links,ARRAY,YES
v_program_spine,12,orgs_named,bigint,YES
v_program_spine,13,orgs_with_dollars,bigint,YES
v_program_spine,14,traceable_dollars,numeric,YES
v_project_actions,1,id,uuid,YES
v_project_actions,2,project_code,text,YES
v_project_actions,3,title,text,YES
v_project_actions,4,action_items,jsonb,YES
v_project_actions,5,follow_up_date,date,YES
v_project_actions,6,recorded_at,timestamp with time zone,YES
v_project_activity_stream,1,activity_id,text,YES
v_project_activity_stream,2,activity_type,text,YES
v_project_activity_stream,3,project_code,text,YES
v_project_activity_stream,4,title,text,YES
v_project_activity_stream,5,description,text,YES
v_project_activity_stream,6,activity_date,timestamp with time zone,YES
v_project_activity_stream,7,metadata,jsonb,YES
v_project_alignment,1,id,uuid,YES
v_project_alignment,2,code,text,YES
v_project_alignment,3,name,text,YES
v_project_alignment,4,tier,text,YES
v_project_alignment,5,category,text,YES
v_project_alignment,6,status,text,YES
v_project_alignment,7,importance_weight,integer,YES
v_project_alignment,8,cultural_protocols,boolean,YES
v_project_alignment,9,has_gmail_coverage,boolean,YES
v_project_alignment,10,has_calendar_coverage,boolean,YES
v_project_alignment,11,has_xero_coverage,boolean,YES
v_project_alignment,12,has_contacts,boolean,YES
v_project_alignment,13,has_notion_page,boolean,YES
v_project_alignment,14,knowledge_count,integer,YES
v_project_alignment,15,coverage_score,integer,YES
v_project_alignment,16,has_coverage_gaps,boolean,YES
v_project_decisions,1,project_code,text,YES
v_project_decisions,2,project_name,text,YES
v_project_decisions,3,title,text,YES
v_project_decisions,4,content,text,YES
v_project_decisions,5,decision_status,text,YES
v_project_decisions,6,decision_rationale,text,YES
v_project_decisions,7,recorded_at,timestamp with time zone,YES
v_project_decisions,8,participants,ARRAY,YES
v_project_financials,1,code,text,YES
v_project_financials,2,name,text,YES
v_project_financials,3,tier,text,YES
v_project_financials,4,importance_weight,integer,YES
v_project_financials,5,total_income,numeric,YES
v_project_financials,6,total_expenses,numeric,YES
v_project_financials,7,net_position,numeric,YES
v_project_financials,8,fy_expenses,numeric,YES
v_project_financials,9,fy_income,numeric,YES
v_project_financials,10,transaction_count,bigint,YES
v_project_financials,11,receivable,numeric,YES
v_project_financials,12,pipeline_value,numeric,YES
v_project_financials,13,grant_funding,numeric,YES
v_project_financials,14,monthly_subscriptions,numeric,YES
v_project_funding_position,1,allocation_id,uuid,YES
v_project_funding_position,2,project_code,text,YES
v_project_funding_position,3,funder_org_name,text,YES
v_project_funding_position,4,grant_or_contract_ref,text,YES
v_project_funding_position,5,committed_amount,numeric,YES
v_project_funding_position,6,status,text,YES
v_project_funding_position,7,period_start,date,YES
v_project_funding_position,8,period_end,date,YES
v_project_funding_position,9,next_report_due,date,YES
v_project_funding_position,10,next_report_name,text,YES
v_project_funding_position,11,drawn_amount,numeric,YES
v_project_funding_position,12,remaining_amount,numeric,YES
v_project_funding_position,13,drawn_pct,numeric,YES
v_project_funding_position,14,drawdown_count,bigint,YES
v_project_funding_position,15,last_drawn_at,date,YES
v_project_funding_position,16,pile_tag,text,YES
v_project_funding_position,17,notes,text,YES
v_project_health_summary,1,health_status,text,YES
v_project_health_summary,2,project_count,bigint,YES
v_project_health_summary,3,avg_score,numeric,YES
v_project_health_summary,4,min_score,integer,YES
v_project_health_summary,5,max_score,integer,YES
v_project_lifetime_position,1,project_code,text,YES
v_project_lifetime_position,2,revenue_invoiced_lifetime,numeric,YES
v_project_lifetime_position,3,expense_billed_lifetime,numeric,YES
v_project_lifetime_position,4,expense_bank_lifetime,numeric,YES
v_project_lifetime_position,5,receive_bank_lifetime,numeric,YES
v_project_lifetime_position,6,invoice_count_lifetime,numeric,YES
v_project_lifetime_position,7,txn_count_lifetime,numeric,YES
v_project_lifetime_position,8,first_quarter,date,YES
v_project_lifetime_position,9,last_quarter,date,YES
v_project_money_state,1,project_code,text,YES
v_project_money_state,2,project_name,text,YES
v_project_money_state,3,tier,text,YES
v_project_money_state,4,category,text,YES
v_project_money_state,5,project_status,text,YES
v_project_money_state,6,importance_weight,integer,YES
v_project_money_state,7,txn_count_fy,bigint,YES
v_project_money_state,8,txn_untagged_fy,bigint,YES
v_project_money_state,9,inv_count_fy,bigint,YES
v_project_money_state,10,inv_untagged_fy,bigint,YES
v_project_money_state,11,opp_open_count,bigint,YES
v_project_money_state,12,opp_untagged_count,bigint,YES
v_project_money_state,13,income_fy,numeric,YES
v_project_money_state,14,expenses_fy,numeric,YES
v_project_money_state,15,net_fy,numeric,YES
v_project_money_state,16,revenue_paid_fy,numeric,YES
v_project_money_state,17,receivables,numeric,YES
v_project_money_state,18,pipeline_weighted,numeric,YES
v_project_money_state,19,pipeline_raw,numeric,YES
v_project_money_state,20,grants_in_flight,numeric,YES
v_project_money_state,21,grants_in_flight_count,bigint,YES
v_project_money_state,22,last_transaction_at,date,YES
v_project_money_state,23,last_invoice_paid_at,date,YES
v_project_money_state,24,last_bill_at,date,YES
v_project_money_state,25,last_opp_update_at,timestamp with time zone,YES
v_project_money_state,26,days_since_transaction,integer,YES
v_project_money_state,27,days_since_invoice_paid,integer,YES
v_project_money_state,28,days_since_opp_update,integer,YES
v_project_pipeline_totals,1,project_code,text,YES
v_project_pipeline_totals,2,pipelines_active,bigint,YES
v_project_pipeline_totals,3,open_count,bigint,YES
v_project_pipeline_totals,4,won_count,bigint,YES
v_project_pipeline_totals,5,lost_count,bigint,YES
v_project_pipeline_totals,6,open_value_aud,numeric,YES
v_project_pipeline_totals,7,won_value_aud,numeric,YES
v_project_pipeline_totals,8,latest_activity_at,timestamp with time zone,YES
v_project_pipeline_totals,9,computed_at,timestamp with time zone,YES
v_project_questions,1,project_code,text,YES
v_project_questions,2,project_name,text,YES
v_project_questions,3,title,text,YES
v_project_questions,4,content,text,YES
v_project_questions,5,recorded_at,timestamp with time zone,YES
v_project_questions,6,follow_up_date,date,YES
v_project_questions,7,importance,text,YES
v_project_relationships,1,contact_id,text,YES
v_project_relationships,2,contact_name,text,YES
v_project_relationships,3,email,text,YES
v_project_relationships,4,company_name,text,YES
v_project_relationships,5,tags,ARRAY,YES
v_project_relationships,6,project_code,text,YES
v_project_relationships,7,temperature,integer,YES
v_project_relationships,8,temperature_trend,text,YES
v_project_relationships,9,last_contact_at,timestamp with time zone,YES
v_project_relationships,10,email_score,integer,YES
v_project_relationships,11,calendar_score,integer,YES
v_project_relationships,12,risk_flags,ARRAY,YES
v_project_strategic_summary,1,code,text,YES
v_project_strategic_summary,2,name,text,YES
v_project_strategic_summary,3,tier,text,YES
v_project_strategic_summary,4,project_status,text,YES
v_project_strategic_summary,5,category,text,YES
v_project_strategic_summary,6,revenue_model,text,YES
v_project_strategic_summary,7,time_to_revenue,text,YES
v_project_strategic_summary,8,product_readiness_pct,integer,YES
v_project_strategic_summary,9,rd_eligible,boolean,YES
v_project_strategic_summary,10,rd_category,text,YES
v_project_strategic_summary,11,tam_annual,numeric,YES
v_project_strategic_summary,12,sam_annual,numeric,YES
v_project_strategic_summary,13,one_liner,text,YES
v_project_strategic_summary,14,biggest_blocker,text,YES
v_project_strategic_summary,15,fastest_win,text,YES
v_project_strategic_summary,16,independence_score,integer,YES
v_project_strategic_summary,17,contributes_to,ARRAY,YES
v_project_strategic_summary,18,depends_on,ARRAY,YES
v_project_strategic_summary,19,feeds_into,ARRAY,YES
v_project_strategic_summary,20,annual_budget,numeric,YES
v_project_strategic_summary,21,annual_revenue_target,numeric,YES
v_project_strategic_summary,22,fy_revenue,numeric,YES
v_project_strategic_summary,23,fy_expenses,numeric,YES
v_project_strategic_summary,24,fy_net,numeric,YES
v_project_strategic_summary,25,pipeline_count,bigint,YES
v_project_strategic_summary,26,pipeline_weighted,numeric,YES
v_project_summary,1,project_code,text,YES
v_project_summary,2,project_name,text,YES
v_project_summary,3,health_score,integer,YES
v_project_summary,4,health_status,text,YES
v_project_summary,5,momentum_score,integer,YES
v_project_summary,6,engagement_score,integer,YES
v_project_summary,7,financial_score,integer,YES
v_project_summary,8,timeline_score,integer,YES
v_project_summary,9,health_calculated_at,timestamp with time zone,YES
v_project_summary,10,total_income,numeric,YES
v_project_summary,11,total_expenses,numeric,YES
v_project_summary,12,net,numeric,YES
v_project_summary,13,transaction_count,bigint,YES
v_project_summary,14,invoice_count,bigint,YES
v_project_summary,15,outstanding_amount,numeric,YES
v_project_summary,16,opportunity_count,bigint,YES
v_project_summary,17,pipeline_value,numeric,YES
v_project_summary,18,open_opportunities,bigint,YES
v_project_summary,19,email_count,bigint,YES
v_project_summary,20,last_email_date,timestamp with time zone,YES
v_project_summary,21,grant_count,bigint,YES
v_project_summary,22,grants_won,numeric,YES
v_project_summary,23,grants_pending,numeric,YES
v_project_summary,24,subscription_monthly_cost,numeric,YES
v_projects_needing_attention,1,project_code,text,YES
v_projects_needing_attention,2,project_name,text,YES
v_projects_needing_attention,3,overall_score,integer,YES
v_projects_needing_attention,4,health_status,text,YES
v_projects_needing_attention,5,momentum_score,integer,YES
v_projects_needing_attention,6,alerts,jsonb,YES
v_projects_needing_attention,7,calculated_at,timestamp with time zone,YES
v_projects_needing_attention,8,time_since_calculation,interval,YES
v_qld_watchhouse_latest,1,id,uuid,YES
v_qld_watchhouse_latest,2,source_url,text,YES
v_qld_watchhouse_latest,3,source_pdf_url,text,YES
v_qld_watchhouse_latest,4,source_generated_at,timestamp with time zone,YES
v_qld_watchhouse_latest,5,source_generated_date,date,YES
v_qld_watchhouse_latest,6,source_generated_time,time without time zone,YES
v_qld_watchhouse_latest,7,fetched_at,timestamp with time zone,YES
v_qld_watchhouse_latest,8,fetch_status,integer,YES
v_qld_watchhouse_latest,9,content_type,text,YES
v_qld_watchhouse_latest,10,raw_pdf_sha256,text,YES
v_qld_watchhouse_latest,11,total_people,integer,YES
v_qld_watchhouse_latest,12,total_adults,integer,YES
v_qld_watchhouse_latest,13,total_children,integer,YES
v_qld_watchhouse_latest,14,adult_first_nations,integer,YES
v_qld_watchhouse_latest,15,adult_non_indigenous,integer,YES
v_qld_watchhouse_latest,16,adult_other_status,integer,YES
v_qld_watchhouse_latest,17,child_first_nations,integer,YES
v_qld_watchhouse_latest,18,child_non_indigenous,integer,YES
v_qld_watchhouse_latest,19,child_other_status,integer,YES
v_qld_watchhouse_latest,20,adult_0_2_days,integer,YES
v_qld_watchhouse_latest,21,adult_3_7_days,integer,YES
v_qld_watchhouse_latest,22,adult_over_7_days,integer,YES
v_qld_watchhouse_latest,23,child_0_2_days,integer,YES
v_qld_watchhouse_latest,24,child_3_7_days,integer,YES
v_qld_watchhouse_latest,25,child_over_7_days,integer,YES
v_qld_watchhouse_latest,26,adult_longest_days,integer,YES
v_qld_watchhouse_latest,27,child_longest_days,integer,YES
v_qld_watchhouse_latest,28,child_watchhouse_count,integer,YES
v_qld_watchhouse_latest,29,raw_text,text,YES
v_qld_watchhouse_latest,30,metadata,jsonb,YES
v_qld_watchhouse_latest,31,created_at,timestamp with time zone,YES
v_qld_watchhouse_latest,32,updated_at,timestamp with time zone,YES
v_qld_watchhouse_latest,33,rows,jsonb,YES
v_qld_yj_bills_active,1,bill_name,text,YES
v_qld_yj_bills_active,2,mentions,integer,YES
v_qld_yj_bills_active,3,distinct_speakers,integer,YES
v_qld_yj_bills_active,4,parties,ARRAY,YES
v_qld_yj_bills_active,5,first_mention,date,YES
v_qld_yj_bills_active,6,last_mention,date,YES
v_qld_yj_bills_active,7,is_yj_specific,boolean,YES
v_rd_expenses,1,vendor_name,text,YES
v_rd_expenses,2,category,text,YES
v_rd_expenses,3,project_code,text,YES
v_rd_expenses,4,contact_name,text,YES
v_rd_expenses,5,total,numeric,YES
v_rd_expenses,6,date,date,YES
v_rd_expenses,7,transaction_id,uuid,YES
v_receipt_pipeline_funnel,1,stage,text,YES
v_receipt_pipeline_funnel,2,count,bigint,YES
v_receipt_pipeline_funnel,3,total_amount,numeric,YES
v_receipt_pipeline_funnel,4,oldest_date,date,YES
v_receipt_pipeline_funnel,5,newest_date,date,YES
v_receipt_pipeline_funnel,6,stuck_count,bigint,YES
v_recent_agent_errors,1,agent_id,text,YES
v_recent_agent_errors,2,action,text,YES
v_recent_agent_errors,3,target_table,text,YES
v_recent_agent_errors,4,error_message,text,YES
v_recent_agent_errors,5,error_code,text,YES
v_recent_agent_errors,6,timestamp,timestamp with time zone,YES
v_recent_agent_errors,7,duration_ms,integer,YES
v_recent_communications,1,id,uuid,YES
v_recent_communications,2,ghl_contact_id,text,YES
v_recent_communications,3,channel,text,YES
v_recent_communications,4,direction,text,YES
v_recent_communications,5,from_identity,uuid,YES
v_recent_communications,6,to_identities,ARRAY,YES
v_recent_communications,7,subject,text,YES
v_recent_communications,8,content_preview,text,YES
v_recent_communications,9,full_content_ref,text,YES
v_recent_communications,10,summary,text,YES
v_recent_communications,11,sentiment,text,YES
v_recent_communications,12,topics,ARRAY,YES
v_recent_communications,13,action_items,jsonb,YES
v_recent_communications,14,key_decisions,ARRAY,YES
v_recent_communications,15,waiting_for_response,boolean,YES
v_recent_communications,16,response_needed_by,text,YES
v_recent_communications,17,follow_up_date,date,YES
v_recent_communications,18,source_system,text,YES
v_recent_communications,19,source_id,text,YES
v_recent_communications,20,source_thread_id,text,YES
v_recent_communications,21,parent_id,uuid,YES
v_recent_communications,22,occurred_at,timestamp with time zone,YES
v_recent_communications,23,synced_at,timestamp with time zone,YES
v_recent_communications,24,enriched_at,timestamp with time zone,YES
v_recent_communications,25,created_at,timestamp with time zone,YES
v_recent_communications,26,updated_at,timestamp with time zone,YES
v_recent_communications,27,contact_name,text,YES
v_recent_communications,28,contact_email,text,YES
v_recent_communications,29,company_name,text,YES
v_recent_communications,30,temperature,integer,YES
v_recent_communications,31,lcaa_stage,text,YES
v_recent_project_knowledge,1,id,uuid,YES
v_recent_project_knowledge,2,project_code,text,YES
v_recent_project_knowledge,3,project_name,text,YES
v_recent_project_knowledge,4,knowledge_type,text,YES
v_recent_project_knowledge,5,title,text,YES
v_recent_project_knowledge,6,content,text,YES
v_recent_project_knowledge,7,source_type,text,YES
v_recent_project_knowledge,8,source_ref,text,YES
v_recent_project_knowledge,9,source_url,text,YES
v_recent_project_knowledge,10,voice_note_id,uuid,YES
v_recent_project_knowledge,11,communication_id,uuid,YES
v_recent_project_knowledge,12,recorded_by,text,YES
v_recent_project_knowledge,13,recorded_at,timestamp with time zone,YES
v_recent_project_knowledge,14,participants,ARRAY,YES
v_recent_project_knowledge,15,contact_ids,ARRAY,YES
v_recent_project_knowledge,16,summary,text,YES
v_recent_project_knowledge,17,topics,ARRAY,YES
v_recent_project_knowledge,18,sentiment,text,YES
v_recent_project_knowledge,19,importance,text,YES
v_recent_project_knowledge,20,action_required,boolean,YES
v_recent_project_knowledge,21,action_items,jsonb,YES
v_recent_project_knowledge,22,follow_up_date,date,YES
v_recent_project_knowledge,23,decision_status,text,YES
v_recent_project_knowledge,24,decision_rationale,text,YES
v_recent_project_knowledge,25,embedding,USER-DEFINED,YES
v_recent_project_knowledge,26,created_at,timestamp with time zone,YES
v_recent_project_knowledge,27,updated_at,timestamp with time zone,YES
v_recent_project_knowledge,28,recency,text,YES
v_relationship_health,1,relationship_type,text,YES
v_relationship_health,2,dataset,text,YES
v_relationship_health,3,total,bigint,YES
v_relationship_health,4,both_abn,bigint,YES
v_relationship_health,5,neither_abn,bigint,YES
v_relationship_health,6,source_missing,bigint,YES
v_relationship_health,7,target_missing,bigint,YES
v_relationship_health,8,pct_solid,numeric,YES
v_state_ecosystem_summary,1,state,text,YES
v_state_ecosystem_summary,2,operational_facilities,bigint,YES
v_state_ecosystem_summary,3,total_capacity,bigint,YES
v_state_ecosystem_summary,4,total_population,bigint,YES
v_state_ecosystem_summary,5,community_programs,bigint,YES
v_state_ecosystem_summary,6,services,bigint,YES
v_state_ecosystem_summary,7,organizations,bigint,YES
v_subscription_alerts,1,id,uuid,YES
v_subscription_alerts,2,vendor_name,text,YES
v_subscription_alerts,3,vendor_email,text,YES
v_subscription_alerts,4,account_email,text,YES
v_subscription_alerts,5,account_status,text,YES
v_subscription_alerts,6,billing_cycle,text,YES
v_subscription_alerts,7,amount,numeric,YES
v_subscription_alerts,8,currency,text,YES
v_subscription_alerts,9,next_billing_date,date,YES
v_subscription_alerts,10,category,text,YES
v_subscription_alerts,11,purpose,text,YES
v_subscription_alerts,12,project_codes,ARRAY,YES
v_subscription_alerts,13,is_essential,boolean,YES
v_subscription_alerts,14,review_status,text,YES
v_subscription_alerts,15,receipt_automation,text,YES
v_subscription_alerts,16,dext_supplier_rule,boolean,YES
v_subscription_alerts,17,xero_bank_rule,boolean,YES
v_subscription_alerts,18,notes,text,YES
v_subscription_alerts,19,created_at,timestamp with time zone,YES
v_subscription_alerts,20,updated_at,timestamp with time zone,YES
v_subscription_alerts,21,current_login_email,text,YES
v_subscription_alerts,22,login_url,text,YES
v_subscription_alerts,23,migration_notes,text,YES
v_subscription_alerts,24,migrated_at,timestamp with time zone,YES
v_subscription_alerts,25,xero_repeating_invoice_id,text,YES
v_subscription_alerts,26,discovery_source,ARRAY,YES
v_subscription_alerts,27,discovery_confidence,integer,YES
v_subscription_alerts,28,last_discovery_check,timestamp with time zone,YES
v_subscription_alerts,29,expected_amount,numeric,YES
v_subscription_alerts,30,last_payment_date,date,YES
v_subscription_alerts,31,consecutive_missed_payments,integer,YES
v_subscription_alerts,32,alert_status,text,YES
v_subscription_alerts,33,alert_priority,text,YES
v_team_capacity,1,id,uuid,YES
v_team_capacity,2,name,text,YES
v_team_capacity,3,role,text,YES
v_team_capacity,4,available_hours_per_week,numeric,YES
v_team_capacity,5,allocated_hours,numeric,YES
v_team_capacity,6,available_hours,numeric,YES
v_team_capacity,7,utilisation_pct,numeric,YES
v_team_capacity,8,projects,ARRAY,YES
v_team_voice_notes,1,id,uuid,YES
v_team_voice_notes,2,source_channel,text,YES
v_team_voice_notes,3,recorded_by,uuid,YES
v_team_voice_notes,4,recorded_by_name,text,YES
v_team_voice_notes,5,duration_seconds,integer,YES
v_team_voice_notes,6,file_size_bytes,integer,YES
v_team_voice_notes,7,audio_url,text,YES
v_team_voice_notes,8,audio_format,text,YES
v_team_voice_notes,9,transcript,text,YES
v_team_voice_notes,10,transcript_confidence,numeric,YES
v_team_voice_notes,11,transcript_language,text,YES
v_team_voice_notes,12,transcribed_at,timestamp with time zone,YES
v_team_voice_notes,13,transcription_model,text,YES
v_team_voice_notes,14,summary,text,YES
v_team_voice_notes,15,topics,ARRAY,YES
v_team_voice_notes,16,action_items,jsonb,YES
v_team_voice_notes,17,key_points,ARRAY,YES
v_team_voice_notes,18,mentioned_people,ARRAY,YES
v_team_voice_notes,19,mentioned_contacts,ARRAY,YES
v_team_voice_notes,20,embedding,USER-DEFINED,YES
v_team_voice_notes,21,visibility,text,YES
v_team_voice_notes,22,shared_with,ARRAY,YES
v_team_voice_notes,23,project_context,text,YES
v_team_voice_notes,24,related_contact_id,text,YES
v_team_voice_notes,25,related_communication_id,uuid,YES
v_team_voice_notes,26,reply_to_voice_note_id,uuid,YES
v_team_voice_notes,27,mentions_elders,boolean,YES
v_team_voice_notes,28,requires_cultural_review,boolean,YES
v_team_voice_notes,29,cultural_review_status,text,YES
v_team_voice_notes,30,cultural_reviewer_notes,text,YES
v_team_voice_notes,31,recorded_at,timestamp with time zone,YES
v_team_voice_notes,32,uploaded_at,timestamp with time zone,YES
v_team_voice_notes,33,enriched_at,timestamp with time zone,YES
v_team_voice_notes,34,created_at,timestamp with time zone,YES
v_team_voice_notes,35,updated_at,timestamp with time zone,YES
v_team_voice_notes,36,recorder_display_name,text,YES
v_team_voice_notes,37,recorder_channel,text,YES
v_top_untagged,1,contact_name,text,YES
v_top_untagged,2,tx_count,bigint,YES
v_top_untagged,3,total_value,numeric,YES
v_unified_contacts,1,id,uuid,YES
v_unified_contacts,2,name,text,YES
v_unified_contacts,3,email,text,YES
v_unified_contacts,4,phone,text,YES
v_unified_contacts,5,company,text,YES
v_unified_contacts,6,confidence,numeric,YES
v_unified_contacts,7,relationship_strength,text,YES
v_unified_contacts,8,primary_project_codes,ARRAY,YES
v_unified_contacts,9,sources,ARRAY,YES
v_unified_contacts,10,ghl_id,text,YES
v_unified_contacts,11,notion_id,text,YES
v_unified_contacts,12,identifier_count,bigint,YES
v_unified_contacts,13,created_at,timestamp with time zone,YES
v_unified_contacts,14,updated_at,timestamp with time zone,YES
v_unmapped_transactions,1,id,uuid,YES
v_unmapped_transactions,2,date,date,YES
v_unmapped_transactions,3,contact_name,text,YES
v_unmapped_transactions,4,total,numeric,YES
v_unmapped_transactions,5,type,text,YES
v_unmapped_transactions,6,bank_account,text,YES
v_unmapped_transactions,7,suggested_project,text,YES
v_unmapped_transactions,8,suggested_category,text,YES
v_unmapped_transactions,9,matched_rule_vendor,text,YES
v_voice_notes_cultural_review,1,id,uuid,YES
v_voice_notes_cultural_review,2,source_channel,text,YES
v_voice_notes_cultural_review,3,recorded_by,uuid,YES
v_voice_notes_cultural_review,4,recorded_by_name,text,YES
v_voice_notes_cultural_review,5,duration_seconds,integer,YES
v_voice_notes_cultural_review,6,file_size_bytes,integer,YES
v_voice_notes_cultural_review,7,audio_url,text,YES
v_voice_notes_cultural_review,8,audio_format,text,YES
v_voice_notes_cultural_review,9,transcript,text,YES
v_voice_notes_cultural_review,10,transcript_confidence,numeric,YES
v_voice_notes_cultural_review,11,transcript_language,text,YES
v_voice_notes_cultural_review,12,transcribed_at,timestamp with time zone,YES
v_voice_notes_cultural_review,13,transcription_model,text,YES
v_voice_notes_cultural_review,14,summary,text,YES
v_voice_notes_cultural_review,15,topics,ARRAY,YES
v_voice_notes_cultural_review,16,action_items,jsonb,YES
v_voice_notes_cultural_review,17,key_points,ARRAY,YES
v_voice_notes_cultural_review,18,mentioned_people,ARRAY,YES
v_voice_notes_cultural_review,19,mentioned_contacts,ARRAY,YES
v_voice_notes_cultural_review,20,embedding,USER-DEFINED,YES
v_voice_notes_cultural_review,21,visibility,text,YES
v_voice_notes_cultural_review,22,shared_with,ARRAY,YES
v_voice_notes_cultural_review,23,project_context,text,YES
v_voice_notes_cultural_review,24,related_contact_id,text,YES
v_voice_notes_cultural_review,25,related_communication_id,uuid,YES
v_voice_notes_cultural_review,26,reply_to_voice_note_id,uuid,YES
v_voice_notes_cultural_review,27,mentions_elders,boolean,YES
v_voice_notes_cultural_review,28,requires_cultural_review,boolean,YES
v_voice_notes_cultural_review,29,cultural_review_status,text,YES
v_voice_notes_cultural_review,30,cultural_reviewer_notes,text,YES
v_voice_notes_cultural_review,31,recorded_at,timestamp with time zone,YES
v_voice_notes_cultural_review,32,uploaded_at,timestamp with time zone,YES
v_voice_notes_cultural_review,33,enriched_at,timestamp with time zone,YES
v_voice_notes_cultural_review,34,created_at,timestamp with time zone,YES
v_voice_notes_cultural_review,35,updated_at,timestamp with time zone,YES
v_voice_notes_cultural_review,36,recorder_display_name,text,YES
v_voice_notes_with_actions,1,id,uuid,YES
v_voice_notes_with_actions,2,summary,text,YES
v_voice_notes_with_actions,3,recorded_by_name,text,YES
v_voice_notes_with_actions,4,recorded_at,timestamp with time zone,YES
v_voice_notes_with_actions,5,project_context,text,YES
v_voice_notes_with_actions,6,action_item,jsonb,YES
v_youth_justice_cost_comparison,1,financial_year,text,YES
v_youth_justice_cost_comparison,2,service_type,text,YES
v_youth_justice_cost_comparison,3,unit,text,YES
v_youth_justice_cost_comparison,4,metric,text,YES
v_youth_justice_cost_comparison,5,nsw,numeric,YES
v_youth_justice_cost_comparison,6,vic,numeric,YES
v_youth_justice_cost_comparison,7,qld,numeric,YES
v_youth_justice_cost_comparison,8,wa,numeric,YES
v_youth_justice_cost_comparison,9,sa,numeric,YES
v_youth_justice_cost_comparison,10,tas,numeric,YES
v_youth_justice_cost_comparison,11,act,numeric,YES
v_youth_justice_cost_comparison,12,nt,numeric,YES
v_youth_justice_cost_comparison,13,aust,numeric,YES
v_youth_justice_entities,1,id,uuid,YES
v_youth_justice_entities,2,gs_id,text,YES
v_youth_justice_entities,3,canonical_name,text,YES
v_youth_justice_entities,4,abn,text,YES
v_youth_justice_entities,5,entity_type,text,YES
v_youth_justice_entities,6,sector,text,YES
v_youth_justice_entities,7,state,text,YES
v_youth_justice_entities,8,postcode,text,YES
v_youth_justice_entities,9,remoteness,text,YES
v_youth_justice_entities,10,lga_name,text,YES
v_youth_justice_entities,11,is_community_controlled,boolean,YES
v_youth_justice_entities,12,justice_funding_total,numeric,YES
v_youth_justice_entities,13,justice_grant_count,bigint,YES
v_youth_justice_entities,14,contract_total,numeric,YES
v_youth_justice_entities,15,contract_count,bigint,YES
v_youth_justice_entities,16,alma_intervention_count,bigint,YES
v_youth_justice_entities,17,evidence_levels,ARRAY,YES
v_youth_justice_entities,18,avg_cost_per_person,numeric,YES
v_youth_justice_entities,19,has_justice_funding,boolean,YES
v_youth_justice_entities,20,has_yj_contracts,boolean,YES
v_youth_justice_entities,21,has_alma_interventions,boolean,YES
v_youth_justice_recipient_stats,1,organisations,bigint,YES
v_youth_justice_recipient_stats,2,total_dollars,numeric,YES
v_youth_justice_recipient_stats,3,top_ten_pct,numeric,YES
v_youth_justice_recipient_stats,4,top_hundred_pct,numeric,YES
v_youth_justice_recipient_stats,5,median_dollars,numeric,YES
v_youth_justice_recipient_stats,6,under_ten_thousand,bigint,YES
v_youth_justice_recipients,1,gs_entity_id,text,YES
v_youth_justice_recipients,2,abn,text,YES
v_youth_justice_recipients,3,display_name,text,YES
v_youth_justice_recipients,4,legal_name,text,YES
v_youth_justice_recipients,5,name_basis,text,YES
v_youth_justice_recipients,6,name_note,text,YES
v_youth_justice_recipients,7,total_dollars,numeric,YES
v_youth_justice_recipients,8,award_count,bigint,YES
v_youth_justice_recipients,9,funded_name_count,bigint,YES
v_youth_justice_recipients,10,entity_ids_merged,bigint,YES
v_youth_justice_recipients,11,first_year,text,YES
v_youth_justice_recipients,12,last_year,text,YES
v_youth_justice_recipients,13,link_was_machine_backfilled,boolean,YES
v_youth_justice_recipients,14,share_pct,numeric,YES
v_youth_justice_recipients,15,rank,bigint,YES
v_youth_justice_state_dashboard,1,financial_year,text,YES
v_youth_justice_state_dashboard,2,state,text,YES
v_youth_justice_state_dashboard,3,total_expenditure_m,numeric,YES
v_youth_justice_state_dashboard,4,cost_per_detention,numeric,YES
v_youth_justice_state_dashboard,5,recidivism_pct,numeric,YES
v_youth_justice_state_dashboard,6,completion_pct,numeric,YES
v_youth_justice_state_dashboard,7,indigenous_rate_ratio,numeric,YES
v_youth_justice_state_dashboard,8,facility_count,bigint,YES
v_youth_justice_state_dashboard,9,total_beds,bigint,YES
v_youth_justice_state_dashboard,10,facility_indigenous_pct,numeric,YES
validation_reviews,1,id,uuid,NO
validation_reviews,2,created_at,timestamp with time zone,NO
validation_reviews,3,updated_at,timestamp with time zone,NO
validation_reviews,4,review_date,date,NO
validation_reviews,5,reviewer,text,YES
validation_reviews,6,row_key,text,NO
validation_reviews,7,record_type,text,NO
validation_reviews,8,surface,text,YES
validation_reviews,9,source,text,YES
validation_reviews,10,record_id,text,YES
validation_reviews,11,record_name,text,YES
validation_reviews,12,status,text,NO
validation_reviews,13,issue_type,text,YES
validation_reviews,14,url_works,boolean,YES
validation_reviews,15,open_now_correct,boolean,YES
validation_reviews,16,deadline_correct,boolean,YES
validation_reviews,17,amount_correct,boolean,YES
validation_reviews,18,provider_correct,boolean,YES
validation_reviews,19,match_relevance_score,numeric,YES
validation_reviews,20,relationship_signal_score,numeric,YES
validation_reviews,21,actionability_score,numeric,YES
validation_reviews,22,notes,text,YES
validation_reviews,23,recommended_fix,text,YES
validation_reviews,24,owner,text,YES
vendor_contact_log,1,id,uuid,NO
vendor_contact_log,2,subscription_id,uuid,NO
vendor_contact_log,3,vendor_email,text,NO
vendor_contact_log,4,email_subject,text,YES
vendor_contact_log,5,email_body,text,YES
vendor_contact_log,6,sent_at,timestamp with time zone,YES
vendor_contact_log,7,status,text,YES
vendor_contact_log,8,retry_count,integer,YES
vendor_contact_log,9,last_retry_at,timestamp with time zone,YES
vendor_contact_log,10,error_message,text,YES
vendor_contact_log,11,gmail_message_id,text,YES
vendor_contact_log,12,gmail_thread_id,text,YES
vendor_contact_log,13,created_at,timestamp with time zone,YES
vendor_contact_log,14,updated_at,timestamp with time zone,YES
vendor_project_rules,1,id,uuid,NO
vendor_project_rules,2,vendor_name,text,NO
vendor_project_rules,3,aliases,ARRAY,YES
vendor_project_rules,4,project_code,text,NO
vendor_project_rules,5,category,text,YES
vendor_project_rules,6,rd_eligible,boolean,YES
vendor_project_rules,7,auto_apply,boolean,YES
vendor_project_rules,8,created_at,timestamp with time zone,YES
vendor_project_rules,9,entity_code,text,YES
vendor_project_rules,10,income_type,text,YES
vendor_project_rules,11,rd_category,text,YES
vendor_project_rules,12,xero_account_code,text,YES
vendor_project_rules,13,xero_tax_type,text,YES
vendor_project_rules,14,xero_currency,text,YES
vendor_project_rules,15,xero_business_division,text,YES
vendor_project_rules,16,xero_tenant_id,text,YES
vic_grants_awarded,1,id,uuid,NO
vic_grants_awarded,2,source,text,NO
vic_grants_awarded,3,agency,text,YES
vic_grants_awarded,4,program_name,text,YES
vic_grants_awarded,5,round_name,text,YES
vic_grants_awarded,6,recipient_name,text,YES
vic_grants_awarded,7,recipient_abn,text,YES
vic_grants_awarded,8,amount_aud,numeric,YES
vic_grants_awarded,9,approval_date,date,YES
vic_grants_awarded,10,start_date,date,YES
vic_grants_awarded,11,end_date,date,YES
vic_grants_awarded,12,financial_year,text,YES
vic_grants_awarded,13,description,text,YES
vic_grants_awarded,14,region,text,YES
vic_grants_awarded,15,state,text,YES
vic_grants_awarded,16,source_url,text,YES
vic_grants_awarded,17,source_id,text,YES
vic_grants_awarded,18,gs_entity_id,uuid,YES
vic_grants_awarded,19,imported_at,timestamp with time zone,NO
vic_grants_awarded,20,raw,jsonb,YES
voice_notes,1,id,uuid,NO
voice_notes,2,source_channel,text,NO
voice_notes,3,recorded_by,uuid,YES
voice_notes,4,recorded_by_name,text,YES
voice_notes,5,duration_seconds,integer,YES
voice_notes,6,file_size_bytes,integer,YES
voice_notes,7,audio_url,text,YES
voice_notes,8,audio_format,text,YES
voice_notes,9,transcript,text,YES
voice_notes,10,transcript_confidence,numeric,YES
voice_notes,11,transcript_language,text,YES
voice_notes,12,transcribed_at,timestamp with time zone,YES
voice_notes,13,transcription_model,text,YES
voice_notes,14,summary,text,YES
voice_notes,15,topics,ARRAY,YES
voice_notes,16,action_items,jsonb,YES
voice_notes,17,key_points,ARRAY,YES
voice_notes,18,mentioned_people,ARRAY,YES
voice_notes,19,mentioned_contacts,ARRAY,YES
voice_notes,20,embedding,USER-DEFINED,YES
voice_notes,21,visibility,text,YES
voice_notes,22,shared_with,ARRAY,YES
voice_notes,23,project_context,text,YES
voice_notes,24,related_contact_id,text,YES
voice_notes,25,related_communication_id,uuid,YES
voice_notes,26,reply_to_voice_note_id,uuid,YES
voice_notes,27,mentions_elders,boolean,YES
voice_notes,28,requires_cultural_review,boolean,YES
voice_notes,29,cultural_review_status,text,YES
voice_notes,30,cultural_reviewer_notes,text,YES
voice_notes,31,recorded_at,timestamp with time zone,NO
voice_notes,32,uploaded_at,timestamp with time zone,YES
voice_notes,33,enriched_at,timestamp with time zone,YES
voice_notes,34,created_at,timestamp with time zone,YES
voice_notes,35,updated_at,timestamp with time zone,YES
vw_alma_intervention_matches,1,id,uuid,YES
vw_alma_intervention_matches,2,contact_id,uuid,YES
vw_alma_intervention_matches,3,person_id,uuid,YES
vw_alma_intervention_matches,4,project_notion_id,text,YES
vw_alma_intervention_matches,5,project_name,text,YES
vw_alma_intervention_matches,6,project_source,text,YES
vw_alma_intervention_matches,7,alignment_score,integer,YES
vw_alma_intervention_matches,8,matched_keywords,ARRAY,YES
vw_alma_intervention_matches,9,match_reason,text,YES
vw_alma_intervention_matches,10,alma_intervention_id,uuid,YES
vw_alma_intervention_matches,11,alma_signal_boost,integer,YES
vw_alma_intervention_matches,12,engagement_status,text,YES
vw_alma_intervention_matches,13,created_at,timestamp with time zone,YES
vw_alma_intervention_matches,14,updated_at,timestamp with time zone,YES
vw_alma_intervention_matches,15,full_name,text,YES
vw_alma_intervention_matches,16,email_address,text,YES
vw_alma_intervention_matches,17,alignment_tags,ARRAY,YES
vw_alma_intervention_matches,18,strategic_value,text,YES
vw_auto_mapped_contacts,1,linkedin_contact_id,uuid,YES
vw_auto_mapped_contacts,2,full_name,text,YES
vw_auto_mapped_contacts,3,email_address,text,YES
vw_auto_mapped_contacts,4,current_company,text,YES
vw_auto_mapped_contacts,5,bio,text,YES
vw_auto_mapped_contacts,6,exa_confidence_score,numeric,YES
vw_auto_mapped_contacts,7,exa_last_enriched,timestamp without time zone,YES
vw_auto_mapped_contacts,8,person_id,uuid,YES
vw_auto_mapped_contacts,9,engagement_priority,text,YES
vw_auto_mapped_contacts,10,data_source,text,YES
vw_auto_mapped_contacts,11,discovered_via,text,YES
vw_auto_mapped_contacts,12,person_created_at,timestamp with time zone,YES
vw_engagement_tier_stats,1,tier,text,YES
vw_engagement_tier_stats,2,total_contacts,bigint,YES
vw_engagement_tier_stats,3,synced_to_notion,bigint,YES
vw_engagement_tier_stats,4,government_contacts,bigint,YES
vw_exa_queue_summary,1,campaign_type,text,YES
vw_exa_queue_summary,2,status,text,YES
vw_exa_queue_summary,3,count,bigint,YES
vw_exa_queue_summary,4,avg_priority,numeric,YES
vw_exa_queue_summary,5,oldest_queued,timestamp with time zone,YES
vw_exa_queue_summary,6,newest_queued,timestamp with time zone,YES
vw_exa_usage_summary,1,period_month,date,YES
vw_exa_usage_summary,2,total_requests,integer,YES
vw_exa_usage_summary,3,successful_requests,integer,YES
vw_exa_usage_summary,4,failed_requests,integer,YES
vw_exa_usage_summary,5,free_tier_limit,integer,YES
vw_exa_usage_summary,6,free_tier_remaining,integer,YES
vw_exa_usage_summary,7,free_tier_exceeded,boolean,YES
vw_exa_usage_summary,8,linkedin_requests,integer,YES
vw_exa_usage_summary,9,company_requests,integer,YES
vw_exa_usage_summary,10,media_requests,integer,YES
vw_exa_usage_summary,11,network_discovery_requests,integer,YES
vw_exa_usage_summary,12,usage_percentage,numeric,YES
vw_exa_usage_summary,13,estimated_cost_usd,numeric,YES
vw_goods_enrichment_candidates,1,person_id,uuid,YES
vw_goods_enrichment_candidates,2,full_name,text,YES
vw_goods_enrichment_candidates,3,email,text,YES
vw_goods_enrichment_candidates,4,current_company,text,YES
vw_goods_enrichment_candidates,5,current_position,text,YES
vw_goods_enrichment_candidates,6,tags,ARRAY,YES
vw_goods_enrichment_candidates,7,engagement_priority,text,YES
vw_goods_enrichment_candidates,8,exa_enriched,boolean,YES
vw_goods_enrichment_candidates,9,exa_enriched_at,timestamp with time zone,YES
vw_goods_enrichment_candidates,10,composite_score,integer,YES
vw_goods_enrichment_candidates,11,influence_score,integer,YES
vw_goods_enrichment_candidates,12,enrichment_priority,integer,YES
vw_high_value_project_matches,1,id,uuid,YES
vw_high_value_project_matches,2,contact_id,uuid,YES
vw_high_value_project_matches,3,person_id,uuid,YES
vw_high_value_project_matches,4,project_notion_id,text,YES
vw_high_value_project_matches,5,project_name,text,YES
vw_high_value_project_matches,6,project_source,text,YES
vw_high_value_project_matches,7,alignment_score,integer,YES
vw_high_value_project_matches,8,matched_keywords,ARRAY,YES
vw_high_value_project_matches,9,match_reason,text,YES
vw_high_value_project_matches,10,alma_intervention_id,uuid,YES
vw_high_value_project_matches,11,alma_signal_boost,integer,YES
vw_high_value_project_matches,12,engagement_status,text,YES
vw_high_value_project_matches,13,created_at,timestamp with time zone,YES
vw_high_value_project_matches,14,updated_at,timestamp with time zone,YES
vw_high_value_project_matches,15,full_name,text,YES
vw_high_value_project_matches,16,email_address,text,YES
vw_high_value_project_matches,17,linkedin_url,text,YES
vw_high_value_project_matches,18,current_company,text,YES
vw_high_value_project_matches,19,current_position,text,YES
vw_high_value_project_matches,20,strategic_value,text,YES
vw_high_value_project_matches,21,alignment_tags,ARRAY,YES
vw_high_value_project_matches,22,notion_person_id,text,YES
vw_high_value_project_matches,23,ghl_contact_id,text,YES
vw_justice_enrichment_candidates,1,person_id,uuid,YES
vw_justice_enrichment_candidates,2,full_name,text,YES
vw_justice_enrichment_candidates,3,email,text,YES
vw_justice_enrichment_candidates,4,current_company,text,YES
vw_justice_enrichment_candidates,5,current_position,text,YES
vw_justice_enrichment_candidates,6,tags,ARRAY,YES
vw_justice_enrichment_candidates,7,engagement_priority,text,YES
vw_justice_enrichment_candidates,8,youth_justice_relevance_score,integer,YES
vw_justice_enrichment_candidates,9,exa_enriched,boolean,YES
vw_justice_enrichment_candidates,10,exa_enriched_at,timestamp with time zone,YES
vw_justice_enrichment_candidates,11,composite_score,integer,YES
vw_justice_enrichment_candidates,12,influence_score,integer,YES
vw_justice_enrichment_candidates,13,enrichment_priority,integer,YES
vw_newsletter_segments,1,person_id,uuid,YES
vw_newsletter_segments,2,full_name,text,YES
vw_newsletter_segments,3,email,text,YES
vw_newsletter_segments,4,engagement_priority,text,YES
vw_newsletter_segments,5,alignment_tags,ARRAY,YES
vw_newsletter_segments,6,sector,text,YES
vw_newsletter_segments,7,composite_score,integer,YES
vw_newsletter_segments,8,newsletter_type,text,YES
webhook_delivery_log,1,id,uuid,NO
webhook_delivery_log,2,source,text,NO
webhook_delivery_log,3,webhook_id,text,YES
webhook_delivery_log,4,event_type,text,NO
webhook_delivery_log,5,status,text,NO
webhook_delivery_log,6,error_message,text,YES
webhook_delivery_log,7,raw_headers,jsonb,YES
webhook_delivery_log,8,raw_body,jsonb,YES
webhook_delivery_log,9,retry_count,integer,YES
webhook_delivery_log,10,processed_at,timestamp with time zone,YES
webhook_delivery_log,11,created_at,timestamp with time zone,YES
webhook_delivery_log,12,error,text,YES
webhook_delivery_log,13,received_at,timestamp with time zone,YES
whats_new_subscribers,1,id,uuid,NO
whats_new_subscribers,2,email,text,NO
whats_new_subscribers,3,source,text,NO
whats_new_subscribers,4,subscribed_at,timestamp with time zone,NO
whats_new_subscribers,5,unsubscribed_at,timestamp with time zone,YES
whats_new_subscribers,6,last_sent_at,timestamp with time zone,YES
wiki_articles,1,id,uuid,NO
wiki_articles,2,slug,text,NO
wiki_articles,3,title,text,NO
wiki_articles,4,category,text,NO
wiki_articles,5,content,text,NO
wiki_articles,6,excerpt,text,YES
wiki_articles,7,tags,ARRAY,YES
wiki_articles,8,author_id,uuid,YES
wiki_articles,9,parent_id,uuid,YES
wiki_articles,10,order_index,integer,YES
wiki_articles,11,is_published,boolean,YES
wiki_articles,12,view_count,integer,YES
wiki_articles,13,metadata,jsonb,YES
wiki_articles,14,created_at,timestamp with time zone,NO
wiki_articles,15,updated_at,timestamp with time zone,NO
wiki_hierarchy,1,id,uuid,YES
wiki_hierarchy,2,title,text,YES
wiki_hierarchy,3,slug,text,YES
wiki_hierarchy,4,page_type,text,YES
wiki_hierarchy,5,path,ARRAY,YES
wiki_hierarchy,6,breadcrumb,ARRAY,YES
wiki_hierarchy,7,level,integer,YES
wiki_page_versions,1,id,uuid,NO
wiki_page_versions,2,page_id,uuid,NO
wiki_page_versions,3,version,integer,NO
wiki_page_versions,4,title,text,NO
wiki_page_versions,5,content,text,NO
wiki_page_versions,6,excerpt,text,YES
wiki_page_versions,7,changed_by,uuid,YES
wiki_page_versions,8,change_reason,text,YES
wiki_page_versions,9,created_at,timestamp with time zone,YES
wiki_pages,1,id,uuid,NO
wiki_pages,2,title,text,NO
wiki_pages,3,slug,text,NO
wiki_pages,4,content,text,NO
wiki_pages,5,excerpt,text,YES
wiki_pages,6,page_type,text,NO
wiki_pages,7,parent_principle_id,uuid,YES
wiki_pages,8,parent_method_id,uuid,YES
wiki_pages,9,parent_practice_id,uuid,YES
wiki_pages,10,projects,ARRAY,YES
wiki_pages,11,domains,ARRAY,YES
wiki_pages,12,tags,ARRAY,YES
wiki_pages,13,source_types,ARRAY,YES
wiki_pages,14,source_urls,ARRAY,YES
wiki_pages,15,extracted_from_ids,ARRAY,YES
wiki_pages,16,status,text,YES
wiki_pages,17,last_reviewed_at,timestamp with time zone,YES
wiki_pages,18,review_frequency_days,integer,YES
wiki_pages,19,next_review_due,timestamp with time zone,YES
wiki_pages,20,verified_by,uuid,YES
wiki_pages,21,verified_at,timestamp with time zone,YES
wiki_pages,22,quality_score,integer,YES
wiki_pages,23,version,integer,YES
wiki_pages,24,updated_by,uuid,YES
wiki_pages,25,search_vector,tsvector,YES
wiki_pages,26,view_count,integer,YES
wiki_pages,27,last_viewed_at,timestamp with time zone,YES
wiki_pages,28,created_at,timestamp with time zone,YES
wiki_pages,29,updated_at,timestamp with time zone,YES
wiki_pages,30,content_embedding,USER-DEFINED,YES
wiki_pages,31,auto_approved,boolean,YES
wiki_pages,32,approval_confidence,double precision,YES
wiki_pages,33,notion_page_id,text,YES
wiki_pages,34,org_profile_id,uuid,YES
wiki_search_index,1,id,uuid,NO
wiki_search_index,2,article_path,text,NO
wiki_search_index,3,title,text,NO
wiki_search_index,4,section_id,text,YES
wiki_search_index,5,aliases,ARRAY,YES
wiki_search_index,6,tags,ARRAY,YES
wiki_search_index,7,body,text,NO
wiki_search_index,8,fts,tsvector,YES
wiki_search_index,9,embedding,USER-DEFINED,YES
wiki_search_index,10,indexed_at,timestamp with time zone,YES
witta_contributions,1,id,integer,NO
witta_contributions,2,author_name,character varying,NO
witta_contributions,3,author_email,character varying,YES
witta_contributions,4,year_or_era,character varying,NO
witta_contributions,5,memory,text,NO
witta_contributions,6,photo_url,character varying,YES
witta_contributions,7,status,USER-DEFINED,NO
witta_contributions,8,admin_notes,text,YES
witta_contributions,9,created_at,timestamp with time zone,NO
witta_contributions,10,approved_at,timestamp with time zone,YES
witta_contributions,11,approved_by,integer,YES
xero_bank_accounts,1,id,uuid,NO
xero_bank_accounts,2,xero_id,text,NO
xero_bank_accounts,3,name,text,NO
xero_bank_accounts,4,code,text,YES
xero_bank_accounts,5,type,text,YES
xero_bank_accounts,6,bank_account_number,text,YES
xero_bank_accounts,7,currency_code,text,YES
xero_bank_accounts,8,status,text,YES
xero_bank_accounts,9,current_balance,numeric,YES
xero_bank_accounts,10,balance_updated_at,timestamp with time zone,YES
xero_bank_accounts,11,updated_at,timestamp with time zone,YES
xero_bank_accounts,12,created_at,timestamp with time zone,YES
xero_bank_transactions,1,id,uuid,NO
xero_bank_transactions,2,xero_id,text,NO
xero_bank_transactions,3,tenant_id,text,NO
xero_bank_transactions,4,type,text,NO
xero_bank_transactions,5,status,text,YES
xero_bank_transactions,6,contact_id,text,YES
xero_bank_transactions,7,contact_name,text,YES
xero_bank_transactions,8,date,date,YES
xero_bank_transactions,9,total,numeric,YES
xero_bank_transactions,10,subtotal,numeric,YES
xero_bank_transactions,11,total_tax,numeric,YES
xero_bank_transactions,12,bank_account_id,text,YES
xero_bank_transactions,13,bank_account_name,text,YES
xero_bank_transactions,14,reference,text,YES
xero_bank_transactions,15,line_items,jsonb,YES
xero_bank_transactions,16,created_at,timestamp with time zone,YES
xero_bank_transactions,17,updated_at,timestamp with time zone,YES
xero_bank_transactions,18,synced_at,timestamp with time zone,YES
xero_bas_tracking,1,id,uuid,NO
xero_bas_tracking,2,tenant_id,text,NO
xero_bas_tracking,3,period_start,date,NO
xero_bas_tracking,4,period_end,date,NO
xero_bas_tracking,5,gst_on_sales,numeric,YES
xero_bas_tracking,6,gst_on_purchases,numeric,YES
xero_bas_tracking,7,payg_withheld,numeric,YES
xero_bas_tracking,8,net_gst,numeric,YES
xero_bas_tracking,9,status,text,YES
xero_bas_tracking,10,lodged_date,date,YES
xero_bas_tracking,11,created_at,timestamp with time zone,YES
xero_bas_tracking,12,updated_at,timestamp with time zone,YES
xero_contacts,1,id,uuid,NO
xero_contacts,2,xero_id,text,NO
xero_contacts,3,tenant_id,text,NO
xero_contacts,4,name,text,NO
xero_contacts,5,email,text,YES
xero_contacts,6,first_name,text,YES
xero_contacts,7,last_name,text,YES
xero_contacts,8,is_customer,boolean,YES
xero_contacts,9,is_supplier,boolean,YES
xero_contacts,10,abn,text,YES
xero_contacts,11,tax_number,text,YES
xero_contacts,12,account_number,text,YES
xero_contacts,13,balance,numeric,YES
xero_contacts,14,outstanding_receivable,numeric,YES
xero_contacts,15,outstanding_payable,numeric,YES
xero_contacts,16,addresses,jsonb,YES
xero_contacts,17,phones,jsonb,YES
xero_contacts,18,created_at,timestamp with time zone,YES
xero_contacts,19,updated_at,timestamp with time zone,YES
xero_contacts,20,synced_at,timestamp with time zone,YES
xero_financial_health,1,total_receivables,numeric,YES
xero_financial_health,2,receivable_count,bigint,YES
xero_financial_health,3,overdue_receivables,numeric,YES
xero_financial_health,4,overdue_count,bigint,YES
xero_financial_health,5,total_payables,numeric,YES
xero_financial_health,6,payable_count,bigint,YES
xero_financial_health,7,payables_due_this_week,numeric,YES
xero_financial_health,8,last_sync,timestamp with time zone,YES
xero_invoices,1,id,uuid,NO
xero_invoices,2,xero_id,text,NO
xero_invoices,3,tenant_id,text,NO
xero_invoices,4,invoice_number,text,YES
xero_invoices,5,type,text,NO
xero_invoices,6,status,text,YES
xero_invoices,7,contact_id,text,YES
xero_invoices,8,contact_name,text,YES
xero_invoices,9,date,date,YES
xero_invoices,10,due_date,date,YES
xero_invoices,11,total,numeric,YES
xero_invoices,12,subtotal,numeric,YES
xero_invoices,13,total_tax,numeric,YES
xero_invoices,14,amount_due,numeric,YES
xero_invoices,15,amount_paid,numeric,YES
xero_invoices,16,currency_code,text,YES
xero_invoices,17,line_items,jsonb,YES
xero_invoices,18,has_attachments,boolean,YES
xero_invoices,19,reference,text,YES
xero_invoices,20,url,text,YES
xero_invoices,21,created_at,timestamp with time zone,YES
xero_invoices,22,updated_at,timestamp with time zone,YES
xero_invoices,23,synced_at,timestamp with time zone,YES
xero_invoices,24,invoice_type,character varying,YES
xero_invoices,25,tracking_category_1,character varying,YES
xero_invoices,26,tracking_option_1,character varying,YES
xero_invoices,27,tracking_category_2,character varying,YES
xero_invoices,28,tracking_option_2,character varying,YES
xero_invoices,29,contact_xero_id,character varying,YES
xero_invoices,30,project_code,text,YES
xero_invoices,31,fully_paid_date,date,YES
xero_invoices,32,metadata,jsonb,YES
xero_invoices,33,project_code_source,text,YES
xero_invoices,34,entity_code,text,YES
xero_invoices,35,income_type,text,YES
xero_invoices,36,xero_tenant_id,text,YES
xero_overdue_receivables,1,id,uuid,YES
xero_overdue_receivables,2,xero_id,text,YES
xero_overdue_receivables,3,tenant_id,text,YES
xero_overdue_receivables,4,invoice_number,text,YES
xero_overdue_receivables,5,type,text,YES
xero_overdue_receivables,6,status,text,YES
xero_overdue_receivables,7,contact_id,text,YES
xero_overdue_receivables,8,contact_name,text,YES
xero_overdue_receivables,9,date,date,YES
xero_overdue_receivables,10,due_date,date,YES
xero_overdue_receivables,11,total,numeric,YES
xero_overdue_receivables,12,subtotal,numeric,YES
xero_overdue_receivables,13,total_tax,numeric,YES
xero_overdue_receivables,14,amount_due,numeric,YES
xero_overdue_receivables,15,amount_paid,numeric,YES
xero_overdue_receivables,16,currency_code,text,YES
xero_overdue_receivables,17,line_items,jsonb,YES
xero_overdue_receivables,18,has_attachments,boolean,YES
xero_overdue_receivables,19,reference,text,YES
xero_overdue_receivables,20,url,text,YES
xero_overdue_receivables,21,created_at,timestamp with time zone,YES
xero_overdue_receivables,22,updated_at,timestamp with time zone,YES
xero_overdue_receivables,23,synced_at,timestamp with time zone,YES
xero_overdue_receivables,24,invoice_type,character varying,YES
xero_overdue_receivables,25,tracking_category_1,character varying,YES
xero_overdue_receivables,26,tracking_option_1,character varying,YES
xero_overdue_receivables,27,tracking_category_2,character varying,YES
xero_overdue_receivables,28,tracking_option_2,character varying,YES
xero_overdue_receivables,29,contact_xero_id,character varying,YES
xero_overdue_receivables,30,days_overdue,integer,YES
xero_overdue_receivables,31,aging_bucket,text,YES
xero_payments,1,id,uuid,NO
xero_payments,2,xero_payment_id,text,NO
xero_payments,3,payment_type,text,YES
xero_payments,4,status,text,YES
xero_payments,5,invoice_xero_id,text,YES
xero_payments,6,invoice_number,text,YES
xero_payments,7,account_id,text,YES
xero_payments,8,account_name,text,YES
xero_payments,9,bank_account_code,text,YES
xero_payments,10,bank_account_name,text,YES
xero_payments,11,date,date,YES
xero_payments,12,amount,numeric,YES
xero_payments,13,currency_code,text,YES
xero_payments,14,reference,text,YES
xero_payments,15,is_reconciled,boolean,YES
xero_payments,16,has_account,boolean,YES
xero_payments,17,has_validation_errors,boolean,YES
xero_payments,18,bank_amount,numeric,YES
xero_payments,19,raw_payload,jsonb,YES
xero_payments,20,synced_at,timestamp with time zone,YES
xero_payments,21,updated_at,timestamp with time zone,YES
xero_sync_log,1,id,uuid,NO
xero_sync_log,2,sync_type,text,NO
xero_sync_log,3,records_synced,integer,YES
xero_sync_log,4,records_failed,integer,YES
xero_sync_log,5,duration_ms,integer,YES
xero_sync_log,6,errors,jsonb,YES
xero_sync_log,7,metadata,jsonb,YES
xero_sync_log,8,started_at,timestamp with time zone,YES
xero_sync_log,9,completed_at,timestamp with time zone,YES
xero_sync_log,10,status,text,YES
xero_sync_status,1,id,uuid,NO
xero_sync_status,2,tenant_id,text,NO
xero_sync_status,3,organization_name,text,YES
xero_sync_status,4,sync_status,text,YES
xero_sync_status,5,last_sync,timestamp with time zone,YES
xero_sync_status,6,next_sync,timestamp with time zone,YES
xero_sync_status,7,total_invoices,integer,YES
xero_sync_status,8,total_bills,integer,YES
xero_sync_status,9,total_contacts,integer,YES
xero_sync_status,10,synced_items,integer,YES
xero_sync_status,11,error_count,integer,YES
xero_sync_status,12,error_message,text,YES
xero_sync_status,13,last_error,timestamp with time zone,YES
xero_sync_status,14,sync_duration_ms,integer,YES
xero_sync_status,15,created_at,timestamp with time zone,YES
xero_sync_status,16,updated_at,timestamp with time zone,YES
xero_tokens,1,id,text,NO
xero_tokens,2,refresh_token,text,NO
xero_tokens,3,access_token,text,YES
xero_tokens,4,expires_at,timestamp with time zone,YES
xero_tokens,5,updated_at,timestamp with time zone,YES
xero_tokens,6,updated_by,text,YES
xero_transactions,1,id,uuid,NO
xero_transactions,2,xero_transaction_id,text,NO
xero_transactions,3,type,text,YES
xero_transactions,4,contact_name,text,YES
xero_transactions,5,bank_account,text,YES
xero_transactions,6,project_code,text,YES
xero_transactions,7,total,numeric,YES
xero_transactions,8,status,text,YES
xero_transactions,9,date,date,YES
xero_transactions,10,line_items,jsonb,YES
xero_transactions,11,synced_at,timestamp with time zone,YES
xero_transactions,12,created_at,timestamp with time zone,YES
xero_transactions,13,has_attachments,boolean,YES
xero_transactions,14,updated_at,timestamp with time zone,YES
xero_transactions,15,project_code_source,text,YES
xero_transactions,16,is_reconciled,boolean,YES
xero_transactions,17,entity_code,text,YES
xero_transactions,18,rd_eligible,boolean,YES
xero_transactions,19,rd_category,text,YES
xero_transactions,20,xero_tenant_id,text,YES
xero_upcoming_payables,1,id,uuid,YES
xero_upcoming_payables,2,xero_id,text,YES
xero_upcoming_payables,3,tenant_id,text,YES
xero_upcoming_payables,4,invoice_number,text,YES
xero_upcoming_payables,5,type,text,YES
xero_upcoming_payables,6,status,text,YES
xero_upcoming_payables,7,contact_id,text,YES
xero_upcoming_payables,8,contact_name,text,YES
xero_upcoming_payables,9,date,date,YES
xero_upcoming_payables,10,due_date,date,YES
xero_upcoming_payables,11,total,numeric,YES
xero_upcoming_payables,12,subtotal,numeric,YES
xero_upcoming_payables,13,total_tax,numeric,YES
xero_upcoming_payables,14,amount_due,numeric,YES
xero_upcoming_payables,15,amount_paid,numeric,YES
xero_upcoming_payables,16,currency_code,text,YES
xero_upcoming_payables,17,line_items,jsonb,YES
xero_upcoming_payables,18,has_attachments,boolean,YES
xero_upcoming_payables,19,reference,text,YES
xero_upcoming_payables,20,url,text,YES
xero_upcoming_payables,21,created_at,timestamp with time zone,YES
xero_upcoming_payables,22,updated_at,timestamp with time zone,YES
xero_upcoming_payables,23,synced_at,timestamp with time zone,YES
xero_upcoming_payables,24,invoice_type,character varying,YES
xero_upcoming_payables,25,tracking_category_1,character varying,YES
xero_upcoming_payables,26,tracking_option_1,character varying,YES
xero_upcoming_payables,27,tracking_category_2,character varying,YES
xero_upcoming_payables,28,tracking_option_2,character varying,YES
xero_upcoming_payables,29,contact_xero_id,character varying,YES
xero_upcoming_payables,30,days_until_due,integer,YES
youth_detention_facilities,1,id,uuid,NO
youth_detention_facilities,2,name,text,NO
youth_detention_facilities,3,slug,text,YES
youth_detention_facilities,4,facility_type,text,NO
youth_detention_facilities,5,street_address,text,YES
youth_detention_facilities,6,suburb,text,YES
youth_detention_facilities,7,city,text,NO
youth_detention_facilities,8,state,text,NO
youth_detention_facilities,9,postcode,text,YES
youth_detention_facilities,10,latitude,numeric,YES
youth_detention_facilities,11,longitude,numeric,YES
youth_detention_facilities,12,operational_status,text,YES
youth_detention_facilities,13,opened_date,date,YES
youth_detention_facilities,14,closed_date,date,YES
youth_detention_facilities,15,capacity_beds,integer,YES
youth_detention_facilities,16,current_population,integer,YES
youth_detention_facilities,17,male_capacity,integer,YES
youth_detention_facilities,18,female_capacity,integer,YES
youth_detention_facilities,19,age_range_min,integer,YES
youth_detention_facilities,20,age_range_max,integer,YES
youth_detention_facilities,21,government_department,text,NO
youth_detention_facilities,22,managing_agency,text,YES
youth_detention_facilities,23,contact_phone,text,YES
youth_detention_facilities,24,contact_email,text,YES
youth_detention_facilities,25,website,text,YES
youth_detention_facilities,26,security_level,text,YES
youth_detention_facilities,27,has_remand_section,boolean,YES
youth_detention_facilities,28,has_sentenced_section,boolean,YES
youth_detention_facilities,29,has_therapeutic_programs,boolean,YES
youth_detention_facilities,30,has_education_programs,boolean,YES
youth_detention_facilities,31,indigenous_population_percentage,numeric,YES
youth_detention_facilities,32,has_cultural_programs,boolean,YES
youth_detention_facilities,33,has_indigenous_liaison,boolean,YES
youth_detention_facilities,34,data_source,text,YES
youth_detention_facilities,35,data_source_url,text,YES
youth_detention_facilities,36,last_data_update,date,YES
youth_detention_facilities,37,created_at,timestamp with time zone,YES
youth_detention_facilities,38,updated_at,timestamp with time zone,YES
youth_opportunities,1,id,uuid,NO
youth_opportunities,2,title,text,NO
youth_opportunities,3,description,text,YES
youth_opportunities,4,category,text,NO
youth_opportunities,5,organizer,text,YES
youth_opportunities,6,source_url,text,NO
youth_opportunities,7,application_url,text,YES
youth_opportunities,8,deadline,timestamp with time zone,YES
youth_opportunities,9,start_date,timestamp with time zone,YES
youth_opportunities,10,end_date,timestamp with time zone,YES
youth_opportunities,11,location_name,text,YES
youth_opportunities,12,location_state,text,YES
youth_opportunities,13,is_national,boolean,YES
youth_opportunities,14,age_min,integer,YES
youth_opportunities,15,age_max,integer,YES
youth_opportunities,16,prize_amount,numeric,YES
youth_opportunities,17,keywords,ARRAY,YES
youth_opportunities,18,eligibility_notes,text,YES
youth_opportunities,19,scrape_source,text,YES
youth_opportunities,20,scraped_at,timestamp with time zone,YES
youth_opportunities,21,status,text,NO
youth_opportunities,22,created_at,timestamp with time zone,YES
youth_opportunities,23,updated_at,timestamp with time zone,YES
youth_survey_results,1,id,uuid,NO
youth_survey_results,2,survey_year,integer,NO
youth_survey_results,3,geography_level,text,NO
youth_survey_results,4,state,text,YES
youth_survey_results,5,cohort_filter,jsonb,NO
youth_survey_results,6,metric_key,text,NO
youth_survey_results,7,metric_value,numeric,YES
youth_survey_results,8,metric_unit,text,YES
youth_survey_results,9,sample_size,integer,YES
youth_survey_results,10,source_pdf_url,text,NO
youth_survey_results,11,source_page,integer,YES
youth_survey_results,12,notes,text,YES
youth_survey_results,13,ingested_at,timestamp with time zone,NO
