Ganbina	10000	2026	AU-ABN-29564690543	reported
Mornington Peninsula Foundation	750000	2026	AU-ABN-58613870250	inferred
Vision Australia Limited	22500	2025	AU-ABN-67108391831	reported
The Royal Children's Hospital Foundatio	15000	2025	AU-ABN-67316962306	inferred
The Mission to Seafarers Victoria Inc	15000	2025	AU-ABN-18630990996	reported
The Lost Dogs Home	15000	2025	AU-ABN-84004789726	inferred
Royal Society for the Prevention of Cruelty to Animals Victoria	15000	2025	AU-ABN-56749449191	inferred
Western Chances	150000	2025	AU-ABN-17110713865	reported
Think Forward Educators	38000	2025	AU-ABN-48660953971	inferred
Mornington Peninsula Foundation	100000	2025	AU-ABN-58613870250	inferred
La Trobe University	762000	2025	AU-ABN-39855783198	reported
Grattan Institute	750000	2025	AU-ABN-17134323756	reported
The Mallacoota Wilderness Collective Inc.	50000	2025	AU-ABN-47419885967	reported
Leadership Victoria	1098000	2025	AU-ABN-36057096465	inferred
Community Foundations Australia	1000000	2025	AU-ABN-11128866419	inferred
Australian Neighbourhood Houses and Centres Association	600000	2025	AU-ABN-47588370196	inferred
Australian Neighbourhood Houses and Centres Association	50000	2025	AU-ABN-47588370196	inferred
Royal Botanic Gardens Foundation Victoria	100000	2024	AU-ABN-40584408967	reported
Giant Steps Melbourne Limited	100000	2024	AU-ABN-46606552283	reported
Foundation for Rural and Regional Renewal	1500000	2024	AU-ABN-27091810589	reported
The First Step Program Limited	450000	2024	AU-ABN-51093661995	reported
Tomorrow Today Education Foundation	900000	2024	AU-ABN-90610420123	inferred
Victorian Women's Trust Ltd	400000	2023	AU-ABN-20006403256	inferred
Unison Housing Limited	500000	2023	AU-ABN-73076581112	reported
Youth Live4Life Limited	70000	2023	AU-ABN-82511418317	inferred
Vision Australia Limited	15000	2023	AU-ABN-67108391831	reported
The Royal Children's Hospital Foundation No 2 Trust	15000	2023	AU-ABN-75761829818	inferred
The Lost Dogs Home	15000	2023	AU-ABN-84004789726	inferred
Royal Society for the Prevention of Cruelty to Animals	15000	2023	AU-ABN-71723781546	inferred
Philanthropy Australia	75000	2023	AU-ABN-79578875531	inferred
Mission to Seafarers Victoria Inc	15000	2023	AU-ABN-18630990996	inferred
Australian Centre for Rural Entrepreneurship Ltd	660000	2023	AU-ABN-17165086395	inferred
Western Chances	150000	2023	AU-ABN-17110713865	reported
Mornington Peninsula Foundation	650000	2023	AU-ABN-58613870250	inferred
Ganbina	600000	2023	AU-ABN-29564690543	reported
Save The Children Australia	306491	2023	AU-ABN-99008610035	reported
Vision Australia Limited	17000	2022	AU-ABN-67108391831	reported
The Royal Children's Hospital Foundation No 2 Trust	17000	2022	AU-ABN-75761829818	inferred
The Lost Dogs Home	17000	2022	AU-ABN-84004789726	inferred
Royal Society for the Prevention of Cruelty to Animals	17000	2022	AU-ABN-71723781546	inferred
Mission to Seafarers Victoria Inc	17000	2022	AU-ABN-18630990996	inferred
Western Chances	150000	2022	AU-ABN-17110713865	reported
Unison Housing Limited	220000	2022	AU-ABN-73076581112	reported
The Stella Prize	250000	2022	AU-ABN-15021275082	inferred
State Library of Victoria	1000000	2022	AU-GOV-278027	inferred
Beolite Village Limited	50000	2022	AU-ABN-76114480625	reported
Tradeswomen Australia Community Foundation	50000	2022	AU-ABN-16640289096	inferred
Dolphin Research Institute	45000	2022	AU-ABN-73097317112	inferred
Centre For Projection Art Inc	35000	2022	AU-ABN-75494636382	inferred
Beyond the Bell Great South Coast Ltd	50000	2022	AU-ABN-37609882180	reported
Philanthropy Australia	25000	2022	AU-ABN-79578875531	inferred
University of Melbourne	400000	2022	AU-ABN-84002705224	reported
Swinburne University of Technology	396000	2022	AU-ABN-13628586699	reported
Sunraysia Community Health Services	355000	2022	AU-ABN-56957121036	inferred
Social Traders Ltd	600000	2022	AU-ABN-42132665804	reported
Bush Heritage Australia	330000	2022	AU-ABN-78053639115	reported
Regional Arts Victoria	50000	2021	AU-ABN-24005556025	reported
Gippsland Emergency Relief Fund	50000	2021	AU-ABN-66660282945	inferred
Victorian Women's Trust Ltd	165000	2021	AU-ABN-20006403256	inferred
Save the Children	150000	2021	AU-ABN-19009938130	reported
Zoe Support Australia	40000	2021	AU-ABN-76161029705	reported
The Reach Foundation	50000	2021	AU-ABN-87069837627	reported
The Jean Hailes Foundation	50000	2021	AU-ABN-69092915618	reported
Outer Urban Projects	50000	2021	AU-ABN-11154257851	inferred
Relationships Australia (Victoria) Limited	30000	2021	AU-ABN-51263215677	reported
SPELD Victoria Inc	20000	2021	AU-ABN-51178974489	inferred
Deakin University	199853	2021	AU-ABN-56721584203	reported
Victorian Aboriginal Child Care Agency Co Op Ltd	30000	2021	AU-ABN-44665455609	inferred
Upper Murray Family Care Inc	30000	2021	AU-ABN-99081624768	inferred
The Stella Prize	25000	2021	AU-ABN-15021275082	inferred
The Song Room	30000	2021	AU-ABN-68790325760	inferred
Sovereign Hill Museum Association	28500	2021	AU-ABN-87565053651	inferred
South Gippsland Landcare Network	30000	2021	AU-ABN-52166526533	reported
Refugee Migrant Children Centre Ltd	30000	2021	AU-ABN-80840704309	inferred
Odyssey House Victoria	30000	2021	AU-ABN-11005583960	reported
North Melbourne Language & Learning Inc.	33500	2021	AU-ABN-91844560623	inferred
Melbourne Writers Festival Inc	30000	2021	AU-ABN-29367097058	inferred
Jumpleads nfp Limited	18500	2021	AU-ABN-48133878412	reported
Greater Shepparton Lighthouse	30000	2021	AU-ABN-93608781684	inferred
Connecting Country (Mt Alexander Region) Inc	26000	2021	AU-ABN-47539096184	inferred
Caroline Chisholm Society	30000	2021	AU-ABN-42005066919	reported
Birchip Cropping Group Inc	30000	2021	AU-ABN-92087981510	reported
Australian Multicultural Community Services Inc	30000	2021	AU-ABN-90639917989	inferred
Victorian National Parks Association	200000	2021	AU-ABN-34217717593	inferred
The Alannah & Madeline Foundation	167797	2021	AU-ABN-96514115810	reported
Ourschool Ltd	135000	2021	AU-ABN-47633875288	reported
Mornington Peninsula Foundation	200000	2021	AU-ABN-58613870250	inferred
Melbourne Fringe	200000	2021	AU-ABN-41006125515	reported
Good Cycles Limited	200000	2021	AU-ABN-56162578805	reported
Community Music Victoria	186000	2021	AU-ABN-76301015584	inferred
Vision Australia Limited	30000	2021	AU-ABN-67108391831	reported
The Royal Children's Hospital Foundation No 2 Trust	30000	2021	AU-ABN-75761829818	inferred
The Lost Dogs Home	30000	2021	AU-ABN-84004789726	inferred
Royal Society for the Prevention of Cruelty to Animals	30000	2021	AU-ABN-71723781546	inferred
Mission to Seafarers Victoria Inc	30000	2021	AU-ABN-18630990996	inferred
Foundation for Rural and Regional Renewal	600000	2021	AU-ABN-27091810589	reported
Western Edge Youth Arts	20000	2021	AU-ABN-72251184593	inferred
Royal Botanic Gardens Foundation Victoria	100000	2021	AU-ABN-40584408967	reported
Into Our Hands Community Foundation	200000	2021	AU-ABN-14160630491	inferred
Bendigo Family & Financial Services	75000	2021	AU-ABN-85516675015	inferred
Playgroup Victoria Inc	31850	2021	AU-ABN-13094186877	inferred
Peninsula Community Legal Centre	50000	2021	AU-ABN-23591244622	inferred
Tomorrow Today Education Foundation	50000	2021	AU-ABN-90610420123	inferred
Murdoch Children's Research Institute	94933	2020	AU-ABN-21006566972	reported
Justice Connect	100000	2020	AU-ABN-54206789276	reported
Earthwatch Institute	89454	2020	AU-ABN-25875253851	reported
Victorian National Parks Association	20144	2020	AU-ABN-34217717593	inferred
River Nile Learning Centre	30000	2020	AU-ABN-13616662134	inferred
Inner Eastern Local Learning Employment Network	25000	2020	AU-ABN-24707214286	inferred
Asteria Services Inc.	23100	2020	AU-ABN-18908141137	reported
Space2b Social Design	27990	2020	AU-ABN-13389490317	inferred
Carringbush Adult Education Inc	22900	2020	AU-ABN-82649196812	reported
Bluebird Foundation Inc	8000	2020	AU-ABN-44206851526	inferred
Make a Difference Dingley Village Inc	25000	2020	AU-ABN-78684267029	reported
Melbourne Chamber Orchestra	50000	2020	AU-ABN-48270234406	inferred
Ganbina	46500	2020	AU-ABN-29564690543	reported
Youth Live4Life Limited	10000	2020	AU-ABN-82511418317	inferred
Zoe Support Australia	30000	2020	AU-ABN-76161029705	reported
WRISC Family Violence Support	30000	2020	AU-ABN-55223772259	inferred
Western Edge Youth Arts	30000	2020	AU-ABN-72251184593	inferred
Threatened Species Conservancy	30000	2020	AU-ABN-98612648954	inferred
The Reach Foundation	30000	2020	AU-ABN-87069837627	reported
TarraWarra Museum of Art	30000	2020	AU-ABN-36093516495	inferred
Sunraysia Community Health Services	30000	2020	AU-ABN-56957121036	inferred
Remember The Wild Limited	28380	2020	AU-ABN-57167848394	reported
Next Wave Festival Incorporated	30000	2020	AU-ABN-50679318829	reported
National Trust of Australia (Victoria)	25000	2020	AU-ABN-61004356192	reported
Intouch Multicultural Centre Against Family Violence	21500	2020	AU-ABN-65571761399	reported
Her Place Women's Museum Australia	26000	2020	AU-ABN-16609236062	inferred
Free to LTD	30000	2020	AU-ABN-45613017682	reported
Flinders Quartet Inc	25000	2020	AU-ABN-66216491840	inferred
Beyond the Bell Great South Coast Ltd	30000	2020	AU-ABN-37609882180	reported
Annie North Inc	30000	2020	AU-ABN-43075400698	reported
Abbotsford Convent Foundation	30000	2020	AU-ABN-60098462474	reported
Youth Live4Life Limited	110000	2020	AU-ABN-82511418317	inferred
Vision Australia Limited	5000	2020	AU-ABN-67108391831	reported
The Royal Children's Hospital Foundation No 2 Trust	5000	2020	AU-ABN-75761829818	inferred
The Lost Dogs Home	5000	2020	AU-ABN-84004789726	inferred
STREAT Limited	200000	2020	AU-ABN-96134906933	reported
SANE Australia	200000	2020	AU-ABN-92006533606	reported
Royal Society for the Prevention of Cruelty to Animals	5000	2020	AU-ABN-71723781546	inferred
Port Phillip EcoCentre Inc	98145	2020	AU-ABN-66852809680	inferred
Monash University	193309	2020	AU-ABN-12377614012	reported
Mission to Seafarers Victoria Inc	5000	2020	AU-ABN-18630990996	inferred
La Trobe University	197668	2020	AU-ABN-39855783198	reported
Foundation for Young Australians	200000	2020	AU-ABN-26092744968	inferred
Deakin University	199780	2020	AU-ABN-56721584203	reported
Anglicare Victoria	200000	2020	AU-ABN-97397067466	reported
Womens Health Grampians Incorporated	90000	2019	AU-ABN-85025587831	reported
University of Melbourne	90000	2019	AU-ABN-84002705224	reported
Tweddle Foundation Limited	78760	2019	AU-ABN-85609262777	reported
The Royal Children's Hospital Foundation No 2 Trust	49104	2019	AU-ABN-75761829818	inferred
The First Step Program Limited	89978	2019	AU-ABN-51093661995	reported
Springvale Learning and Activities Centre	90000	2019	AU-ABN-45461492430	inferred
Speak Percussion	90000	2019	AU-ABN-71403799103	inferred
Royal Flying Doctor Service of Australia (Victorian Section)	90000	2019	AU-ABN-71004196230	reported
Progressive Broadcasting Service Co-operative Limited	90000	2019	AU-ABN-35055984865	inferred
Prevention United	90000	2019	AU-ABN-66623532392	reported
People and Parks Environment Trust	450000	2019	AU-ABN-34765399623	reported
McAuley Community Services for Women	90000	2019	AU-ABN-85696671223	reported
Linden New Art Inc.	80000	2019	AU-ABN-84299880930	inferred
Guide Dogs Victoria	90000	2019	AU-ABN-68004621461	reported
Good Cycles Limited	60000	2019	AU-ABN-56162578805	reported
Environmental Justice Australia Ltd	90000	2019	AU-ABN-74052124375	inferred
Chamber Made	31228	2019	AU-ABN-84490162765	inferred
Berry Street Victoria	90000	2019	AU-ABN-24719196762	inferred
Australian Centre for Contemporary Art	90000	2019	AU-ABN-53089604277	reported
Zoe College Limited	30000	2019	AU-ABN-86623496917	reported
Wyndham Little Buddies Toy Library	9000	2019	AU-ABN-42256077172	inferred
TreeProject	30000	2019	AU-ABN-90669079400	inferred
Stephanie Alexander Kitchen Garden Foundation	30000	2019	AU-ABN-74107809030	reported
Righteous Pups Australia Inc	24500	2019	AU-ABN-80473459921	inferred
Punctum Inc.	15000	2019	AU-ABN-47101325236	inferred
Monash University	29250	2019	AU-ABN-12377614012	reported
Melbourne Symphony Orchestra	30000	2019	AU-ABN-47078925658	inferred
Melbourne Fringe	30000	2019	AU-ABN-41006125515	reported
Kidsafe Vic Inc	23050	2019	AU-ABN-31923927415	reported
Invasive Species Council	30000	2019	AU-ABN-27101522829	inferred
Give Where You Live Inc	30000	2019	AU-ABN-92864585091	inferred
Foundation for Young Australians	27000	2019	AU-ABN-26092744968	inferred
Culture is Life Limited	30000	2019	AU-ABN-83607904334	reported
Community Music Victoria	29512	2019	AU-ABN-76301015584	inferred
CLIMARTE	15000	2019	AU-ABN-16770977526	inferred
Cardinia Environment Coalition Inc.	30000	2019	AU-ABN-35278026639	inferred
Birth for Humankind	25933	2019	AU-ABN-75605254340	inferred
The Bridge Youth Service Inc	200000	2019	AU-ABN-38045799398	reported
Swinburne University of Technology	199269	2019	AU-ABN-13628586699	reported
Royal Botanic Gardens Foundation Victoria	195000	2019	AU-ABN-40584408967	reported
Murdoch Children's Research Institute	199916	2019	AU-ABN-21006566972	reported
Monash University	196142	2019	AU-ABN-12377614012	reported
Warrnambool Art Gallery Foundation	90000	2018	AU-ABN-26442011542	inferred
Victoria University	87054	2018	AU-ABN-83776954731	reported
University of Melbourne	90000	2018	AU-ABN-84002705224	reported
Melbourne Writers Festival Inc	90000	2018	AU-ABN-29367097058	inferred
Kensington Neighbourhood House Inc	83380	2018	AU-ABN-74489791023	inferred
Justice Connect	90000	2018	AU-ABN-54206789276	reported
Connecting Country (Mt Alexander Region) Inc	89600	2018	AU-ABN-47539096184	inferred
Christmas Hills Landcare Group	88140	2018	AU-ABN-24281456670	reported
Carringbush Adult Education Inc	43405	2018	AU-ABN-82649196812	reported
BirdLife Australia	88550	2018	AU-ABN-75149124774	reported
Arts Centre Melbourne	60000	2018	AU-GOV-405359	reported
Ardoch Limited	66535	2018	AU-ABN-48119813188	reported
Philanthropy Australia	75000	2018	AU-ABN-79578875531	inferred
Zoe Support Australia	30000	2018	AU-ABN-76161029705	reported
Yarraville Community Centre Inc	29865	2018	AU-ABN-69827568560	inferred
Women's Health and Wellbeing Barwon South West Inc.	30000	2018	AU-ABN-98543253506	reported
Women's Circus Limited	30000	2018	AU-ABN-32103482695	reported
Wildlife Victoria	30000	2018	AU-ABN-27753478012	inferred
University of Melbourne	29625	2018	AU-ABN-84002705224	reported
TRY Australia	30000	2018	AU-ABN-90151552331	reported
Refugee Migrant Children Centre Ltd	30000	2018	AU-ABN-80840704309	inferred
Red Stitch Actors Theatre Limited	30000	2018	AU-ABN-28109829049	reported
Next Wave Festival Incorporated	30000	2018	AU-ABN-50679318829	reported
Nar Nar Goon Kindergarten Inc.	18667	2018	AU-ABN-13635328729	reported
Mission to Seafarers Victoria Inc	30000	2018	AU-ABN-18630990996	inferred
Midsumma Festival Inc	25000	2018	AU-ABN-50783159198	reported
Koorie Heritage Trust Inc	30000	2018	AU-ABN-72534020156	reported
Flinders Quartet Inc	30000	2018	AU-ABN-66216491840	inferred
Farnham Street Neighbourhood Learning Centre	27800	2018	AU-ABN-30202169571	reported
Environmental Justice Australia Ltd	29221	2018	AU-ABN-74052124375	inferred
Cultural Infusion Ltd	30000	2018	AU-ABN-44152667591	inferred
Australian National Memorial Theatre Ltd	30000	2018	AU-ABN-78007306283	inferred
Victoria University	199280	2018	AU-ABN-83776954731	reported
Trust For Nature (Victoria)	100000	2018	AU-ABN-60292993543	reported
State Schools' Relief Inc	139465	2018	AU-ABN-77455214193	inferred
Earthwatch Institute	187654	2018	AU-ABN-25875253851	reported
Australian Federation of Disability Organisations	165000	2018	AU-ABN-25105510898	inferred
Australian Centre for Rural Entrepreneurship Ltd	200000	2018	AU-ABN-17165086395	inferred
Victorian Association of State Secondary Principals Inc	30000	2017	AU-ABN-19201080428	inferred
The Conservation Ecology Trust	85041	2017	AU-ABN-90681731286	inferred
SPELD Victoria Inc	40000	2017	AU-ABN-51178974489	inferred
Smiling Mind	89000	2017	AU-ABN-26161428459	reported
SisterWorks Incorporated	60000	2017	AU-ABN-92370950371	reported
Save the Children	90000	2017	AU-ABN-19009938130	reported
People and Parks Environment Trust	90000	2017	AU-ABN-34765399623	reported
Outer Urban Projects	90000	2017	AU-ABN-11154257851	inferred
Green Collect Limited	58000	2017	AU-ABN-68112489684	reported
Friends of the Helmeted Honeyeater Inc	74044	2017	AU-ABN-11091816085	reported
Federation University Australia	90000	2017	AU-ABN-51818692256	reported
Deakin University	90000	2017	AU-ABN-56721584203	reported
Circus Nexus	90000	2017	AU-ABN-93737832035	inferred
Bush Heritage Australia	85880	2017	AU-ABN-78053639115	reported
Berengarra School Ltd	68263	2017	AU-ABN-71005254964	inferred
Ballarat International Foto Biennale	90000	2017	AU-ABN-70496228247	inferred
Back to Back Theatre Inc	90000	2017	AU-ABN-95834484241	reported
Willum Warrain Aboriginal Association Incorporation	4250	2017	AU-ABN-41179080355	inferred
Western Edge Youth Arts	15000	2017	AU-ABN-72251184593	inferred
Wendouree Neighbourhood Centre Inc	28847	2017	AU-ABN-80882715640	reported
Victorian Jazz Archive Inc	30000	2017	AU-ABN-53531132426	reported
The Song Room	30000	2017	AU-ABN-68790325760	inferred
The River Nile School Inc	20760	2017	AU-ABN-20382591724	reported
Speak Percussion	30000	2017	AU-ABN-71403799103	inferred
Quercus Beechworth	14080	2017	AU-ABN-21468159356	inferred
Public Galleries Association of Victoria	20000	2017	AU-ABN-40199833663	reported
Permanent Care and Adoptive Families	19496	2017	AU-ABN-50562164576	inferred
Monash University	25000	2017	AU-ABN-12377614012	reported
Melbourne Fringe	19000	2017	AU-ABN-41006125515	reported
Life Saving Victoria	30000	2017	AU-ABN-96727034683	inferred
Interchange Loddon-Mallee Region Inc.	27333	2017	AU-ABN-75413657328	inferred
Inclusion Melbourne Inc	29293	2017	AU-ABN-67568450949	inferred
Glen Eira Adult Learning Centre Inc	21000	2017	AU-ABN-56245390101	reported
Geelong Performing Arts Centre	26250	2017	AU-GOV-420675	reported
Endeavour Ministries Inc	10000	2017	AU-ABN-70891996288	inferred
Emerging Writers' Festival Inc	30000	2017	AU-ABN-93615613688	reported
Doxa Youth Foundation	21248	2017	AU-ABN-28005056262	reported
Darebin Information Volunteer and Resource Service	28930	2017	AU-ABN-80927699259	inferred
Big Brothers - Big Sisters Australia Limited	30000	2017	AU-ABN-75071682294	reported
Beyond the Bell Great South Coast Ltd	30000	2017	AU-ABN-37609882180	reported
Baptcare Ltd	30000	2017	AU-ABN-12069130463	reported
Ballarat Hospice Care Inc	29625	2017	AU-ABN-41839611725	inferred
Ardoch Limited	20000	2017	AU-ABN-48119813188	reported
Vision Australia Limited	5000	2017	AU-ABN-67108391831	reported
Tomorrow Today Education Foundation	200000	2017	AU-ABN-90610420123	inferred
The Royal Children's Hospital Foundation No 2 Trust	5000	2017	AU-ABN-75761829818	inferred
The Lost Dogs Home	5000	2017	AU-ABN-84004789726	inferred
Social Traders Ltd	200000	2017	AU-ABN-42132665804	reported
Royal Society for the Prevention of Cruelty to Animals	5000	2017	AU-ABN-71723781546	inferred
Multicultural Arts Victoria	200000	2017	AU-ABN-99060260414	inferred
Mission to Seafarers Victoria Inc	5000	2017	AU-ABN-18630990996	inferred
Brotherhood of St Laurence	197000	2017	AU-ABN-24603467024	reported
Australian Muslim Women's Centre for Human Rights	194631	2017	AU-ABN-57347235363	reported
Women's Legal Service Victoria	90000	2016	AU-ABN-49158531102	reported
Victorian Council of Social Service	90000	2016	AU-ABN-23005014988	reported
VICSEG New Futures	90000	2016	AU-ABN-65005924381	reported
The Social Studio	30000	2016	AU-ABN-98376502818	reported
SisterWorks Incorporated	30000	2016	AU-ABN-92370950371	reported
Regional Arts Victoria	90000	2016	AU-ABN-24005556025	reported
Project Platypus Association Inc	89050	2016	AU-ABN-59631244284	reported
Playgroup Victoria Inc	89640	2016	AU-ABN-13094186877	inferred
Penguin Foundation Ltd	63000	2016	AU-ABN-42112304364	reported
Melbourne Recital Centre	90000	2016	AU-ABN-46118617619	reported
Djerriwarrh Employment & Education Services	90000	2016	AU-ABN-57816895087	inferred
Castlemaine State Festival	90000	2016	AU-ABN-68005488684	inferred
Melbourne Fringe	7500	2016	AU-ABN-41006125515	reported
Victorian National Parks Association	186850	2016	AU-ABN-34217717593	inferred
Port Phillip EcoCentre Inc	185100	2016	AU-ABN-66852809680	inferred
Melbourne Business School	110000	2016	AU-ABN-80007268233	inferred
Berry Street Victoria	155000	2016	AU-ABN-24719196762	inferred
Ballarat Mechanics' Institute	150000	2016	AU-ABN-71368460385	inferred
Wathaurong Aboriginal Co-operative	30000	2016	AU-ABN-26564626453	inferred
Warramunda Village Inc	23335	2016	AU-ABN-78205894566	inferred
Violet Town Bush Nursing Centre Inc	19590	2016	AU-ABN-17344959747	reported
Victoria University	29030	2016	AU-ABN-83776954731	reported
University of Melbourne	29830	2016	AU-ABN-84002705224	reported
Uniting (Victoria and Tasmania) Ltd	30000	2016	AU-ABN-81098317125	inferred
Trust For Nature (Victoria)	18000	2016	AU-ABN-60292993543	reported
TarraWarra Museum of Art	30000	2016	AU-ABN-36093516495	inferred
St John Ambulance Australia (Victoria) Inc	20547	2016	AU-ABN-69061844380	inferred
Queen Victoria Women's Centre Trust	19736	2016	AU-ABN-61006499231	inferred
Monash University	30000	2016	AU-ABN-12377614012	reported
Mission to Seafarers Victoria Inc	30000	2016	AU-ABN-18630990996	inferred
Melton South Community Centre	3600	2016	AU-ABN-97587962424	inferred
Melbourne Writers Festival Inc	30000	2016	AU-ABN-29367097058	inferred
Lorne Sculpture Exhibition Inc	30000	2016	AU-ABN-80624673658	reported
La Mama	21000	2016	AU-ABN-74925853734	inferred
Interchange Loddon-Mallee Region Inc.	27696	2016	AU-ABN-75413657328	inferred
Foundation 61 Inc (F61)	12155	2016	AU-ABN-79079178867	inferred
Federation University Australia	30000	2016	AU-ABN-51818692256	reported
Environment Victoria Inc	29933	2016	AU-ABN-84495053605	reported
Circus Nexus	30000	2016	AU-ABN-93737832035	inferred
Centre of Excellence for Aboriginal Health in East Gippsland	28500	2016	AU-ABN-22132086116	inferred
Centre for Non Violence	30000	2016	AU-ABN-12974015985	inferred
Castlemaine Community House	30000	2016	AU-ABN-20112806357	inferred
Bendigo Baptist Community Care Inc.	14730	2016	AU-ABN-26724921970	inferred
Bass Coast Landcare Network Inc	26400	2016	AU-ABN-13136824392	reported
Australian Centre for Contemporary Art	17392	2016	AU-ABN-53089604277	reported
Ararat City Band Inc	22106	2016	AU-ABN-60013443248	reported
YSAS Pty Ltd	290000	2015	AU-ABN-51080593380	reported
The Bridge Youth Service Inc	30000	2015	AU-ABN-38045799398	reported
Shepparton Foodshare	30000	2015	AU-ABN-43461470086	inferred
Primary Care Connect	24000	2015	AU-ABN-63136509343	reported
Mooroopna Education and Activity Centre Inc	11300	2015	AU-ABN-39402149129	reported
Mental Health Legal Centre Inc	250000	2015	AU-ABN-30996171084	inferred
Kildonan UnitingCare	27530	2015	AU-ABN-11805856055	inferred
Ganbina	30000	2015	AU-ABN-29564690543	reported
Dungala Kaiela Foundation	30000	2015	AU-ABN-43131042914	reported
ConnectGV	27500	2015	AU-ABN-92086054195	reported
Caroline Chisholm Society	30000	2015	AU-ABN-42005066919	reported
Womens Health Grampians Incorporated	86500	2015	AU-ABN-85025587831	reported
Western Edge Youth Arts	20000	2015	AU-ABN-72251184593	inferred
Western Chances	274606	2015	AU-ABN-17110713865	reported
Weenthunga Health Network Inc	90000	2015	AU-ABN-95615678762	reported
Volunteering Victoria	90000	2015	AU-ABN-79378017212	inferred
The Social Studio	30000	2015	AU-ABN-98376502818	reported
Polyglot Theatre	50000	2015	AU-ABN-86099894147	inferred
Odyssey House Victoria	45000	2015	AU-ABN-11005583960	reported
Kids Thrive	90000	2015	AU-ABN-55761065774	inferred
Kids Plus Foundation	88192	2015	AU-ABN-83105087518	reported
Holy Trinity Parish	60000	2015	AU-ABN-41200387372	reported
Footscray Community Arts Centre Limited	90000	2015	AU-ABN-87005140303	reported
Country Education Project Inc	83000	2015	AU-ABN-67537996143	inferred
Connecting Country (Mt Alexander Region) Inc	75600	2015	AU-ABN-47539096184	inferred
Centre for Participation Inc	88000	2015	AU-ABN-17857841823	reported
Australian Centre for Rural Entrepreneurship Ltd	248981	2015	AU-ABN-17165086395	inferred
Asylum Seeker Resource Centre Inc	200000	2015	AU-ABN-64114965815	inferred
North Melbourne Language & Learning Inc.	200000	2015	AU-ABN-91844560623	inferred
Nexus Primary Health	199000	2015	AU-ABN-40685448071	inferred
Deakin University	200000	2015	AU-ABN-56721584203	reported
Women's Circus Limited	12000	2015	AU-ABN-32103482695	reported
Wingate Avenue Community Centre Inc	30000	2015	AU-ABN-33042739925	reported
Victoria University	26534	2015	AU-ABN-83776954731	reported
The First Step Program Limited	26294	2015	AU-ABN-51093661995	reported
The Conservation Ecology Trust	27810	2015	AU-ABN-90681731286	inferred
Sunraysia Community Health Services	29983	2015	AU-ABN-56957121036	inferred
Short Black Opera Company Pty Ltd	10000	2015	AU-ABN-11141727577	reported
Robin Boyd Foundation	28000	2015	AU-ABN-50111119807	reported
Rawcus Theatre Company inc	10063	2015	AU-ABN-59905293064	reported
Naomi Milgrom Foundation	30000	2015	AU-ABN-48163501273	inferred
Melbourne Recital Centre	23000	2015	AU-ABN-46118617619	reported
McClelland Sculpture Ltd.	21243	2015	AU-ABN-47082448262	inferred
McCallum Disability Services	30000	2015	AU-ABN-65583429720	inferred
Lord Somers Camp and Power House	25000	2015	AU-ABN-96004505373	reported
Loddon Campaspe Multicultural Service Inc	29775	2015	AU-ABN-73504356907	inferred
Good Cycles Limited	24960	2015	AU-ABN-56162578805	reported
Glenroy Neighbourhood Learning Centre	16946	2015	AU-ABN-14154206543	inferred
Foundation 61 Inc (F61)	24830	2015	AU-ABN-79079178867	inferred
Eureka Community Kindergarten Association Inc	30000	2015	AU-ABN-72072125464	inferred
Caroline Chisholm Society	20000	2015	AU-ABN-42005066919	reported
Bluebird Foundation Inc	30000	2015	AU-ABN-44206851526	inferred
Bethany Community Support Inc	30000	2015	AU-ABN-38633820168	reported
Association of Hazaras in Victoria Inc	9500	2015	AU-ABN-45886514868	inferred
Arthurs Creek District Landcare Group	14765	2015	AU-ABN-40416107108	reported
Arena Theatre Company	10000	2015	AU-ABN-95004952505	inferred
Arabic Welfare Incorporated	17100	2015	AU-ABN-53734255769	reported
University of Melbourne	1045000	2014	AU-ABN-84002705224	reported
Anglicare Victoria	320000	2014	AU-ABN-97397067466	reported
Woor-Dungin Inc	30000	2014	AU-ABN-36146408318	inferred
Wombat Housing and Support Services	10000	2014	AU-ABN-19823459821	inferred
Wild@heART Community Arts	30000	2014	AU-ABN-83120926258	inferred
Western Edge Youth Arts	20000	2014	AU-ABN-72251184593	inferred
Victorian Council of Social Service	30000	2014	AU-ABN-23005014988	reported
Victorian Aboriginal Child Care Agency Co Op Ltd	14778	2014	AU-ABN-44665455609	inferred
The Wilderness Society Victoria Inc	30000	2014	AU-ABN-50199624393	reported
The Australian Ballet School	30000	2014	AU-ABN-18004852108	reported
STREAT Limited	90000	2014	AU-ABN-96134906933	reported
Somebody's Daughter Theatre Inc	90000	2014	AU-ABN-68563267116	reported
Self Help Addiction Resource Centre Inc	28000	2014	AU-ABN-18052525948	inferred
Project Platypus Association Inc	29000	2014	AU-ABN-59631244284	reported
Nagambie HealthCare	26900	2014	AU-ABN-94288195795	inferred
Monash University	1200000	2014	AU-ABN-12377614012	reported
Mission to Seafarers Victoria Inc	30000	2014	AU-ABN-18630990996	inferred
Merri Creek Management Committee Inc	87932	2014	AU-ABN-13025599242	reported
Melbourne Symphony Orchestra	30000	2014	AU-ABN-47078925658	inferred
Melbourne Prize Trust	24000	2014	AU-ABN-46190726471	inferred
Melbourne City Mission	90000	2014	AU-ABN-56161846149	reported
Life Saving Victoria	30000	2014	AU-ABN-96727034683	inferred
Leisure Networks Association Inc	50000	2014	AU-ABN-61356582289	reported
Goulburn Valley Grammar School	342382	2014	AU-ABN-35185427245	inferred
Genealogical Society of Victoria Inc	26079	2014	AU-ABN-86947919608	inferred
Geelong Grammar School	510000	2014	AU-ABN-92004971500	reported
Ganbina	95000	2014	AU-ABN-29564690543	reported
Echuca Neighbourhood House	30000	2014	AU-ABN-43374311705	inferred
Deakin University	46428	2014	AU-ABN-56721584203	reported
Community Music Victoria	80000	2014	AU-ABN-76301015584	inferred
Chunky Move	15000	2014	AU-ABN-91080509799	reported
Castlemaine State Festival	30000	2014	AU-ABN-68005488684	inferred
Carringbush Adult Education Inc	55000	2014	AU-ABN-82649196812	reported
Brainlink Services Limited	20000	2014	AU-ABN-94121645145	inferred
Beolite Village Limited	60000	2014	AU-ABN-76114480625	reported
Bendigo Family & Financial Services	70170	2014	AU-ABN-85516675015	inferred
Australian National Memorial Theatre Ltd	22000	2014	AU-ABN-78007306283	inferred
Australian Community Support Organisation	85000	2014	AU-ABN-43037816628	inferred
Arts Centre Melbourne	79100	2014	AU-GOV-405359	reported
APHIDS Events Inc	30000	2014	AU-ABN-24721913934	reported
Anam Cara House Colac Inc	65813	2014	AU-ABN-59284895650	reported
Weenthunga Health Network Inc	25000	2013	AU-ABN-95615678762	reported
Trinity College	23625	2013	AU-ABN-39485211746	reported
TreeProject	3600	2013	AU-ABN-90669079400	inferred
Think Pink Foundation	25000	2013	AU-ABN-72781321596	inferred
The Wilderness Society Victoria Inc	80000	2013	AU-ABN-50199624393	reported
The River Nile School Inc	9600	2013	AU-ABN-20382591724	reported
Sovereign Hill Museum Association	16821	2013	AU-ABN-87565053651	inferred
Royal Society for the Prevention of Cruelty to Animals	38950	2013	AU-ABN-71723781546	inferred
Onemda Association Inc	24270	2013	AU-ABN-76721607868	inferred
Nullawil Historical Society	25000	2013	AU-ABN-50719483365	inferred
Jewish Museum of Australia	10000	2013	AU-ABN-21005574210	reported
Helping Hoops Inc	8500	2013	AU-ABN-64910709696	inferred
Epworth Foundation	25000	2013	AU-ABN-97420694950	reported
Down Syndrome Association of Victoria Inc	20100	2013	AU-ABN-59901963154	inferred
Djerriwarrh Employment & Education Services	25000	2013	AU-ABN-57816895087	inferred
Children's Cancer Foundation	8460	2013	AU-ABN-96114942415	reported
Cancer Council Victoria	20000	2013	AU-ABN-61426486715	reported
Asylum Seeker Resource Centre Inc	80000	2013	AU-ABN-64114965815	inferred
Art Gallery of Ballarat	50000	2013	AU-ABN-28145246224	reported
Woor-Dungin Inc	30000	2013	AU-ABN-36146408318	inferred
Women's Health Victoria Inc	9890	2013	AU-ABN-33365284944	reported
Western Edge Youth Arts	10000	2013	AU-ABN-72251184593	inferred
Weave Movement Theatre Inc	10000	2013	AU-ABN-85250963559	reported
University of Melbourne	100000	2013	AU-ABN-84002705224	reported
St John Ambulance Australia (Victoria) Inc	19026	2013	AU-ABN-69061844380	inferred
Royal Agricultural Society of Victoria	25000	2013	AU-ABN-66006728785	inferred
North East Support and Action for Youth Inc	25000	2013	AU-ABN-61209041745	inferred
Lentara UnitingCare	8000	2013	AU-ABN-28576417001	inferred
Green Collect Limited	25000	2013	AU-ABN-68112489684	reported
FareShare	90000	2013	AU-ABN-65154336610	inferred
Environment Victoria Inc	15000	2013	AU-ABN-84495053605	reported
Encompass Community Services Incorporated	25000	2013	AU-ABN-93483436215	inferred
Daylesford Community Theatre Incorporated	23500	2013	AU-ABN-44628874918	reported
Cooinda Village Inc	25000	2013	AU-ABN-83171137764	reported
Community Houses Association of the Outer Eastern Suburbs Inc	21310	2013	AU-ABN-88707400172	inferred
Community College Gippsland Ltd	20000	2013	AU-ABN-37005090317	reported
Cobram Community House Inc	16588	2013	AU-ABN-44233569937	reported
Bungalook Creek Wildlife Shelter Inc.	8451	2013	AU-ABN-36392770774	reported
Bone Marrow Donor Institute Limited	20000	2013	AU-ABN-45127505739	inferred
Bendigo Art Gallery	100000	2013	AU-ABN-59616353093	reported
Wingate Avenue Community Centre Inc	24991	2013	AU-ABN-33042739925	reported
Victoria University	100000	2013	AU-ABN-83776954731	reported
Trust For Nature (Victoria)	120000	2013	AU-ABN-60292993543	reported
The New Hope Foundation Inc	15000	2013	AU-ABN-97929588990	reported
The Neighbour's Place Inc	5000	2013	AU-ABN-74776559388	inferred
St Kilda Gatehouse Inc	151292	2013	AU-ABN-76557051941	inferred
Realise Enterprises Inc	24000	2013	AU-ABN-85437969377	inferred
Peter Harcourt Services Association Inc	21500	2013	AU-ABN-94643592341	inferred
Mpower Inc	6000	2013	AU-ABN-39491685563	reported
Lifeline Gippsland Inc	7320	2013	AU-ABN-32683432663	reported
Kids' Own (Australia) Inc	25000	2013	AU-ABN-87414893340	reported
Independent Disability Services Inc	20000	2013	AU-ABN-21157513691	reported
Hillview Bunyip Aged Care Inc	15000	2013	AU-ABN-92626712083	reported
Helping Hoops Inc	8500	2013	AU-ABN-64910709696	inferred
Guide Dogs Victoria	18800	2013	AU-ABN-68004621461	reported
Glen Eira Adult Learning Centre Inc	20000	2013	AU-ABN-56245390101	reported
Gippsland Disability Advocacy Inc	15000	2013	AU-ABN-58327674067	reported
Foundation 61 Inc (F61)	25000	2013	AU-ABN-79079178867	inferred
Edgar's Mission Inc	22000	2013	AU-ABN-75001177836	inferred
Deakin University	130000	2013	AU-ABN-56721584203	reported
Castlemaine State Festival	19000	2013	AU-ABN-68005488684	inferred
Carringbush Adult Education Inc	20000	2013	AU-ABN-82649196812	reported
Brainlink Services Limited	9000	2013	AU-ABN-94121645145	inferred
Bethany Community Support Inc	15000	2013	AU-ABN-38633820168	reported
Australian National Academy of Music Ltd	94500	2013	AU-ABN-18067405190	inferred
Araluen Centre	13838	2013	AU-ABN-45056676558	reported
Women's Health Loddon Mallee Inc	11660	2012	AU-ABN-21794157588	inferred
Western Chances	201000	2012	AU-ABN-17110713865	reported
The Wilderness Society Victoria Inc	25000	2012	AU-ABN-50199624393	reported
The River Nile School Inc	12010	2012	AU-ABN-20382591724	reported
The Lost Dogs Home	10000	2012	AU-ABN-84004789726	inferred
Taskforce Community Agency Inc	21200	2012	AU-ABN-48909624457	reported
Statewide Autistic Services Inc	10400	2012	AU-ABN-43511367128	inferred
Special Olympics Australia - Victoria	21220	2012	AU-ABN-28050738728	inferred
OneCare Geelong Ltd	13490	2012	AU-ABN-43106141084	inferred
Odyssey House Victoria	19327	2012	AU-ABN-11005583960	reported
McAuley Community Services for Women	91782	2012	AU-ABN-85696671223	reported
Make a Difference Dingley Village Inc	21040	2012	AU-ABN-78684267029	reported
La Trobe University	300000	2012	AU-ABN-39855783198	reported
Daylesford Community Brass Band Inc	10000	2012	AU-ABN-99869682695	reported
Dame Nellie Melba Opera Trust	110000	2012	AU-ABN-96424419725	reported
Country Awareness Network (Victoria) Incorporated	5000	2012	AU-ABN-84621704503	inferred
Circus Nexus	100000	2012	AU-ABN-93737832035	inferred
Cerebral Palsy Support Network	25000	2012	AU-ABN-26044741609	inferred
Castlemaine Community House	240289	2012	AU-ABN-20112806357	inferred
Berry Street Victoria	25000	2012	AU-ABN-24719196762	inferred
Banyule Housing Support Group Inc	9200	2012	AU-ABN-38974358905	reported
Ballarat and District Aboriginal Cooperative	25000	2012	AU-ABN-33266090956	inferred
VICSEG New Futures	174000	2012	AU-ABN-65005924381	reported
The Old Van Ltd	16000	2012	AU-ABN-67101410333	reported
Stroke Association of Victoria Inc	25000	2012	AU-ABN-14524995815	inferred
St Kilda Community Housing Ltd	5801	2012	AU-ABN-20123193117	inferred
St John Ambulance Australia (Victoria) Inc	22296	2012	AU-ABN-69061844380	inferred
Self Help Addiction Resource Centre Inc	22000	2012	AU-ABN-18052525948	inferred
Sandybeach Community Co-operative Society Limited	25000	2012	AU-ABN-39853867516	reported
Multicultural Arts Victoria	25000	2012	AU-ABN-99060260414	inferred
Good Shepherd Australia New Zealand	19000	2012	AU-ABN-61354551576	reported
Golden Memories Karaoke Inc	6000	2012	AU-ABN-28918592920	inferred
Future Employment Opportunities Inc	25000	2012	AU-ABN-23307388437	reported
FareShare	51000	2012	AU-ABN-65154336610	inferred
Community AXIS Enterprises Incorporated	130000	2012	AU-ABN-48208409903	reported
Australian National Memorial Theatre Ltd	100000	2012	AU-ABN-78007306283	inferred
Anglicare Victoria	560000	2012	AU-ABN-97397067466	reported
Weenthunga Health Network Inc	13400	2012	AU-ABN-95615678762	reported
Wavecare Inc	22640	2012	AU-ABN-42596167919	inferred
Victorian Aboriginal Corporation for Languages	39200	2012	AU-ABN-86757997574	reported
The Australian Ballet School	25000	2012	AU-ABN-18004852108	reported
Stawell Intertwine Services Inc	16851	2012	AU-ABN-13518845443	reported
St Vincent's Institute of Medical Research	300000	2012	AU-ABN-52004705640	inferred
St Kilda Gatehouse Inc	70184	2012	AU-ABN-76557051941	inferred
Sacred Heart Mission	215695	2012	AU-ABN-62843874179	inferred
Royal Society for the Prevention of Cruelty to Animals	17550	2012	AU-ABN-71723781546	inferred
Polyglot Theatre	110000	2012	AU-ABN-86099894147	inferred
Parent-Infant Research Institute	25000	2012	AU-ABN-68832092864	inferred
Palliative Care Victoria	39204	2012	AU-ABN-88819011622	inferred
Onemda Association Inc	24200	2012	AU-ABN-76721607868	inferred
Museum of Chinese Australian History Inc	15320	2012	AU-ABN-75132318160	inferred
Mpower Inc	2037	2012	AU-ABN-39491685563	reported
Monash University	13773	2012	AU-ABN-12377614012	reported
Monash University	93835	2012	AU-ABN-12377614012	reported
Mission to Seafarers Victoria Inc	25000	2012	AU-ABN-18630990996	inferred
Melbourne Bach Choir	2000	2012	AU-ABN-37343272866	inferred
Meadow Heights Community Foundation	92885	2012	AU-ABN-51132860612	reported
LINK Community Transport Incorporated	25000	2012	AU-ABN-77816708030	reported
Kildonan UnitingCare	135000	2012	AU-ABN-11805856055	inferred
Jewish Cultural Centre & National Library Kadimah	2000	2012	AU-ABN-76004162216	inferred
Interchange Gippsland Inc	24000	2012	AU-ABN-29356008121	reported
Helping Hoops Inc	9476	2012	AU-ABN-64910709696	inferred
Harm Reduction Victoria (HRV)	11936	2012	AU-ABN-46114268362	inferred
Gasworks Arts Park	18000	2012	AU-ABN-71207917116	inferred
Footscray Community Arts Centre Limited	25000	2012	AU-ABN-87005140303	reported
Elkhuwei Charitable Association for Community Development	23760	2012	AU-ABN-84135293622	inferred
Diaspora Action Australia Inc	24993	2012	AU-ABN-67754968942	reported
Country Education Project Inc	80000	2012	AU-ABN-67537996143	inferred
Cloverdale Care Inc	4000	2012	AU-ABN-76973256676	reported
Christian Emergency Food Centre Inc	9000	2012	AU-ABN-79590217561	reported
Brotherhood of St Laurence	75500	2012	AU-ABN-24603467024	reported
Bone Marrow Donor Institute Limited	8184	2012	AU-ABN-45127505739	inferred
Anne McDonald Centre	16000	2012	AU-ABN-68933715362	inferred
Women's Health in the South East	25000	2011	AU-ABN-90641895966	inferred
University of Melbourne	150000	2011	AU-ABN-84002705224	reported
The Lost Dogs Home	25000	2011	AU-ABN-84004789726	inferred
Swinburne University of Technology	233200	2011	AU-ABN-13628586699	reported
Strathewen Bushfire Relief Company Ltd	98150	2011	AU-ABN-89160630428	inferred
Spectrum Migrant Resource Centre	24751	2011	AU-ABN-38080845787	inferred
Royal Society for the Prevention of Cruelty to Animals	10000	2011	AU-ABN-71723781546	inferred
Regional Arts Victoria	23600	2011	AU-ABN-24005556025	reported
Phunktional Limited	40000	2011	AU-ABN-29130665477	reported
National Trust of Australia (Victoria)	6000	2011	AU-ABN-61004356192	reported
Murdoch Children's Research Institute	143841	2011	AU-ABN-21006566972	reported
Mullum Mullum Indigenous Gathering Place	11000	2011	AU-ABN-21125609805	inferred
Mornington Peninsula Youth Enterprises Inc	48000	2011	AU-ABN-17223802188	inferred
Mission to Seafarers Victoria Inc	10000	2011	AU-ABN-18630990996	inferred
McAuley Community Services for Women	100000	2011	AU-ABN-85696671223	reported
Lynden Aged Care Association Inc	25000	2011	AU-ABN-47518653890	reported
La Trobe University	24780	2011	AU-ABN-39855783198	reported
Inclusion Melbourne Inc	99214	2011	AU-ABN-67568450949	inferred
Hillview Bunyip Aged Care Inc	18500	2011	AU-ABN-92626712083	reported
Grampians Community Health Centre Inc	25000	2011	AU-ABN-41831668189	inferred
Gateways Support Services Inc	50000	2011	AU-ABN-98140810929	reported
Down Syndrome Association of Victoria Inc	23890	2011	AU-ABN-59901963154	inferred
Chamber Music Australia	16250	2011	AU-ABN-55179308627	inferred
Chamber Made	13600	2011	AU-ABN-84490162765	inferred
Arts Centre Melbourne	10000	2011	AU-GOV-405359	reported
Wombat Housing and Support Services	3990	2011	AU-ABN-19823459821	inferred
Warramunda Village Inc	5184	2011	AU-ABN-78205894566	inferred
The Social Studio	25000	2011	AU-ABN-98376502818	reported
The River Nile School Inc	25000	2011	AU-ABN-20382591724	reported
The New Hope Foundation Inc	20000	2011	AU-ABN-97929588990	reported
St Luke's Anglicare	60000	2011	AU-ABN-99087209729	inferred
St John Ambulance Australia (Victoria) Inc	22500	2011	AU-ABN-69061844380	inferred
St John Ambulance Australia (Victoria) Inc	21000	2011	AU-ABN-69061844380	inferred
Spina Bifida Foundation of Victoria	21500	2011	AU-ABN-30232583089	inferred
Port Phillip Community Group Ltd	22500	2011	AU-ABN-34844707349	inferred
Nagambie HealthCare	24000	2011	AU-ABN-94288195795	inferred
Melbourne Chamber Orchestra	25000	2011	AU-ABN-48270234406	inferred
Make a Difference Dingley Village Inc	8500	2011	AU-ABN-78684267029	reported
Lorne Sculpture Exhibition Inc	17000	2011	AU-ABN-80624673658	reported
Leigh Catchment & District Emergency Response Team Inc	21600	2011	AU-ABN-32119437822	inferred
Gippsland Carers Association Inc	25000	2011	AU-ABN-20547306121	reported
Community College Gippsland Ltd	20000	2011	AU-ABN-37005090317	reported
City Life Inc	25000	2011	AU-ABN-97443078959	reported
Carers Victoria	20000	2011	AU-ABN-12533636427	inferred
Beolite Village Limited	100000	2011	AU-ABN-76114480625	reported
Aboriginal Literacy Foundation Inc	23000	2011	AU-ABN-71134934091	reported
Yallambee - Traralgon Village for the Aged Inc	25000	2011	AU-ABN-43287362778	inferred
Wellington Collingwood Inc	25000	2011	AU-ABN-88670822700	reported
TreeProject	6654	2011	AU-ABN-90669079400	inferred
Swinburne University of Technology	24960	2011	AU-ABN-13628586699	reported
Servants Community Housing Inc	10000	2011	AU-ABN-77195871941	reported
Presentation Sisters Victoria (Presentation Family Centre) Inc	100000	2011	AU-ABN-49294538482	inferred
Multicultural Arts Victoria	13500	2011	AU-ABN-99060260414	inferred
Monash Institute of Medical Research	25000	2011	AU-ABN-48132025024	inferred
McCallum Disability Services	22860	2011	AU-ABN-65583429720	inferred
Lighthouse Foundation	15270	2011	AU-ABN-93731236831	reported
Leadership Victoria	7000	2011	AU-ABN-36057096465	inferred
La Trobe University	25000	2011	AU-ABN-39855783198	reported
Kellock Lodge Alexandra Inc	15000	2011	AU-ABN-82586866464	reported
Hillview Bunyip Aged Care Inc	6494	2011	AU-ABN-92626712083	reported
FareShare	40000	2011	AU-ABN-65154336610	inferred
Disability Sport and Recreation	25000	2011	AU-ABN-90355468664	inferred
Deakin University	23866	2011	AU-ABN-56721584203	reported
Cottage by the Sea Queenscliff Inc	23000	2011	AU-ABN-21987748593	reported
Community Music Victoria	44790	2011	AU-ABN-76301015584	inferred
Circus Nexus	22000	2011	AU-ABN-93737832035	inferred
Chunky Move	19000	2011	AU-ABN-91080509799	reported
Centre for Multicultural Youth	23035	2011	AU-ABN-82127444713	reported
Centre for Eye Research Australia	52541	2011	AU-ABN-72076481984	inferred
Calvary Health Care Bethlehem Limited	17268	2011	AU-ABN-81105303704	reported
CAA-Wyndham Community Arts Alliance Inc	10000	2011	AU-ABN-57535983043	inferred
Ballarat International Foto Biennale	17500	2011	AU-ABN-70496228247	inferred
Back to Back Theatre Inc	50000	2011	AU-ABN-95834484241	reported
Australian Platypus Conservancy	5000	2011	AU-ABN-64255612676	inferred
Australian National Memorial Theatre Ltd	12600	2011	AU-ABN-78007306283	inferred
Arena Theatre Company	20000	2011	AU-ABN-95004952505	inferred
Victorian YMCA Youth & Community Services Inc	25000	2011	AU-ABN-42858439742	reported
Lifeline Gippsland Inc	20000	2011	AU-ABN-32683432663	reported
Victoria University	53573	2010	AU-ABN-83776954731	reported
The Royal Children's Hospital Foundation No 2 Trust	600000	2010	AU-ABN-75761829818	inferred
The Old Van Ltd	14200	2010	AU-ABN-67101410333	reported
Swinburne University of Technology	60000	2010	AU-ABN-13628586699	reported
Statewide Autistic Services Inc	3628	2010	AU-ABN-43511367128	inferred
St Kilda Gatehouse Inc	20000	2010	AU-ABN-76557051941	inferred
Southcare Community Care Inc	15000	2010	AU-ABN-57728215747	reported
Solve Disability Solutions	7500	2010	AU-ABN-16294381734	inferred
Saltbush Community Initiatives Inc	15000	2010	AU-ABN-91464183591	reported
Project Platypus Association Inc	24797	2010	AU-ABN-59631244284	reported
Muscular Dystrophy Association Inc	7000	2010	AU-ABN-99457704211	reported
Monkami Centre Inc	22500	2010	AU-ABN-80332424184	reported
Melbourne City Mission	25000	2010	AU-ABN-56161846149	reported
Melba Support Services Inc	4500	2010	AU-ABN-39848842276	inferred
La Trobe University	21637	2010	AU-ABN-39855783198	reported
Genealogical Society of Victoria Inc	10000	2010	AU-ABN-86947919608	inferred
Gellibrand Support Services Inc	25000	2010	AU-ABN-16025675584	reported
Fitted for Work	50000	2010	AU-ABN-78126256862	inferred
Federation University Australia	10000	2010	AU-ABN-51818692256	reported
Federation University Australia	110000	2010	AU-ABN-51818692256	reported
Doncaster Community Care and Counselling Inc	15000	2010	AU-ABN-61321463378	inferred
Deakin University	34556	2010	AU-ABN-56721584203	reported
Central Bayside Community Health Services	15000	2010	AU-ABN-50362120798	inferred
Australian National Academy of Music Ltd	22500	2010	AU-ABN-18067405190	inferred
Asylum Seeker Resource Centre Inc	25000	2010	AU-ABN-64114965815	inferred
Association for Children with a Disability	20000	2010	AU-ABN-39835407788	reported
Arts Project Australia Inc	25000	2010	AU-ABN-99804795393	reported
Aboriginal Literacy Foundation Inc	10000	2010	AU-ABN-71134934091	reported
Kinglake Ranges Men's Shed Inc	24950	2010	AU-ABN-58918300196	inferred
Womens Health Grampians Incorporated	10000	2010	AU-ABN-85025587831	reported
Western Edge Youth Arts	15000	2010	AU-ABN-72251184593	inferred
VincentCare	25000	2010	AU-ABN-53094807280	inferred
Victoria University	46206	2010	AU-ABN-83776954731	reported
Travellers Aid Australia	50000	2010	AU-ABN-79004080862	reported
The Jean Hailes Foundation	300000	2010	AU-ABN-69092915618	reported
The Bendigo Trust	15000	2010	AU-ABN-39005014175	reported
Sunraysia DisAbility Group Inc	10000	2010	AU-ABN-19190190173	reported
National Heart Foundation of Australia (Victorian Division)	22100	2010	AU-ABN-25004463334	reported
National Ageing Research Institute Inc	70497	2010	AU-ABN-71154866047	inferred
Mount Alexander Sustainability Group Inc	6000	2010	AU-ABN-78626846421	reported
Monash University	172446	2010	AU-ABN-12377614012	reported
Melbourne Writers Festival Inc	83000	2010	AU-ABN-29367097058	inferred
Melbourne Fringe	5000	2010	AU-ABN-41006125515	reported
Life Saving Victoria	60000	2010	AU-ABN-96727034683	inferred
Justice Connect	34684	2010	AU-ABN-54206789276	reported
Bone Marrow Donor Institute Limited	40000	2010	AU-ABN-45127505739	inferred
Austin Medical Research Foundation	27200	2010	AU-ABN-11004857827	reported
Arts Centre Melbourne	10000	2010	AU-GOV-405359	reported
Sustainable Gardening Australia Foundation	925000	2010	AU-ABN-47508099142	reported
Berry Street Victoria	60000	2010	AU-ABN-24719196762	inferred
Youth Empowerment Against HIV/AIDS	33882	2010	AU-ABN-77570520528	inferred
Woodbine	21150	2010	AU-ABN-54139944572	inferred
Victorian Council of Social Service	137500	2010	AU-ABN-23005014988	reported
University of Melbourne	23807	2010	AU-ABN-84002705224	reported
University of Melbourne	50000	2010	AU-ABN-84002705224	reported
Trinity College	130000	2010	AU-ABN-39485211746	reported
The Trustee for the Hamilton Art Gallery Trust	10000	2010	AU-ABN-81441140051	reported
Summer Foundation Ltd	28080	2010	AU-ABN-90117719516	reported
St Martins Youth Arts Centre	23920	2010	AU-ABN-15005633750	inferred
Palliative Care Victoria	23000	2010	AU-ABN-88819011622	inferred
Ormond College	25000	2010	AU-ABN-47603318314	inferred
Orchestra Victoria	25000	2010	AU-ABN-95096788804	inferred
Next Wave Festival Incorporated	10000	2010	AU-ABN-50679318829	reported
National Trust of Australia (Victoria)	2201	2010	AU-ABN-61004356192	reported
Mulleraterong Centre Inc	20000	2010	AU-ABN-84250151244	reported
Monash University	30000	2010	AU-ABN-12377614012	reported
MacKillop Family Services Ltd	100000	2010	AU-ABN-79078299288	inferred
Linden New Art Inc.	15750	2010	AU-ABN-84299880930	inferred
Karden Disability Support Foundation	20000	2010	AU-ABN-91469765852	reported
John Pierce Centre	14194	2010	AU-ABN-55005611601	reported
Jewish Museum of Australia	50000	2010	AU-ABN-21005574210	reported
Friends of the Earth Melbourne	41220	2010	AU-ABN-68918945471	inferred
Footscray Community Arts Centre Limited	5000	2010	AU-ABN-87005140303	reported
Federation University Australia	31680	2010	AU-ABN-51818692256	reported
Drummond Street Services	25000	2010	AU-ABN-85690831425	inferred
Child & Family Services Ballarat Inc	10000	2010	AU-ABN-83786843940	reported
Anam Cara House Colac Inc	16071	2010	AU-ABN-59284895650	reported
Regional Arts Victoria	11350	2010	AU-ABN-24005556025	reported
K.I.D.S Foundation	30000	2010	AU-ABN-85109669794	inferred
Community College Gippsland Ltd	20000	2010	AU-ABN-37005090317	reported
Chaplaincy Australia	30000	2010	AU-ABN-28600955539	inferred
Anglicare Victoria	30192	2010	AU-ABN-97397067466	reported
Yooralla	15000	2009	AU-ABN-14005304432	reported
Writers Victoria	15000	2009	AU-ABN-18268487576	reported
Victoria University	45147	2009	AU-ABN-83776954731	reported
Turning Point Alcohol & Drug Centre	12800	2009	AU-ABN-17302055629	inferred
Taskforce Community Agency Inc	30000	2009	AU-ABN-48909624457	reported
St Luke's Anglicare	100000	2009	AU-ABN-99087209729	inferred
Queen Victoria Women's Centre Trust	115972	2009	AU-ABN-61006499231	inferred
Phunktional Limited	28800	2009	AU-ABN-29130665477	reported
North East Support and Action for Youth Inc	100000	2009	AU-ABN-61209041745	inferred
National Stroke Foundation (Australia)	15000	2009	AU-ABN-42006173379	inferred
National Disability Services - Victoria	50000	2009	AU-ABN-52008445485	inferred
Murdoch Children's Research Institute	57450	2009	AU-ABN-21006566972	reported
Monash University	56000	2009	AU-ABN-12377614012	reported
Monash University	36500	2009	AU-ABN-12377614012	reported
Monash University	45000	2009	AU-ABN-12377614012	reported
Melbourne Chamber Orchestra	25000	2009	AU-ABN-48270234406	inferred
Lorne Sculpture Exhibition Inc	5000	2009	AU-ABN-80624673658	reported
La Trobe University	18078	2009	AU-ABN-39855783198	reported
Federation University Australia	50000	2009	AU-ABN-51818692256	reported
Doxa Youth Foundation	75000	2009	AU-ABN-28005056262	reported
Cooinda Village Inc	20000	2009	AU-ABN-83171137764	reported
Carinya Society	25000	2009	AU-ABN-59093747454	reported
Australian Centre for Contemporary Art	60000	2009	AU-ABN-53089604277	reported
Royal Society for the Prevention of Cruelty to Animals	7000	2009	AU-ABN-71723781546	inferred
Regional Arts Victoria	37000	2009	AU-ABN-24005556025	reported
New Horizons Welfare Services Inc	10000	2009	AU-ABN-94808429204	inferred
Centre for Non Violence	18000	2009	AU-ABN-12974015985	inferred
YSAS Pty Ltd	20000	2009	AU-ABN-51080593380	reported
Wimmera Hearing Society Inc	10000	2009	AU-ABN-27003529639	reported
University of Melbourne	30000	2009	AU-ABN-84002705224	reported
Statewide Autistic Services Inc	16989	2009	AU-ABN-43511367128	inferred
Somebody's Daughter Theatre Inc	20000	2009	AU-ABN-68563267116	reported
Royal Society for the Prevention of Cruelty to Animals	27000	2009	AU-ABN-71723781546	inferred
Monash University	20000	2009	AU-ABN-12377614012	reported
Monash Institute of Medical Research	36000	2009	AU-ABN-48132025024	inferred
Melbourne Writers Festival Inc	22000	2009	AU-ABN-29367097058	inferred
Melbourne Fringe	10000	2009	AU-ABN-41006125515	reported
La Trobe University	35008	2009	AU-ABN-39855783198	reported
Hillview Bunyip Aged Care Inc	8000	2009	AU-ABN-92626712083	reported
Gippsland Disability Advocacy Inc	40000	2009	AU-ABN-58327674067	reported
Flat Out Inc	25000	2009	AU-ABN-68037026364	inferred
Federation University Australia	35036	2009	AU-ABN-51818692256	reported
Eastern Community Legal Centre Inc	10000	2009	AU-ABN-89833124364	reported
Circus Nexus	10000	2009	AU-ABN-93737832035	inferred
Church of all Nations	50000	2009	AU-ABN-82514156501	reported
CERES	30137	2009	AU-ABN-59679255328	reported
Centre for Eye Research Australia	63240	2009	AU-ABN-72076481984	inferred
Boroondara Aged Services Society	6700	2009	AU-ABN-66004574547	reported
Bendigo Theatre Company Inc	12000	2009	AU-ABN-75957966766	inferred
Australian Muslim Women's Centre for Human Rights	54846	2009	AU-ABN-57347235363	reported
Australian Federation of Disability Organisations	100000	2009	AU-ABN-25105510898	inferred
Women's Circus Limited	25500	2009	AU-ABN-32103482695	reported
Western Edge Youth Arts	5000	2009	AU-ABN-72251184593	inferred
Victorian Mental Illness Awareness Council	25000	2009	AU-ABN-28642080520	reported
Victorian Animal Aid Trust	5000	2009	AU-ABN-80004260244	reported
Victorian Aboriginal Child Care Agency Co Op Ltd	15000	2009	AU-ABN-44665455609	inferred
University of Melbourne	100000	2009	AU-ABN-84002705224	reported
University of Melbourne	11000	2009	AU-ABN-84002705224	reported
Trust For Nature (Victoria)	20000	2009	AU-ABN-60292993543	reported
The Youth Junction Inc	5000	2009	AU-ABN-53035141146	inferred
Sisters of Charity Community Care Limited	14184	2009	AU-ABN-39093448410	reported
Samarinda Aged Services Inc	20000	2009	AU-ABN-48522054140	inferred
Regional Arts Victoria	32060	2009	AU-ABN-24005556025	reported
People and Parks Environment Trust	25000	2009	AU-ABN-34765399623	reported
Onemda Association Inc	10000	2009	AU-ABN-76721607868	inferred
National Ageing Research Institute Inc	30000	2009	AU-ABN-71154866047	inferred
Monash University	13000	2009	AU-ABN-12377614012	reported
Mercy Hospitals Victoria Ltd	25000	2009	AU-ABN-74762230429	inferred
Lucy Guerin Association Inc	5000	2009	AU-ABN-49055606124	reported
Latrobe Community Health Service	15000	2009	AU-ABN-74136502022	inferred
La Trobe University	30000	2009	AU-ABN-39855783198	reported
Koorie Heritage Trust Inc	60000	2009	AU-ABN-72534020156	reported
Geelong Performing Arts Centre	15000	2009	AU-GOV-420675	reported
Gasworks Arts Park	7500	2009	AU-ABN-71207917116	inferred
Federation University Australia	29060	2009	AU-ABN-51818692256	reported
Federation University Australia	50000	2009	AU-ABN-51818692256	reported
FareShare	25000	2009	AU-ABN-65154336610	inferred
Far East Victorian Landcare Inc	25000	2009	AU-ABN-64026986542	inferred
Eastern Emergency Relief Network Inc	10000	2009	AU-ABN-88876940581	reported
Drummond Street Services	25000	2009	AU-ABN-85690831425	inferred
Deakin University	30000	2009	AU-ABN-56721584203	reported
Cultural Infusion Ltd	25000	2009	AU-ABN-44152667591	inferred
Country Education Project Inc	75000	2009	AU-ABN-67537996143	inferred
Clifton Hill Baptist Church	10000	2009	AU-ABN-11832585277	reported
Calvary Health Care Bethlehem Limited	15000	2009	AU-ABN-81105303704	reported
Baker IDI Heart and Diabetes Institute	17200	2009	AU-ABN-98131762948	inferred
Australian Centre for Grief & Bereavement	23560	2009	AU-ABN-22038903478	inferred
Yooralla	11800	2008	AU-ABN-14005304432	reported
University of Melbourne	47200	2008	AU-ABN-84002705224	reported
University of Melbourne	120000	2008	AU-ABN-84002705224	reported
The Old Van Ltd	7500	2008	AU-ABN-67101410333	reported
Swinburne University of Technology	23961	2008	AU-ABN-13628586699	reported
St John Ambulance Australia (Victoria) Inc	119180	2008	AU-ABN-69061844380	inferred
Soul Theatre Inc	20000	2008	AU-ABN-83663628084	reported
Self Help Addiction Resource Centre Inc	15000	2008	AU-ABN-18052525948	inferred
SecondBite	20000	2008	AU-ABN-66116251613	reported
Orchestra Victoria	25000	2008	AU-ABN-95096788804	inferred
Old Colonists' Association of Victoria	30000	2008	AU-ABN-15660751609	inferred
Mpower Inc	12540	2008	AU-ABN-39491685563	reported
Monash University	48000	2008	AU-ABN-12377614012	reported
Monash University	8563	2008	AU-ABN-12377614012	reported
Mission to Seafarers Victoria Inc	15000	2008	AU-ABN-18630990996	inferred
Mietta Foundation Inc	5000	2008	AU-ABN-71223787877	reported
Melbourne Recital Centre	100000	2008	AU-ABN-46118617619	reported
Melbourne Legacy	6000	2008	AU-ABN-78043769632	inferred
Marillac	75000	2008	AU-ABN-34050463717	reported
Lyrebird Villages for the Aged Inc	20000	2008	AU-ABN-50703845127	inferred
Lifeline Gippsland Inc	25000	2008	AU-ABN-32683432663	reported
Lentara UnitingCare	20000	2008	AU-ABN-28576417001	inferred
La Trobe University	99062	2008	AU-ABN-39855783198	reported
Koorie Heritage Trust Inc	116750	2008	AU-ABN-72534020156	reported
Housing for the Aged Action Group Inc	10000	2008	AU-ABN-80348538001	inferred
Haemophilia Foundation Australia	4400	2008	AU-ABN-89443537189	inferred
Friends of the Earth Melbourne	40000	2008	AU-ABN-68918945471	inferred
Echuca Benevolent Society Inc	20000	2008	AU-ABN-20851915039	reported
Daylesford Community Brass Band Inc	10000	2008	AU-ABN-99869682695	reported
Chamber Music Australia	15000	2008	AU-ABN-55179308627	inferred
Centre for Non Violence	26700	2008	AU-ABN-12974015985	inferred
Bright Adult Education	4656	2008	AU-ABN-13833590658	inferred
Bethany Community Support Inc	20000	2008	AU-ABN-38633820168	reported
Bayley House	15000	2008	AU-ABN-79262349071	reported
Australian Print Workshop	80000	2008	AU-ABN-98451398479	inferred
Aboriginal Literacy Foundation Inc	20000	2008	AU-ABN-71134934091	reported
Wintringham	25000	2008	AU-ABN-97007293478	inferred
Windermere Child and Family Services Inc	80000	2008	AU-ABN-63066828936	inferred
Victorian YMCA Youth & Community Services Inc	25000	2008	AU-ABN-42858439742	reported
Victorian National Parks Association	125000	2008	AU-ABN-34217717593	inferred
Victorian Council of Social Service	33900	2008	AU-ABN-23005014988	reported
Victoria University	50000	2008	AU-ABN-83776954731	reported
Uniting (Victoria and Tasmania) Ltd	38000	2008	AU-ABN-81098317125	inferred
Polyglot Theatre	9000	2008	AU-ABN-86099894147	inferred
National Disability Services - Victoria	31000	2008	AU-ABN-52008445485	inferred
Monash University	200000	2008	AU-ABN-12377614012	reported
Melbourne Symphony Orchestra	54050	2008	AU-ABN-47078925658	inferred
Melbourne City Mission	50000	2008	AU-ABN-56161846149	reported
Melbourne Business School	1500000	2008	AU-ABN-80007268233	inferred
Habitat for Humanity Australia (Victoria) Inc	5000	2008	AU-ABN-65023265336	inferred
Future Employment Opportunities Inc	10000	2008	AU-ABN-23307388437	reported
Djerriwarrh Employment & Education Services	50000	2008	AU-ABN-57816895087	inferred
Deakin University	200000	2008	AU-ABN-56721584203	reported
ConnectGV	25000	2008	AU-ABN-92086054195	reported
CatholicCare	20000	2008	AU-ABN-42795179778	reported
Brunswick Industries Association Incorporated	15000	2008	AU-ABN-62540384092	inferred
Brotherhood of St Laurence	60000	2008	AU-ABN-24603467024	reported
Australian Centre for Posttraumatic Mental Health	42748	2008	AU-ABN-47720569707	inferred
Asylum Seeker Resource Centre Inc	10000	2008	AU-ABN-64114965815	inferred
Women's Health in the South East	100000	2008	AU-ABN-90641895966	inferred
Warrnambool Wildlife Rescue Inc	35000	2008	AU-ABN-81336401181	inferred
Warramunda Village Inc	20000	2008	AU-ABN-78205894566	inferred
University of Melbourne	12000	2008	AU-ABN-84002705224	reported
University of Melbourne	30000	2008	AU-ABN-84002705224	reported
Thornbury Women's Neighbourhood House	50000	2008	AU-ABN-60433551450	inferred
The Victorian Foundation for Survivors of Torture Inc	48000	2008	AU-ABN-52783974656	inferred
The New Hope Foundation Inc	25000	2008	AU-ABN-97929588990	reported
The Link Centre Ltd	20000	2008	AU-ABN-59097476769	inferred
St Vincent's Hospital (Melbourne) Limited	30000	2008	AU-ABN-22052110755	inferred
St Mary's House of Welcome Limited	20000	2008	AU-ABN-54050278754	inferred
Royal Society for the Prevention of Cruelty to Animals	10000	2008	AU-ABN-71723781546	inferred
Palliative Care Victoria	40000	2008	AU-ABN-88819011622	inferred
Ottrey Homes - Cobram & District Retirement Village Incorporated	20000	2008	AU-ABN-73510548920	inferred
Odyssey House Victoria	40000	2008	AU-ABN-11005583960	reported
Next Wave Festival Incorporated	10000	2008	AU-ABN-50679318829	reported
Multicultural Arts Victoria	10000	2008	AU-ABN-99060260414	inferred
Multicultural Aged Care Services Geelong Inc	10000	2008	AU-ABN-81567107023	inferred
Mornington Botanical Rose Gardens Incorporated	15000	2008	AU-ABN-66951242608	reported
Monkami Centre Inc	10000	2008	AU-ABN-80332424184	reported
Monash University	75000	2008	AU-ABN-12377614012	reported
Monash University	25000	2008	AU-ABN-12377614012	reported
Melbourne Symphony Orchestra	35000	2008	AU-ABN-47078925658	inferred
Melbourne Fringe	10000	2008	AU-ABN-41006125515	reported
Mallee Accommodation Support Program	20000	2008	AU-ABN-51726968790	inferred
Lord Somers Camp and Power House	5000	2008	AU-ABN-96004505373	reported
Lions Village Licola Inc	25000	2008	AU-ABN-13915642767	reported
Kellock Lodge Alexandra Inc	20000	2008	AU-ABN-82586866464	reported
Human Rights Law Resource Centre	100000	2008	AU-ABN-31117719267	inferred
Heathmont Inter Church Help Inc	5000	2008	AU-ABN-75215221903	reported
Garfield North Outdoor Education Centre Inc	4000	2008	AU-ABN-60207414910	inferred
FareShare	20000	2008	AU-ABN-65154336610	inferred
Dunmunkle Lodge Inc	20000	2008	AU-ABN-15265805766	reported
Centre for Eye Research Australia	30000	2008	AU-ABN-72076481984	inferred
Casey North Community Information & Support Service Inc	20000	2008	AU-ABN-87415386165	inferred
Cancer Council Victoria	100000	2008	AU-ABN-61426486715	reported
Cabrini Health	20000	2008	AU-ABN-33370684005	inferred
Baptcare Ltd	25000	2008	AU-ABN-12069130463	reported
Back to Back Theatre Inc	7500	2008	AU-ABN-95834484241	reported
Australian National Memorial Theatre Ltd	10000	2008	AU-ABN-78007306283	inferred
Araluen Centre	15000	2008	AU-ABN-45056676558	reported
Anne McDonald Centre	15000	2008	AU-ABN-68933715362	inferred
Abbotsford Convent Foundation	50000	2008	AU-ABN-60098462474	reported
Western Edge Youth Arts	10000	2007	AU-ABN-72251184593	inferred
VincentCare	22000	2007	AU-ABN-53094807280	inferred
University of Melbourne	20000	2007	AU-ABN-84002705224	reported
University of Melbourne	25000	2007	AU-ABN-84002705224	reported
The Australian Friendship Circle Inc	5300	2007	AU-ABN-72906517059	inferred
Statewide Autistic Services Inc	16895	2007	AU-ABN-43511367128	inferred
St Vincent's Institute of Medical Research	50000	2007	AU-ABN-52004705640	inferred
St Mark's Anglican Church - Camberwell	5000	2007	AU-ABN-52841975025	inferred
St Luke's Anglicare	120000	2007	AU-ABN-99087209729	inferred
Project Respect Incorporated	63000	2007	AU-ABN-41909510696	reported
Project Platypus Association Inc	79500	2007	AU-ABN-59631244284	reported
Open House Christian Involvement Centres	1000	2007	AU-ABN-13005130272	reported
North East Support and Action for Youth Inc	120000	2007	AU-ABN-61209041745	inferred
National Exhibitions Touring Support (NETS) Victoria	10000	2007	AU-ABN-32956516236	inferred
Monash University	47084	2007	AU-ABN-12377614012	reported
Marillac	60000	2007	AU-ABN-34050463717	reported
Linden New Art Inc.	2500	2007	AU-ABN-84299880930	inferred
Lentara UnitingCare	10000	2007	AU-ABN-28576417001	inferred
Gateway Health	40000	2007	AU-ABN-76640576694	reported
Federation of Community Legal Centres (Vic)	15155	2007	AU-ABN-30036539902	inferred
Family Life	60000	2007	AU-ABN-37712782209	inferred
Eva Tilley Memorial Home Inc.	20000	2007	AU-ABN-43260282081	inferred
Circus Nexus	10000	2007	AU-ABN-93737832035	inferred
Woodbine	10000	2007	AU-ABN-54139944572	inferred
Women's Health Victoria Inc	30000	2007	AU-ABN-33365284944	reported
Victorian Music Library	10000	2007	AU-ABN-44953024763	inferred
Victorian Council of Social Service	20000	2007	AU-ABN-23005014988	reported
University of Melbourne	25598	2007	AU-ABN-84002705224	reported
University of Melbourne	11200	2007	AU-ABN-84002705224	reported
The Haven Foundation	100000	2007	AU-ABN-46640715540	reported
Stepfamilies Australia	22000	2007	AU-ABN-37519262404	inferred
St Kilda Police & Citizens Youth Club Inc	5000	2007	AU-ABN-68206026983	reported
St Kilda Gatehouse Inc	10000	2007	AU-ABN-76557051941	inferred
Riding for the Disabled Association of Victoria Inc	15000	2007	AU-ABN-20130814132	reported
Regional Arts Victoria	20000	2007	AU-ABN-24005556025	reported
Monash University	50000	2007	AU-ABN-12377614012	reported
Monash University	50000	2007	AU-ABN-12377614012	reported
Melbourne City Mission	20000	2007	AU-ABN-56161846149	reported
Melba Foundation Limited	10000	2007	AU-ABN-75098562102	reported
MacKillop Family Services Ltd	10000	2007	AU-ABN-79078299288	inferred
Life Education Victoria	25000	2007	AU-ABN-64390479723	reported
Justice Connect	35752	2007	AU-ABN-54206789276	reported
Hawthorn Community House Inc	2695	2007	AU-ABN-76115862528	inferred
Havilah Hostel Inc	20000	2007	AU-ABN-88982661608	reported
Hanover Welfare Services	100000	2007	AU-ABN-89742307083	reported
Gippsland Women's Health Service Inc	2182	2007	AU-ABN-21214835436	inferred
Dolphin Research Institute	20000	2007	AU-ABN-73097317112	inferred
Court Network	25000	2007	AU-ABN-85517169601	inferred
Chamber Music Australia	25000	2007	AU-ABN-55179308627	inferred
CAUS (Communication Rights Australia)	25000	2007	AU-ABN-25120926829	inferred
BEST Community Development	30000	2007	AU-ABN-34257328362	reported
Bendigo Historical Society Inc.	10000	2007	AU-ABN-48109460017	reported
Bayley House	25000	2007	AU-ABN-79262349071	reported
Australian Multicultural Community Services Inc	20000	2007	AU-ABN-90639917989	inferred
Youth Affairs Council of Victoria (YACVic)	40000	2007	AU-ABN-39774045170	inferred
Youth Affairs Council of Victoria (YACVic)	10000	2007	AU-ABN-39774045170	inferred
Wintringham	50000	2007	AU-ABN-97007293478	inferred
Victorian Council of Social Service	30000	2007	AU-ABN-23005014988	reported
University of Melbourne	49710	2007	AU-ABN-84002705224	reported
University of Melbourne	6000	2007	AU-ABN-84002705224	reported
Travellers Aid Australia	40000	2007	AU-ABN-79004080862	reported
The Salvation Army (Victoria) Property Trust	25000	2007	AU-ABN-64472238844	inferred
The River Nile School Inc	10000	2007	AU-ABN-20382591724	reported
The Lost Dogs Home	25000	2007	AU-ABN-84004789726	inferred
The Jean Hailes Foundation	50000	2007	AU-ABN-69092915618	reported
Stephanie Alexander Kitchen Garden Foundation	35000	2007	AU-ABN-74107809030	reported
Spectrum Migrant Resource Centre	50000	2007	AU-ABN-38080845787	inferred
Save The Children Australia	5000	2007	AU-ABN-99008610035	reported
Project Respect Incorporated	10000	2007	AU-ABN-41909510696	reported
Odyssey House Victoria	75000	2007	AU-ABN-11005583960	reported
Muscular Dystrophy Association Inc	25000	2007	AU-ABN-99457704211	reported
Murdoch Children's Research Institute	10000	2007	AU-ABN-21006566972	reported
Monash University	29400	2007	AU-ABN-12377614012	reported
Monash University	7000	2007	AU-ABN-12377614012	reported
Maribyrnong & Moonee Valley Local Learning and Employment Network	20000	2007	AU-ABN-45162235785	inferred
Lifeline South West (Victoria) Inc	22000	2007	AU-ABN-79054371160	inferred
La Trobe University	43658	2007	AU-ABN-39855783198	reported
Helping Hand Foundation Inc	5000	2007	AU-ABN-20797744086	reported
Equity Research Centre	30000	2007	AU-ABN-20079190224	inferred
Edgarley Home Incorporated	20000	2007	AU-ABN-70544745870	inferred
Cunningham Dax Collection	80000	2007	AU-ABN-60988154924	inferred
Country Education Project Inc	65000	2007	AU-ABN-67537996143	inferred
Council for Christian Education in Schools	25000	2007	AU-ABN-59004240779	inferred
Cottage by the Sea Queenscliff Inc	2000	2007	AU-ABN-21987748593	reported
Casterton & District Historical Society	2500	2007	AU-ABN-96371093311	inferred
Carinya Society	25000	2007	AU-ABN-59093747454	reported
Berry Street Victoria	20000	2007	AU-ABN-24719196762	inferred
Beolite Village Limited	200000	2007	AU-ABN-76114480625	reported
Australian Tapestry Workshop	50000	2007	AU-ABN-88005758056	reported
Anxiety Disorders Association of Victoria	1600	2007	AU-ABN-70607186815	inferred
Women's Property Initiatives Ltd	35000	2006	AU-ABN-64077478696	reported
Visionary Images	10000	2006	AU-ABN-56150696288	inferred
Victorian Jazz Archive Inc	4623	2006	AU-ABN-53531132426	reported
Swinburne University of Technology	15000	2006	AU-ABN-13628586699	reported
Monash University	12500	2006	AU-ABN-12377614012	reported
McCallum Disability Services	50000	2006	AU-ABN-65583429720	inferred
Lentara UnitingCare	10000	2006	AU-ABN-28576417001	inferred
La Trobe University	13000	2006	AU-ABN-39855783198	reported
Kildonan UnitingCare	10000	2006	AU-ABN-11805856055	inferred
Federation of Community Legal Centres (Vic)	21000	2006	AU-ABN-30036539902	inferred
Down Syndrome Association of Victoria Inc	5000	2006	AU-ABN-59901963154	inferred
Child & Family Services Ballarat Inc	28590	2006	AU-ABN-83786843940	reported
Brainlink Services Limited	15000	2006	AU-ABN-94121645145	inferred
Banksia Palliative Care Service Inc	10000	2006	AU-ABN-29307844511	inferred
Winchelsea Hostel and Nursing Home Society	20000	2006	AU-ABN-92641325719	inferred
Very Special Kids	20000	2006	AU-ABN-86109832091	reported
TRY Australia Children's Services	10000	2006	AU-ABN-17157351722	reported
Travellers Aid Australia	10000	2006	AU-ABN-79004080862	reported
St John Ambulance Australia (Victoria) Inc	25000	2006	AU-ABN-69061844380	inferred
Positive Women (Victoria) Inc	10000	2006	AU-ABN-81817554189	reported
Orchestra Victoria	65000	2006	AU-ABN-95096788804	inferred
Multicultural Arts Victoria	10000	2006	AU-ABN-99060260414	inferred
Monash Institute of Medical Research	33393	2006	AU-ABN-48132025024	inferred
Mind Australia	50000	2006	AU-ABN-22005063589	inferred
MADEC	3000	2006	AU-ABN-89104409127	inferred
Lupus Australia Foundation	2500	2006	AU-ABN-33906128089	inferred
La Trobe University	17112	2006	AU-ABN-39855783198	reported
Kids Plus Foundation	30000	2006	AU-ABN-83105087518	reported
Human Rights Law Resource Centre	35000	2006	AU-ABN-31117719267	inferred
Headway Gippsland Inc	15100	2006	AU-ABN-16523652920	reported
Haemophilia Foundation Australia	2500	2006	AU-ABN-89443537189	inferred
Eva Tilley Memorial Home Inc.	20000	2006	AU-ABN-43260282081	inferred
Doncaster Community Care and Counselling Inc	10000	2006	AU-ABN-61321463378	inferred
Cooinda Terang Inc	3289	2006	AU-ABN-76787282761	reported
CatholicCare	20000	2006	AU-ABN-42795179778	reported
Bendigo Art Gallery	20000	2006	AU-ABN-59616353093	reported
Australian Print Workshop	100000	2006	AU-ABN-98451398479	inferred
annecto	20000	2006	AU-ABN-69045491808	inferred
Youth Affairs Council of Victoria (YACVic)	25000	2006	AU-ABN-39774045170	inferred
Young Voices of Melbourne	8850	2006	AU-ABN-65175035512	inferred
Wings of Care - Kanfei Chesed Inc	1500	2006	AU-ABN-54189493174	inferred
West Wimmera Health Service	200000	2006	AU-ABN-50275032704	reported
Victorian National Parks Association	178776	2006	AU-ABN-34217717593	inferred
Victorian Council of Social Service	50000	2006	AU-ABN-23005014988	reported
Victorian Aboriginal Health Service Co-operative Limited	12029	2006	AU-ABN-51825578859	inferred
Triple R Broadcasters Ltd	20000	2006	AU-ABN-44005474742	inferred
The Royal Children's Hospital Foundation Limited	100000	2006	AU-ABN-15007143142	reported
The Bendigo Trust	5000	2006	AU-ABN-39005014175	reported
Taskforce Community Agency Inc	15000	2006	AU-ABN-48909624457	reported
State Library of Victoria	150000	2006	AU-GOV-278027	inferred
St Luke's Anglicare	10000	2006	AU-ABN-99087209729	inferred
St Laurence Community Services Inc	50000	2006	AU-ABN-68615043121	reported
St Kilda Gatehouse Inc	15000	2006	AU-ABN-76557051941	inferred
Royal Historical Society of Victoria Inc	4920	2006	AU-ABN-36520675471	reported
Port Phillip Community Group Ltd	2500	2006	AU-ABN-34844707349	inferred
Onemda Association Inc	10000	2006	AU-ABN-76721607868	inferred
Mpower Inc	7632	2006	AU-ABN-39491685563	reported
Moyne Health Services	25000	2006	AU-ABN-30586278991	reported
Monash University	25000	2006	AU-ABN-12377614012	reported
Melbourne Cares	50000	2006	AU-ABN-26599321130	inferred
Lyrebird Villages for the Aged Inc	25000	2006	AU-ABN-50703845127	inferred
Leadership Plus	30000	2006	AU-ABN-30591218387	inferred
Jewish Museum of Australia	50000	2006	AU-ABN-21005574210	reported
Janet Clarke Hall	10000	2006	AU-ABN-41004522589	reported
Housing for the Aged Action Group Inc	5000	2006	AU-ABN-80348538001	inferred
HotHouse Theatre Ltd	25000	2006	AU-ABN-93005499758	inferred
Gasworks Arts Park	5000	2006	AU-ABN-71207917116	inferred
Dental Health Services Victoria	30000	2006	AU-GOV-285590	reported
Council of the Ageing (Victoria) Inc	20000	2006	AU-ABN-81960500420	inferred
Circus Nexus	5000	2006	AU-ABN-93737832035	inferred
Central Bayside Community Health Services	20000	2006	AU-ABN-50362120798	inferred
Carers Victoria	25000	2006	AU-ABN-12533636427	inferred
Birchip Cropping Group Inc	25000	2006	AU-ABN-92087981510	reported
Alzheimer's Australia Vic	250000	2006	AU-ABN-14671840186	inferred
Yooralla	5268	2005	AU-ABN-14005304432	reported
Windermere Child and Family Services Inc	20000	2005	AU-ABN-63066828936	inferred
The Australian Friendship Circle Inc	5000	2005	AU-ABN-72906517059	inferred
The Australian Children's Choir Inc	5000	2005	AU-ABN-47926092363	inferred
St Vincent's Hospital (Melbourne) Limited	25000	2005	AU-ABN-22052110755	inferred
St Paul's Cathedral	105000	2005	AU-ABN-24056161515	inferred
South East Palliative Care Ltd	25000	2005	AU-ABN-64725842484	inferred
Shekinah Homeless Services Inc	32307	2005	AU-ABN-32371044353	inferred
Save The Children Australia	5000	2005	AU-ABN-99008610035	reported
National Institute of Circus Arts Limited	10000	2005	AU-ABN-80084913235	reported
Monash Institute of Medical Research	35000	2005	AU-ABN-48132025024	inferred
Melbourne Fringe	10000	2005	AU-ABN-41006125515	reported
Melbourne City Mission	50000	2005	AU-ABN-56161846149	reported
Melbourne Chamber Orchestra	6775	2005	AU-ABN-48270234406	inferred
McClelland Sculpture Ltd.	15000	2005	AU-ABN-47082448262	inferred
Maryborough District Health Service	20000	2005	AU-ABN-81511515955	inferred
Lord Somers Camp and Power House	10000	2005	AU-ABN-96004505373	reported
Karinya Counselling Centre Inc	5398	2005	AU-ABN-54876801530	reported
Helping Hand Foundation Inc	5000	2005	AU-ABN-20797744086	reported
Guide Dogs Victoria	6100	2005	AU-ABN-68004621461	reported
Family Life	50000	2005	AU-ABN-37712782209	inferred
Endeavour Ministries Inc	10000	2005	AU-ABN-70891996288	inferred
Darebin City Council	140000	2005	AU-ABN-75815980522	reported
Chamber Music Australia	20000	2005	AU-ABN-55179308627	inferred
Centre for Eye Research Australia	50000	2005	AU-ABN-72076481984	inferred
Cabrini Health	18000	2005	AU-ABN-33370684005	inferred
Brotherhood of St Laurence	10000	2005	AU-ABN-24603467024	reported
Big Brothers - Big Sisters Australia Limited	116078	2005	AU-ABN-75071682294	reported
Bethany Community Support Inc	16675	2005	AU-ABN-38633820168	reported
Balmoral Bush Nursing Centre	44000	2005	AU-ABN-91981032085	inferred
Asylum Seeker Resource Centre Inc	25000	2005	AU-ABN-64114965815	inferred
Alzheimer's Australia Vic	35000	2005	AU-ABN-14671840186	inferred
Aboriginal Community Elders Services	20000	2005	AU-ABN-88772426022	inferred
VincentCare	22500	2005	AU-ABN-53094807280	inferred
Victorian Homeless Fund	20000	2005	AU-ABN-24609746036	inferred
TRY Australia Children's Services	10000	2005	AU-ABN-17157351722	reported
The Victorian Foundation for Survivors of Torture Inc	100000	2005	AU-ABN-52783974656	inferred
The Royal Victorian Eye And Ear Hospital	3000	2005	AU-GOV-281989	inferred
Swinburne University of Technology	10000	2005	AU-ABN-13628586699	reported
St Luke's Anglicare	15000	2005	AU-ABN-99087209729	inferred
Redkite	10000	2005	AU-ABN-65104710787	reported
Peter MacCallum Cancer Institute	105000	2005	AU-ABN-42100504883	inferred
Monash University	10000	2005	AU-ABN-12377614012	reported
Kids Under Cover Inc	34000	2005	AU-ABN-76604592013	inferred
Epworth Foundation	60000	2005	AU-ABN-97420694950	reported
Cunningham Dax Collection	12000	2005	AU-ABN-60988154924	inferred
Court Network	145500	2005	AU-ABN-85517169601	inferred
Community AXIS Enterprises Incorporated	25000	2005	AU-ABN-48208409903	reported
Boroondara Aged Services Society	20000	2005	AU-ABN-66004574547	reported
Ardoch Limited	50000	2005	AU-ABN-48119813188	reported
Woodbine	2500	2005	AU-ABN-54139944572	inferred
West Wimmera Health Service	25000	2005	AU-ABN-50275032704	reported
TRY Australia Children's Services	8750	2005	AU-ABN-17157351722	reported
Travellers Aid Australia	2800	2005	AU-ABN-79004080862	reported
The Royal Children's Hospital Foundation Limited	100000	2005	AU-ABN-15007143142	reported
The Reach Foundation	35000	2005	AU-ABN-87069837627	reported
The Butterfly Foundation	150000	2005	AU-ABN-42102193582	inferred
St Vincent's Hospital (Melbourne) Limited	20000	2005	AU-ABN-22052110755	inferred
St Paul's Cathedral	200000	2005	AU-ABN-24056161515	inferred
Samarinda Aged Services Inc	14625	2005	AU-ABN-48522054140	inferred
Murdoch Children's Research Institute	165000	2005	AU-ABN-21006566972	reported
Melbourne City Mission	40000	2005	AU-ABN-56161846149	reported
MacKillop Family Services Ltd	50000	2005	AU-ABN-79078299288	inferred
Kildonan UnitingCare	10000	2005	AU-ABN-11805856055	inferred
Jesuit Social Services	75000	2005	AU-ABN-72005269554	inferred
HotHouse Theatre Ltd	8000	2005	AU-ABN-93005499758	inferred
Heathmont Inter Church Help Inc	5000	2005	AU-ABN-75215221903	reported
Hanover Welfare Services	40000	2005	AU-ABN-89742307083	reported
Gippsland Rotary Centenary House Incorporated	50000	2005	AU-ABN-26883085367	inferred
Gateways Support Services Inc	1500	2005	AU-ABN-98140810929	reported
Doncaster Community Care and Counselling Inc	13000	2005	AU-ABN-61321463378	inferred
Deakin University	20000	2005	AU-ABN-56721584203	reported
Cottage by the Sea Queenscliff Inc	10000	2005	AU-ABN-21987748593	reported
Centre for Contemporary Photography	60000	2005	AU-ABN-14081414273	inferred
Carers Victoria	75000	2005	AU-ABN-12533636427	inferred
Cancer Council Victoria	25000	2005	AU-ABN-61426486715	reported
Baptcare Ltd	10000	2005	AU-ABN-12069130463	reported
Ballarat Health Services	15000	2005	AU-GOV-294441	reported
Ballarat and Queen's Anglican Grammar School	25000	2005	AU-ABN-93005091805	reported
Baker IDI Heart and Diabetes Institute	50000	2005	AU-ABN-98131762948	inferred
Back to Back Theatre Inc	5000	2005	AU-ABN-95834484241	reported
Australian National Memorial Theatre Ltd	15000	2005	AU-ABN-78007306283	inferred
Ararat Retirement Village	20000	2005	AU-ABN-54116818613	inferred
Anglicare Victoria	100000	2005	AU-ABN-97397067466	reported
Women's Circus Limited	10000	2004	AU-ABN-32103482695	reported
Walwa Bush Nursing Centre	50000	2004	AU-ABN-83256561925	inferred
The Salvation Army (Victoria) Property Trust	37257	2004	AU-ABN-64472238844	inferred
The Royal Melbourne Hospital	69250	2004	AU-GOV-717569	inferred
National Trust of Australia (Victoria)	20000	2004	AU-ABN-61004356192	reported
Leadership Plus	50000	2004	AU-ABN-30591218387	inferred
Kids Plus Foundation	20000	2004	AU-ABN-83105087518	reported
Jewish Care (Victoria) Inc	60000	2004	AU-ABN-78345431247	reported
Helping Hand Foundation Inc	5000	2004	AU-ABN-20797744086	reported
Heatherlie Homes	25000	2004	AU-ABN-29263185760	reported
Central Gippsland Health Service	225000	2004	AU-ABN-85050485681	inferred
Australian Centre for Contemporary Art	300000	2004	AU-ABN-53089604277	reported
Yooralla	3000	2004	AU-ABN-14005304432	reported
Victorian Council of Social Service	20000	2004	AU-ABN-23005014988	reported
University of Melbourne	10000	2004	AU-ABN-84002705224	reported
Triple R Broadcasters Ltd	20000	2004	AU-ABN-44005474742	inferred
Orchestra Victoria	100000	2004	AU-ABN-95096788804	inferred
Museum Victoria	100000	2004	AU-GOV-295636	inferred
Monash Institute of Medical Research	20000	2004	AU-ABN-48132025024	inferred
Melbourne Legacy	5000	2004	AU-ABN-78043769632	inferred
Melbourne Fringe	8000	2004	AU-ABN-41006125515	reported
La Trobe University	30000	2004	AU-ABN-39855783198	reported
Kids First Australia	20000	2004	AU-ABN-52303567862	inferred
Housing for the Aged Action Group Inc	5000	2004	AU-ABN-80348538001	inferred
Gateway Health	60000	2004	AU-ABN-76640576694	reported
FareShare	10000	2004	AU-ABN-65154336610	inferred
Family Life	50000	2004	AU-ABN-37712782209	inferred
Deakin University	50000	2004	AU-ABN-56721584203	reported
Children Australia Inc	25000	2004	AU-ABN-90680959928	reported
Breakaway Camps Inc - Lalor	2500	2004	AU-ABN-83627348800	inferred
Wintringham	50000	2004	AU-ABN-97007293478	inferred
Vision Australia Limited	2500	2004	AU-ABN-67108391831	reported
Travellers Aid Australia	3000	2004	AU-ABN-79004080862	reported
The Song Room	5000	2004	AU-ABN-68790325760	inferred
The Salvation Army (Victoria) Property Trust	9000	2004	AU-ABN-64472238844	inferred
State Schools' Relief Inc	5000	2004	AU-ABN-77455214193	inferred
St Luke's Anglicare	17100	2004	AU-ABN-99087209729	inferred
St John Ambulance Australia (Victoria) Inc	15000	2004	AU-ABN-69061844380	inferred
Spina Bifida Foundation of Victoria	15000	2004	AU-ABN-30232583089	inferred
Save The Children Australia	2500	2004	AU-ABN-99008610035	reported
Royal Botanic Gardens Foundation Victoria	215000	2004	AU-ABN-40584408967	reported
Ottrey Homes - Cobram & District Retirement Village Incorporated	20000	2004	AU-ABN-73510548920	inferred
Onemda Association Inc	10000	2004	AU-ABN-76721607868	inferred
National Heart Foundation of Australia (Victorian Division)	25000	2004	AU-ABN-25004463334	reported
National Alpine Museum of Australia Inc	5000	2004	AU-ABN-71450205925	inferred
Muscular Dystrophy Association Inc	10130	2004	AU-ABN-99457704211	reported
Multicultural Aged Care Services Geelong Inc	20000	2004	AU-ABN-81567107023	inferred
Mpower Inc	2500	2004	AU-ABN-39491685563	reported
McCallum Disability Services	10000	2004	AU-ABN-65583429720	inferred
La Trobe University	30000	2004	AU-ABN-39855783198	reported
Jewish Museum of Australia	20000	2004	AU-ABN-21005574210	reported
HotHouse Theatre Ltd	4000	2004	AU-ABN-93005499758	inferred
Haemophilia Foundation Australia	1500	2004	AU-ABN-89443537189	inferred
Habitat for Humanity Australia (Victoria) Inc	10000	2004	AU-ABN-65023265336	inferred
Good Shepherd Australia New Zealand	20000	2004	AU-ABN-61354551576	reported
Gateways Support Services Inc	6086	2004	AU-ABN-98140810929	reported
Echuca Benevolent Society Inc	20000	2004	AU-ABN-20851915039	reported
Cottage by the Sea Queenscliff Inc	5000	2004	AU-ABN-21987748593	reported
Christian Emergency Food Centre Inc	10000	2004	AU-ABN-79590217561	reported
Brotherhood of St Laurence	14500	2004	AU-ABN-24603467024	reported
Bethany Community Support Inc	10000	2004	AU-ABN-38633820168	reported
Australian Platypus Conservancy	2500	2004	AU-ABN-64255612676	inferred
Australian Multicultural Community Services Inc	10000	2004	AU-ABN-90639917989	inferred
Association for Children with a Disability	9500	2004	AU-ABN-39835407788	reported
Wollangarra	5000	2003	AU-ABN-44395948159	inferred
Uniting (Victoria and Tasmania) Ltd	40000	2003	AU-ABN-81098317125	inferred
St Kilda Police & Citizens Youth Club Inc	9000	2003	AU-ABN-68206026983	reported
Noah's Ark Inc	50000	2003	AU-ABN-53172346047	reported
Menzies Inc	50000	2003	AU-ABN-55784349165	inferred
Cancer Council Victoria	105000	2003	AU-ABN-61426486715	reported
Brotherhood of St Laurence	20000	2003	AU-ABN-24603467024	reported
Boroondara Aged Services Society	6000	2003	AU-ABN-66004574547	reported
Bellarine Community Health Inc	50000	2003	AU-ABN-96536879169	inferred
Allambi Elderly Peoples Home Inc	40000	2003	AU-ABN-77481049785	inferred
University of Melbourne	32500	2003	AU-ABN-84002705224	reported
Wimmera Health Care Group	25000	2003	AU-GOV-293499	reported
We Care Community Services Inc	2500	2003	AU-ABN-55046401818	reported
TRY Australia Children's Services	5000	2003	AU-ABN-17157351722	reported
Travellers Aid Australia	4200	2003	AU-ABN-79004080862	reported
St Vincent's Hospital (Melbourne) Limited	25000	2003	AU-ABN-22052110755	inferred
Sovereign Hill Museum Association	100000	2003	AU-ABN-87565053651	inferred
Southern Peninsula Community Care Inc	25000	2003	AU-ABN-86852630495	reported
Southcare Community Care Inc	2500	2003	AU-ABN-57728215747	reported
Sacred Heart Mission	45000	2003	AU-ABN-62843874179	inferred
Rochester and Elmore District Health Service	25000	2003	AU-ABN-76670975935	inferred
Peter Harcourt Services Association Inc	10000	2003	AU-ABN-94643592341	inferred
Murdoch Children's Research Institute	40000	2003	AU-ABN-21006566972	reported
Mietta Foundation Inc	5000	2003	AU-ABN-71223787877	reported
Melbourne Legacy	10000	2003	AU-ABN-78043769632	inferred
Maryborough District Health Service	25000	2003	AU-ABN-81511515955	inferred
Life-Gate Incorporated	2500	2003	AU-ABN-14990885012	reported
Lake Bolac Nursing Centre Inc	22000	2003	AU-ABN-53005882623	inferred
Kids Under Cover Inc	10000	2003	AU-ABN-76604592013	inferred
Interchange Northern Region Inc	2500	2003	AU-ABN-60595458732	inferred
Guide Dogs Victoria	11400	2003	AU-ABN-68004621461	reported
Future Employment Opportunities Inc	35000	2003	AU-ABN-23307388437	reported
Foodbank Victoria	48973	2003	AU-ABN-94117688829	inferred
Eastwork Employment Inc	5000	2003	AU-ABN-39145056549	reported
Cressy and District History Group Inc	5000	2003	AU-ABN-50194414937	inferred
Country Women's Association of Victoria Inc	30000	2003	AU-ABN-55584949677	inferred
Council of Christians and Jews (Victoria) Inc	6000	2003	AU-ABN-17318356264	inferred
Council for Christian Education in Schools	5000	2003	AU-ABN-59004240779	inferred
Careworks Sunranges Inc	2500	2003	AU-ABN-46393076907	reported
Big Issue Australia	2500	2003	AU-ABN-61071598439	inferred
Walter and Eliza Hall Institute of Medical Research	231400	2003	AU-ABN-12004251423	inferred
Stawell Intertwine Services Inc	20000	2003	AU-ABN-13518845443	reported
Open House Christian Involvement Centres	2500	2003	AU-ABN-13005130272	reported
Mission to Seafarers Victoria Inc	50000	2003	AU-ABN-18630990996	inferred
Cottage by the Sea Queenscliff Inc	10000	2003	AU-ABN-21987748593	reported
Orchestra Victoria	40000	2003	AU-ABN-95096788804	inferred
Chamber Music Australia	40000	2003	AU-ABN-55179308627	inferred
Centre for Eye Research Australia	100000	2003	AU-ABN-72076481984	inferred
Lyrebird Villages for the Aged Inc	50000	2002	AU-ABN-50703845127	inferred
Women's Circus Limited	10000	2002	AU-ABN-32103482695	reported
Warramunda Village Inc	25000	2002	AU-ABN-78205894566	inferred
Vision Australia Limited	35000	2002	AU-ABN-67108391831	reported
VincentCare	4341	2002	AU-ABN-53094807280	inferred
Upper Murray Family Care Inc	50000	2002	AU-ABN-99081624768	inferred
The Song Room	10000	2002	AU-ABN-68790325760	inferred
The Lost Dogs Home	25000	2002	AU-ABN-84004789726	inferred
The Anglican Parish of Benalla	5000	2002	AU-ABN-99703372971	inferred
St Vincent's Institute of Medical Research	300000	2002	AU-ABN-52004705640	inferred
St Luke's Anglicare	5000	2002	AU-ABN-99087209729	inferred
St Laurence Community Services Inc	75000	2002	AU-ABN-68615043121	reported
Samarinda Aged Services Inc	5000	2002	AU-ABN-48522054140	inferred
Royal Historical Society of Victoria Inc	12000	2002	AU-ABN-36520675471	reported
Riding for the Disabled Association of Victoria Inc	25000	2002	AU-ABN-20130814132	reported
Portland District Health	25000	2002	AU-ABN-19736725377	reported
Port Phillip EcoCentre Inc	5000	2002	AU-ABN-66852809680	inferred
Peter MacCallum Cancer Institute	100000	2002	AU-ABN-42100504883	inferred
Peter Harcourt Services Association Inc	5000	2002	AU-ABN-94643592341	inferred
Orchestra Victoria	25000	2002	AU-ABN-95096788804	inferred
MS Australia	300000	2002	AU-ABN-11633632872	inferred
Mpower Inc	5000	2002	AU-ABN-39491685563	reported
Melba Support Services Inc	3610	2002	AU-ABN-39848842276	inferred
Mansfield District Hospital	50000	2002	AU-ABN-65866548895	reported
Lighthouse Foundation	50000	2002	AU-ABN-93731236831	reported
Hepburn Health Service	50000	2002	AU-ABN-31793115158	reported
Heathmont Inter Church Help Inc	2500	2002	AU-ABN-75215221903	reported
Federation University Australia	200000	2002	AU-ABN-51818692256	reported
Essendon Football Club Hall of Fame	20000	2002	AU-ABN-22004286373	inferred
Daylesford Neighbourhood Centre Inc	4800	2002	AU-ABN-91523232008	reported
Cooinda Terang Inc	2500	2002	AU-ABN-76787282761	reported
Colac Area Health	50000	2002	AU-ABN-39087165191	reported
CERES	5000	2002	AU-ABN-59679255328	reported
Centre for Excellence in Child and Family Welfare	25000	2002	AU-ABN-24629376672	inferred
Ararat Library Progress Association Inc	10000	2002	AU-ABN-81654422350	reported
Airdrie House Society Inc	25000	2002	AU-ABN-53687083271	reported
Woodbine	8000	2002	AU-ABN-54139944572	inferred
University of Melbourne	35000	2002	AU-ABN-84002705224	reported
University of Melbourne	5000	2002	AU-ABN-84002705224	reported
TRY Australia Children's Services	10000	2002	AU-ABN-17157351722	reported
Southcare Community Care Inc	5000	2002	AU-ABN-57728215747	reported
National Alpine Museum of Australia Inc	10000	2002	AU-ABN-71450205925	inferred
Mambourin Enterprises Inc	10000	2002	AU-ABN-41725993025	inferred
Kids Under Cover Inc	20000	2002	AU-ABN-76604592013	inferred
Havilah Hostel Inc	20000	2002	AU-ABN-88982661608	reported
Disability Support Pensioners Australia Inc	2500	2002	AU-ABN-98076023544	inferred
Diabetes Australia - Victoria	18800	2002	AU-ABN-71005239510	inferred
Cooinda Village Inc	20000	2002	AU-ABN-83171137764	reported
Christie Centre Inc	25000	2002	AU-ABN-68554592464	reported
Child Sexual Abuse Prevention Program Inc	15000	2002	AU-ABN-52205332709	inferred
Central Gippsland Health Service	15000	2002	AU-ABN-85050485681	inferred
Brotherhood of St Laurence	20000	2002	AU-ABN-24603467024	reported
Bone Marrow Donor Institute Limited	15000	2002	AU-ABN-45127505739	inferred
Able Australia Services	100000	2002	AU-ABN-83024339234	reported
Abbotsford Convent Foundation	100000	2002	AU-ABN-60098462474	reported
Cancer Council Victoria	104000	2002	AU-ABN-61426486715	reported
St John Ambulance Australia (Victoria) Inc	200000	2002	AU-ABN-69061844380	inferred
Central Bayside Community Health Services	67000	2002	AU-ABN-50362120798	inferred
University of Melbourne	10000	2002	AU-ABN-84002705224	reported
Uniting (Victoria and Tasmania) Ltd	10000	2002	AU-ABN-81098317125	inferred
Swinburne University of Technology	15000	2002	AU-ABN-13628586699	reported
St Martins Youth Arts Centre	10000	2002	AU-ABN-15005633750	inferred
Peninsula Health	16134	2002	AU-GOV-282392	reported
Murdoch Children's Research Institute	22470	2002	AU-ABN-21006566972	reported
Melbourne City Mission	25000	2002	AU-ABN-56161846149	reported
Lake Bolac and District Kindergarten Inc	25000	2002	AU-ABN-17407435852	inferred
Ardoch Limited	60000	2002	AU-ABN-48119813188	reported
Women's Health Goulburn North East	20000	2002	AU-ABN-75815140163	inferred
Western District Health Service	25000	2002	AU-ABN-47616976917	inferred
We Care Community Services Inc	5000	2002	AU-ABN-55046401818	reported
Very Special Kids	70000	2002	AU-ABN-86109832091	reported
University of Melbourne	2970	2002	AU-ABN-84002705224	reported
Travellers Aid Australia	4000	2002	AU-ABN-79004080862	reported
The Cairnmillar Institute	25000	2002	AU-ABN-27005085423	reported
Royal Freemasons' Homes of Victoria	100000	2002	AU-ABN-97236076288	inferred
Queen's College	10000	2002	AU-ABN-58637295973	inferred
Otis Foundation	20000	2002	AU-ABN-53093705296	inferred
Odyssey House Victoria	140000	2002	AU-ABN-11005583960	reported
National Trust of Australia (Victoria)	4000	2002	AU-ABN-61004356192	reported
Murdoch Children's Research Institute	30000	2002	AU-ABN-21006566972	reported
Melbourne High School	12000	2002	AU-ABN-99980701814	reported
Marcus Oldham College	100000	2002	AU-ABN-50071444409	reported
Lupus Australia Foundation	12000	2002	AU-ABN-33906128089	inferred
Jewish Care (Victoria) Inc	10000	2002	AU-ABN-78345431247	reported
Interchange Outer East	7500	2002	AU-ABN-65711736371	inferred
Housing for the Aged Action Group Inc	5500	2002	AU-ABN-80348538001	inferred
Housing Choices Australia	100000	2002	AU-ABN-23385731870	inferred
Helen Schutt House Association Inc	32750	2002	AU-ABN-12552161101	inferred
Good Shepherd Australia New Zealand	10000	2002	AU-ABN-61354551576	reported
Gateways Support Services Inc	3871	2002	AU-ABN-98140810929	reported
Cottage by the Sea Queenscliff Inc	50000	2002	AU-ABN-21987748593	reported
Christian Emergency Food Centre Inc	10000	2002	AU-ABN-79590217561	reported
Centre for Contemporary Photography	10000	2002	AU-ABN-14081414273	inferred
Central Bayside Community Health Services	1600	2002	AU-ABN-50362120798	inferred
Big Issue Australia	5000	2002	AU-ABN-61071598439	inferred
Bethany Community Support Inc	8432	2002	AU-ABN-38633820168	reported
Anglicare Victoria	20000	2002	AU-ABN-97397067466	reported
Royal Agricultural Society of Victoria	250000	2002	AU-ABN-66006728785	inferred
Riding for the Disabled Association of Victoria Inc	20000	2001	AU-ABN-20130814132	reported
Housing Choices Australia	60000	2001	AU-ABN-23385731870	inferred
Centre for Eye Research Australia	30000	2001	AU-ABN-72076481984	inferred
Australian Tapestry Workshop	50000	2001	AU-ABN-88005758056	reported
Wintringham	100000	2001	AU-ABN-97007293478	inferred
University of Melbourne	105000	2001	AU-ABN-84002705224	reported
Trust For Nature (Victoria)	693	2001	AU-ABN-60292993543	reported
The Royal Children's Hospital Foundation Limited	75826	2001	AU-ABN-15007143142	reported
St Vincent's Hospital (Melbourne) Limited	25000	2001	AU-ABN-22052110755	inferred
Save The Children Australia	5000	2001	AU-ABN-99008610035	reported
Redkite	5000	2001	AU-ABN-65104710787	reported
Open House Christian Involvement Centres	13000	2001	AU-ABN-13005130272	reported
Habitat for Humanity Australia (Victoria) Inc	25000	2001	AU-ABN-65023265336	inferred
Federation University Australia	48000	2001	AU-ABN-51818692256	reported
Council for Christian Education in Schools	5000	2001	AU-ABN-59004240779	inferred
Barwon Health	20000	2001	AU-GOV-288160	reported
Australian National Memorial Theatre Ltd	25000	2001	AU-ABN-78007306283	inferred
Australian Childhood Foundation	25000	2001	AU-ABN-28057044514	reported
The Lost Dogs Home	5000	2001	AU-ABN-84004789726	inferred
Mission to Seafarers Victoria Inc	5000	2001	AU-ABN-18630990996	inferred
Vision Australia Limited	35000	2001	AU-ABN-67108391831	reported
Women's Health Victoria Inc	50000	2001	AU-ABN-33365284944	reported
Victorian Homeless Fund	10000	2001	AU-ABN-24609746036	inferred
University of Melbourne	5000	2001	AU-ABN-84002705224	reported
Swinburne University of Technology	18000	2001	AU-ABN-13628586699	reported
Sunraysia Residential Services Incorporated	50000	2001	AU-ABN-88441353792	inferred
St Vincent's Institute of Medical Research	25000	2001	AU-ABN-52004705640	inferred
Riding for the Disabled Association of Victoria Inc	10000	2001	AU-ABN-20130814132	reported
Peter Harcourt Services Association Inc	2500	2001	AU-ABN-94643592341	inferred
Muscular Dystrophy Association Inc	13225	2001	AU-ABN-99457704211	reported
Moyne Health Services	50000	2001	AU-ABN-30586278991	reported
MacKillop Family Services Ltd	100000	2001	AU-ABN-79078299288	inferred
Lord Somers Camp and Power House	25000	2001	AU-ABN-96004505373	reported
Lighthouse Foundation	10000	2001	AU-ABN-93731236831	reported
Life-Gate Incorporated	5000	2001	AU-ABN-14990885012	reported
Guide Dogs Victoria	8123	2001	AU-ABN-68004621461	reported
Gateway Family Counselling Centre Inc	10000	2001	AU-ABN-93602914028	inferred
Dame Nellie Melba Opera Trust	15000	2001	AU-ABN-96424419725	reported
Christ Church Mission Inc	50000	2001	AU-ABN-48967756651	reported
Chamber Music Australia	10000	2001	AU-ABN-55179308627	inferred
Centre for Eye Research Australia	30000	2001	AU-ABN-72076481984	inferred
Bayley House	140000	2001	AU-ABN-79262349071	reported
Alzheimer's Australia Vic	125000	2001	AU-ABN-14671840186	inferred
Port Phillip Specialist School	75000	2001	AU-ABN-37568403478	inferred
National Institute of Circus Arts Limited	75000	2001	AU-ABN-80084913235	reported
Garfield North Outdoor Education Centre Inc	4800	2001	AU-ABN-60207414910	inferred
Zoos Victoria	100000	2001	AU-GOV-403321	reported
Victorian Jazz Archive Inc	2500	2001	AU-ABN-53531132426	reported
Very Special Kids	10000	2001	AU-ABN-86109832091	reported
Tongala Community Activities Centre Inc	1000	2001	AU-ABN-60781761330	reported
Stawell Intertwine Services Inc	5000	2001	AU-ABN-13518845443	reported
State Schools' Relief Inc	5000	2001	AU-ABN-77455214193	inferred
Royal Botanic Gardens Foundation Victoria	100000	2001	AU-ABN-40584408967	reported
National Trust of Australia (Victoria)	2500	2001	AU-ABN-61004356192	reported
Murdoch Children's Research Institute	22470	2001	AU-ABN-21006566972	reported
Maryborough District Health Service	10000	2001	AU-ABN-81511515955	inferred
Mallee Family Care Inc	10000	2001	AU-ABN-32085588656	inferred
Kildonan UnitingCare	50000	2001	AU-ABN-11805856055	inferred
Housing for the Aged Action Group Inc	2500	2001	AU-ABN-80348538001	inferred
HotHouse Theatre Ltd	500	2001	AU-ABN-93005499758	inferred
Gateways Support Services Inc	10000	2001	AU-ABN-98140810929	reported
Eventide Homes (Stawell) Inc	10000	2001	AU-ABN-26648709275	reported
Deakin University	23360	2001	AU-ABN-56721584203	reported
Council of Christians and Jews (Victoria) Inc	5000	2001	AU-ABN-17318356264	inferred
Cottage by the Sea Queenscliff Inc	6000	2001	AU-ABN-21987748593	reported
Bethany Community Support Inc	2500	2001	AU-ABN-38633820168	reported
Bendigo Community Health Services Incorporated	2500	2001	AU-ABN-76026154968	inferred
Baptcare Ltd	50000	2001	AU-ABN-12069130463	reported
Ballarat Fine Art Gallery Foundation	100000	2001	AU-ABN-99573605410	inferred
Australian Tapestry Workshop	50000	2001	AU-ABN-88005758056	reported
Riding for the Disabled Association of Victoria Inc	15000	2000	AU-ABN-20130814132	reported
Housing Choices Australia	40000	2000	AU-ABN-23385731870	inferred
Yooralla	5000	2000	AU-ABN-14005304432	reported
Woorayl Lodge Inc	10000	2000	AU-ABN-29396030183	reported
Vision Australia Foundation	6600	2000	AU-ABN-91007428284	reported
Violet Town Bush Nursing Centre Inc	25000	2000	AU-ABN-17344959747	reported
Upper Murray Family Care Inc	40000	2000	AU-ABN-99081624768	inferred
Trust For Nature (Victoria)	2500	2000	AU-ABN-60292993543	reported
The Smith Family	10000	2000	AU-ABN-28000030179	reported
St John Ambulance Australia (Victoria) Inc	26000	2000	AU-ABN-69061844380	inferred
Spanish Latin American Welfare Centre	500	2000	AU-ABN-80183657381	inferred
Redkite	1000	2000	AU-ABN-65104710787	reported
Point Lonsdale Surf Life Saving Club	5000	2000	AU-ABN-90650713800	inferred
Peter Harcourt Services Association Inc	5000	2000	AU-ABN-94643592341	inferred
Odyssey House Victoria	5000	2000	AU-ABN-11005583960	reported
National Trust of Australia (Victoria)	5000	2000	AU-ABN-61004356192	reported
National Trust of Australia (Victoria)	2500	2000	AU-ABN-61004356192	reported
National Ageing Research Institute Inc	20000	2000	AU-ABN-71154866047	inferred
Mulleraterong Centre Inc	10000	2000	AU-ABN-84250151244	reported
Mpower Inc	6430	2000	AU-ABN-39491685563	reported
Moyne Health Services	10000	2000	AU-ABN-30586278991	reported
Habitat for Humanity Australia (Victoria) Inc	5000	2000	AU-ABN-65023265336	inferred
Guide Dogs Victoria	7262	2000	AU-ABN-68004621461	reported
Good Shepherd Australia New Zealand	2000	2000	AU-ABN-61354551576	reported
Gellibrand Support Services Inc	2175	2000	AU-ABN-16025675584	reported
Deakin University	2500	2000	AU-ABN-56721584203	reported
Deaf Children Australia	10000	2000	AU-ABN-57108025207	reported
Christ Church Mission Inc	50000	2000	AU-ABN-48967756651	reported
Centre for Eye Research Australia	40000	2000	AU-ABN-72076481984	inferred
Centre for Contemporary Photography	6502	2000	AU-ABN-14081414273	inferred
Brotherhood of St Laurence	50000	2000	AU-ABN-24603467024	reported
Berry Street Victoria	25000	2000	AU-ABN-24719196762	inferred
Alzheimer's Australia Vic	10000	2000	AU-ABN-14671840186	inferred
The Royal Children's Hospital Foundation Limited	15000	2000	AU-ABN-15007143142	reported
Lord Mayor's Charitable Fund	75000	2000	AU-ABN-63635798473	reported
University of Melbourne	5000	2000	AU-ABN-84002705224	reported
Wollangarra	2500	2000	AU-ABN-44395948159	inferred
Very Special Kids	15000	2000	AU-ABN-86109832091	reported
University of Melbourne	21742	2000	AU-ABN-84002705224	reported
Uniting (Victoria and Tasmania) Ltd	5000	2000	AU-ABN-81098317125	inferred
TRY Australia Children's Services	7500	2000	AU-ABN-17157351722	reported
Travellers Aid Australia	2973	2000	AU-ABN-79004080862	reported
The Salvation Army (Victoria) Property Trust	10000	2000	AU-ABN-64472238844	inferred
The Jean Hailes Foundation	50000	2000	AU-ABN-69092915618	reported
Sunraysia Residential Services Incorporated	1291	2000	AU-ABN-88441353792	inferred
State Library of Victoria	25000	2000	AU-GOV-278027	inferred
St Vincent's Hospital (Melbourne) Limited	20000	2000	AU-ABN-22052110755	inferred
St Paul's Cathedral	20000	2000	AU-ABN-24056161515	inferred
Royal Freemasons' Homes of Victoria	10000	2000	AU-ABN-97236076288	inferred
Riding for the Disabled Association of Victoria Inc	2400	2000	AU-ABN-20130814132	reported
Odyssey House Victoria	50000	2000	AU-ABN-11005583960	reported
National Trust of Australia (Victoria)	15000	2000	AU-ABN-61004356192	reported
National Heart Foundation of Australia (Victorian Division)	50000	2000	AU-ABN-25004463334	reported
Murdoch Children's Research Institute	70200	2000	AU-ABN-21006566972	reported
Mission to Seafarers Victoria Inc	5000	2000	AU-ABN-18630990996	inferred
Melbourne International Festival of Organ and Harpsichord	5000	2000	AU-ABN-12576575645	inferred
Melbourne High School	100000	2000	AU-ABN-99980701814	reported
Kildonan UnitingCare	50000	2000	AU-ABN-11805856055	inferred
Jewish Care (Victoria) Inc	10000	2000	AU-ABN-78345431247	reported
Helping Hand Foundation Inc	2500	2000	AU-ABN-20797744086	reported
Heathmont Inter Church Help Inc	2500	2000	AU-ABN-75215221903	reported
Hanover Welfare Services	5000	2000	AU-ABN-89742307083	reported
Foodbank Victoria	2500	2000	AU-ABN-94117688829	inferred
Don Bosco Brunswick Youth Foundation Inc	2700	2000	AU-ABN-34446626051	inferred
Diabetes Australia - Victoria	10000	2000	AU-ABN-71005239510	inferred
Council for Christian Education in Schools	2158	2000	AU-ABN-59004240779	inferred
Cottage by the Sea Queenscliff Inc	5000	2000	AU-ABN-21987748593	reported
Big Issue Australia	5000	2000	AU-ABN-61071598439	inferred
Australian Tapestry Workshop	100000	2000	AU-ABN-88005758056	reported
Australian Platypus Conservancy	6682	2000	AU-ABN-64255612676	inferred
Ardoch Limited	25000	2000	AU-ABN-48119813188	reported
Wintringham	100000	2000	AU-ABN-97007293478	inferred
Life Saving Victoria	200000	2000	AU-ABN-96727034683	inferred
Royal Historical Society of Victoria Inc	14100	2000	AU-ABN-36520675471	reported
Western District Health Service	25000	1999	AU-ABN-47616976917	inferred
The Abbeyfield Society (Richmond) Inc	5000	1999	AU-ABN-87478260493	inferred
Stawell Intertwine Services Inc	16300	1999	AU-ABN-13518845443	reported
St Hilda's College	20000	1999	AU-ABN-68426085488	reported
Save The Children Australia	5000	1999	AU-ABN-99008610035	reported
Peninsula Health	25000	1999	AU-GOV-282392	reported
Open House Christian Involvement Centres	10000	1999	AU-ABN-13005130272	reported
Mornington Community Information and Support Centre Inc	10000	1999	AU-ABN-91482731425	inferred
Helen Schutt House Association Inc	11000	1999	AU-ABN-12552161101	inferred
Cooinda Terang Inc	4750	1999	AU-ABN-76787282761	reported
City of Ballarat	20000	1999	AU-ABN-37601599422	reported
Central Bayside Community Health Services	8000	1999	AU-ABN-50362120798	inferred
Birchip Cropping Group Inc	50000	1999	AU-ABN-92087981510	reported
Australian National Memorial Theatre Ltd	5000	1999	AU-ABN-78007306283	inferred
Vision Australia Limited	30000	1999	AU-ABN-67108391831	reported
The Smith Family	100000	1999	AU-ABN-28000030179	reported
The Royal Children's Hospital Foundation Limited	25000	1999	AU-ABN-15007143142	reported
The Royal Children's Hospital Foundation Limited	25000	1999	AU-ABN-15007143142	reported
Swinburne University of Technology	10000	1999	AU-ABN-13628586699	reported
Queen's College	10000	1999	AU-ABN-58637295973	inferred
Noah's Ark Inc	7500	1999	AU-ABN-53172346047	reported
National Trust of Australia (Victoria)	2500	1999	AU-ABN-61004356192	reported
National Ageing Research Institute Inc	10800	1999	AU-ABN-71154866047	inferred
Monash Institute of Medical Research	100000	1999	AU-ABN-48132025024	inferred
Mallee Family Care Inc	10000	1999	AU-ABN-32085588656	inferred
Lupus Australia Foundation	12000	1999	AU-ABN-33906128089	inferred
Inglewood and Districts Health Service	10000	1999	AU-ABN-59289296574	reported
Housing Choices Australia	40000	1999	AU-ABN-23385731870	inferred
Horticultural Therapy Association Of Victoria Inc	1650	1999	AU-ABN-27369163101	reported
Haemophilia Foundation Australia	2500	1999	AU-ABN-89443537189	inferred
Guide Dogs Victoria	1989	1999	AU-ABN-68004621461	reported
Good Shepherd Australia New Zealand	2000	1999	AU-ABN-61354551576	reported
Family Life	50000	1999	AU-ABN-37712782209	inferred
Eastwork Employment Inc	5000	1999	AU-ABN-39145056549	reported
Chamber Music Australia	20000	1999	AU-ABN-55179308627	inferred
Centre for Contemporary Photography	1304	1999	AU-ABN-14081414273	inferred
Baker IDI Heart and Diabetes Institute	250000	1999	AU-ABN-98131762948	inferred
Australian Childhood Foundation	200000	1999	AU-ABN-28057044514	reported
Vision Australia Foundation	15000	1999	AU-ABN-91007428284	reported
Very Special Kids	15000	1999	AU-ABN-86109832091	reported
TRY Australia Children's Services	15000	1999	AU-ABN-17157351722	reported
Travellers Aid Australia	2000	1999	AU-ABN-79004080862	reported
The Scout Association of Australia Victorian Branch Scouts Victoria	5000	1999	AU-ABN-39662387026	inferred
St Jude's Anglican Church - Carlton	2000	1999	AU-ABN-46023255617	inferred
St Hilda's College	10000	1999	AU-ABN-68426085488	reported
Moyne Health Services	10000	1999	AU-ABN-30586278991	reported
Monash University	30000	1999	AU-ABN-12377614012	reported
Lord Somers Camp and Power House	10000	1999	AU-ABN-96004505373	reported
Lighthouse Foundation	10000	1999	AU-ABN-93731236831	reported
Lewis Court Home for the Aged Inc	10000	1999	AU-ABN-78829615870	inferred
Hillview Bunyip Aged Care Inc	20000	1999	AU-ABN-92626712083	reported
Girl Guides Association of Victoria	2000	1999	AU-ABN-59533729847	reported
Garfield North Outdoor Education Centre Inc	5500	1999	AU-ABN-60207414910	inferred
Foodbank Victoria	2500	1999	AU-ABN-94117688829	inferred
Eventide Homes (Stawell) Inc	5000	1999	AU-ABN-26648709275	reported
Donwood Community Aged Care Services Inc - Croydon	25000	1999	AU-ABN-78285019708	inferred
Deakin University	3000	1999	AU-ABN-56721584203	reported
Cottage by the Sea Queenscliff Inc	5000	1999	AU-ABN-21987748593	reported
City of Ballarat	20000	1999	AU-ABN-37601599422	reported
Christ Church Music Foundation - South Yarra	7500	1999	AU-ABN-80151138732	inferred
Central Bayside Community Health Services	30000	1999	AU-ABN-50362120798	inferred
Brotherhood of St Laurence	20000	1999	AU-ABN-24603467024	reported
Black Rock Life Saving Club Inc	10000	1999	AU-ABN-51903763953	reported
Bethany Community Support Inc	10000	1999	AU-ABN-38633820168	reported
Anne McDonald Centre	2200	1999	AU-ABN-68933715362	inferred
Able Australia Services	9000	1999	AU-ABN-83024339234	reported
Walter and Eliza Hall Institute of Medical Research	300000	1999	AU-ABN-12004251423	inferred
The Royal Children's Hospital Foundation Limited	10000	1998	AU-ABN-15007143142	reported
Sunraysia Community Health Services	25000	1998	AU-ABN-56957121036	inferred
State Library of Victoria	300000	1998	AU-GOV-278027	inferred
Thornbury Women's Neighbourhood House	325	1998	AU-ABN-60433551450	inferred
The Smith Family	12000	1998	AU-ABN-28000030179	reported
Sunraysia Residential Services Incorporated	1000	1998	AU-ABN-88441353792	inferred
Save The Children Australia	1000	1998	AU-ABN-99008610035	reported
Royal Freemasons' Homes of Victoria	10000	1998	AU-ABN-97236076288	inferred
Rotary Club of Hamilton North Inc	2000	1998	AU-ABN-81639749815	inferred
Robinvale District Hospital and Health Services	25000	1998	AU-ABN-58413230512	inferred
Riding for the Disabled Association of Victoria Inc	500	1998	AU-ABN-20130814132	reported
Queen's College	10000	1998	AU-ABN-58637295973	inferred
Onemda Association Inc	7215	1998	AU-ABN-76721607868	inferred
National Trust of Australia (Victoria)	500	1998	AU-ABN-61004356192	reported
Murray Valley Centre for the Intellectually Handicapped Inc - Wodonga	1000	1998	AU-ABN-15782072740	inferred
Mission to Seafarers Victoria Inc	2865	1998	AU-ABN-18630990996	inferred
Melbourne City Mission	25000	1998	AU-ABN-56161846149	reported
Lord Mayor's Charitable Fund	2000	1998	AU-ABN-63635798473	reported
Karinya Counselling Centre Inc	500	1998	AU-ABN-54876801530	reported
Housing Choices Australia	40000	1998	AU-ABN-23385731870	inferred
Habitat for Humanity Australia (Victoria) Inc	5000	1998	AU-ABN-65023265336	inferred
Guide Dogs Victoria	2500	1998	AU-ABN-68004621461	reported
Fronditha Care Inc	10000	1998	AU-ABN-71424124816	inferred
Family Life	7500	1998	AU-ABN-37712782209	inferred
East Grampians Health Service	5000	1998	AU-ABN-93473547006	reported
Don Bosco Brunswick Youth Foundation Inc	774	1998	AU-ABN-34446626051	inferred
Council to Homeless Persons (Victoria)	1000	1998	AU-ABN-20005475007	inferred
Cooinda Terang Inc	2500	1998	AU-ABN-76787282761	reported
Combined Churches Caring Melton Inc	539	1998	AU-ABN-56088223964	inferred
Christie Centre Inc	2500	1998	AU-ABN-68554592464	reported
Cancer Council Victoria	250000	1998	AU-ABN-61426486715	reported
Brighton Grammar School Foundation - Brighton	15000	1998	AU-ABN-81007141488	inferred
Barwon Disability Resource Council Inc	4000	1998	AU-ABN-83121194660	inferred
Baptist Village Baxter Limited	10000	1998	AU-ABN-96006640544	reported
Andale School Inc	1000	1998	AU-ABN-99431856160	reported
Youth Projects Inc	25000	1998	AU-ABN-68149618486	inferred
Yooralla	22000	1998	AU-ABN-14005304432	reported
Western District Health Service	50000	1998	AU-ABN-47616976917	inferred
Uniting (Victoria and Tasmania) Ltd	30000	1998	AU-ABN-81098317125	inferred
The Salvation Army (Victoria) Property Trust	10000	1998	AU-ABN-64472238844	inferred
St Luke's Anglicare	2500	1998	AU-ABN-99087209729	inferred
St Leonard's College - East Brighton	25000	1998	AU-ABN-52006106556	inferred
St Jude's Anglican Church - Carlton	2000	1998	AU-ABN-46023255617	inferred
St Hilda's College	10000	1998	AU-ABN-68426085488	reported
Peninsula Health	10000	1998	AU-GOV-282392	reported
National Trust of Australia (Victoria)	2500	1998	AU-ABN-61004356192	reported
National Ageing Research Institute Inc	10500	1998	AU-ABN-71154866047	inferred
Moyne Health Services	30000	1998	AU-ABN-30586278991	reported
Monash University	30000	1998	AU-ABN-12377614012	reported
Mambourin Enterprises Inc	2000	1998	AU-ABN-41725993025	inferred
Lord Somers Camp and Power House	10000	1998	AU-ABN-96004505373	reported
Lighthouse Foundation	10000	1998	AU-ABN-93731236831	reported
Life Saving Victoria	9000	1998	AU-ABN-96727034683	inferred
Leopold Hall Lions Retirement Village Inc	7000	1998	AU-ABN-48277370701	inferred
Footscray Community Arts Centre Limited	5000	1998	AU-ABN-87005140303	reported
Cottage by the Sea Queenscliff Inc	2500	1998	AU-ABN-21987748593	reported
City of Ballarat	10000	1998	AU-ABN-37601599422	reported
Child & Family Services Ballarat Inc	20000	1998	AU-ABN-83786843940	reported
Bone Marrow Donor Institute Limited	25000	1998	AU-ABN-45127505739	inferred
Barwon Health	20000	1998	AU-GOV-288160	reported
Ardoch Limited	20000	1998	AU-ABN-48119813188	reported
Monash University	30000	1997	AU-ABN-12377614012	reported
Windermere Child and Family Services Inc	10000	1997	AU-ABN-63066828936	inferred
Vision Australia Foundation	10000	1997	AU-ABN-91007428284	reported
Very Special Kids	20000	1997	AU-ABN-86109832091	reported
Save The Children Australia	2000	1997	AU-ABN-99008610035	reported
Royal Society for the Prevention of Cruelty to Animals	20000	1997	AU-ABN-71723781546	inferred
Royal Historical Society of Victoria Inc	15000	1997	AU-ABN-36520675471	reported
Royal Freemasons' Homes of Victoria	20000	1997	AU-ABN-97236076288	inferred
Queen's College	10000	1997	AU-ABN-58637295973	inferred
Mill Park Senior Citizens Club Inc	400	1997	AU-ABN-35426867002	inferred
Lord Mayor's Charitable Fund	2500	1997	AU-ABN-63635798473	reported
Helen Schutt House Association Inc	4000	1997	AU-ABN-12552161101	inferred
Habitat for Humanity Australia (Victoria) Inc	10000	1997	AU-ABN-65023265336	inferred
Guide Dogs Victoria	2500	1997	AU-ABN-68004621461	reported
German Heritage Society Bendigo Inc	3000	1997	AU-ABN-49057427597	inferred
Eventide Homes (Stawell) Inc	10000	1997	AU-ABN-26648709275	reported
Disability Support Pensioners Australia Inc	400	1997	AU-ABN-98076023544	inferred
Council to Homeless Persons (Victoria)	5000	1997	AU-ABN-20005475007	inferred
Berry Street Victoria	25000	1997	AU-ABN-24719196762	inferred
Baptcare Ltd	25000	1997	AU-ABN-12069130463	reported
Australian Shakespeare Company Limited - Fitzroy	1000	1997	AU-ABN-19006105102	inferred
Housing Choices Australia	40000	1997	AU-ABN-23385731870	inferred
Melbourne Grammar School	25000	1997	AU-ABN-61004453829	reported
Somebody's Daughter Theatre Inc	1000	1997	AU-ABN-68563267116	reported
Peter Harcourt Services Association Inc	2000	1997	AU-ABN-94643592341	inferred
National Trust of Australia (Victoria)	2500	1997	AU-ABN-61004356192	reported
McCallum Disability Services	2500	1997	AU-ABN-65583429720	inferred
Interchange Outer East	2000	1997	AU-ABN-65711736371	inferred
Brotherhood of St Laurence	2000	1997	AU-ABN-24603467024	reported
Vision Australia Limited	10000	1997	AU-ABN-67108391831	reported
TRY Australia Children's Services	5000	1997	AU-ABN-17157351722	reported
Trinity College	10000	1997	AU-ABN-39485211746	reported
Travellers Aid Australia	1950	1997	AU-ABN-79004080862	reported
The Smith Family	2000	1997	AU-ABN-28000030179	reported
St Jude's Anglican Church - Carlton	2000	1997	AU-ABN-46023255617	inferred
South East Palliative Care Ltd	5000	1997	AU-ABN-64725842484	inferred
Open House Christian Involvement Centres	5000	1997	AU-ABN-13005130272	reported
Onemda Association Inc	5000	1997	AU-ABN-76721607868	inferred
Monash University	30000	1997	AU-ABN-12377614012	reported
Mercy Hospitals Victoria Ltd	10000	1997	AU-ABN-74762230429	inferred
La Trobe University	14000	1997	AU-ABN-39855783198	reported
Haemophilia Foundation Australia	1000	1997	AU-ABN-89443537189	inferred
Dame Pattie Menzies Centre Inc	5000	1997	AU-ABN-51724115911	reported
Council for Christian Education in Schools	3000	1997	AU-ABN-59004240779	inferred
Cottage by the Sea Queenscliff Inc	5420	1997	AU-ABN-21987748593	reported
Christie Centre Inc	2500	1997	AU-ABN-68554592464	reported
Camberwell Anglican Girls' Grammar School	5000	1997	AU-ABN-79004166349	reported
Brighton Grammar School Foundation - Brighton	5000	1997	AU-ABN-81007141488	inferred
Able Australia Services	5000	1997	AU-ABN-83024339234	reported
BirdLife Australia	150000	1997	AU-ABN-75149124774	reported
St Hilda's College	10000	1997	AU-ABN-68426085488	reported
Mallee Family Care Inc	20000	1997	AU-ABN-32085588656	inferred
Lord Somers Camp and Power House	25000	1997	AU-ABN-96004505373	reported
Cancer Council Victoria	5000	1997	AU-ABN-61426486715	reported
West Gippsland Healthcare Group	20000	1996	AU-ABN-39261883406	inferred
Trust For Nature (Victoria)	6000	1996	AU-ABN-60292993543	reported
Thornbury Women's Neighbourhood House	285	1996	AU-ABN-60433551450	inferred
The Cairnmillar Institute	10000	1996	AU-ABN-27005085423	reported
The Abbeyfield Society (Richmond) Inc	4000	1996	AU-ABN-87478260493	inferred
St Mary's House of Welcome Limited	5000	1996	AU-ABN-54050278754	inferred
St Leonard's College - East Brighton	10000	1996	AU-ABN-52006106556	inferred
Redkite	1000	1996	AU-ABN-65104710787	reported
Queen's College	10000	1996	AU-ABN-58637295973	inferred
Port Phillip Specialist School	10000	1996	AU-ABN-37568403478	inferred
Moyne Health Services	10000	1996	AU-ABN-30586278991	reported
Mittagundi Outdoor Education Centre - Omeo	1500	1996	AU-ABN-41005502625	inferred
Melbourne City Mission	10000	1996	AU-ABN-56161846149	reported
Lord Mayor's Charitable Fund	2500	1996	AU-ABN-63635798473	reported
Housing Choices Australia	40000	1996	AU-ABN-23385731870	inferred
Hanover Welfare Services	8000	1996	AU-ABN-89742307083	reported
Federation University Australia	60000	1996	AU-ABN-51818692256	reported
Family Life	2500	1996	AU-ABN-37712782209	inferred
Disability Support Pensioners Australia Inc	395	1996	AU-ABN-98076023544	inferred
Deaf Children Australia	25000	1996	AU-ABN-57108025207	reported
Better Hearing Australia Incorporated	528	1996	AU-ABN-86908024101	reported
Bethany Community Support Inc	400	1996	AU-ABN-38633820168	reported
Australian Platypus Conservancy	12400	1996	AU-ABN-64255612676	inferred
The Royal Children's Hospital Foundation Limited	10000	1996	AU-ABN-15007143142	reported
Royal Historical Society of Victoria Inc	3000	1996	AU-ABN-36520675471	reported
Upper Murray Family Care Inc	20000	1996	AU-ABN-99081624768	inferred
The Salvation Army (Victoria) Property Trust	7500	1996	AU-ABN-64472238844	inferred
Royal Freemasons' Homes of Victoria	20000	1996	AU-ABN-97236076288	inferred
National Stroke Foundation (Australia)	25000	1996	AU-ABN-42006173379	inferred
Monash University	40000	1996	AU-ABN-12377614012	reported
La Trobe University	20000	1996	AU-ABN-39855783198	reported
Gateways Support Services Inc	5000	1996	AU-ABN-98140810929	reported
The Scout Association of Australia Victorian Branch Scouts Victoria	500	1996	AU-ABN-39662387026	inferred
St Kilda Baptist Benevolent Society Inc	1000	1996	AU-ABN-20147219440	reported
St John Ambulance Australia (Victoria) Inc	30000	1996	AU-ABN-69061844380	inferred
SPELD Victoria Inc	2500	1996	AU-ABN-51178974489	inferred
Save The Children Australia	1500	1996	AU-ABN-99008610035	reported
National Ageing Research Institute Inc	6500	1996	AU-ABN-71154866047	inferred
Melbourne City Mission	2500	1996	AU-ABN-56161846149	reported
Kids First Australia	775	1996	AU-ABN-52303567862	inferred
Haemophilia Foundation Australia	3380	1996	AU-ABN-89443537189	inferred
Guide Dogs Victoria	500	1996	AU-ABN-68004621461	reported
Girl Guides Association of Victoria	2500	1996	AU-ABN-59533729847	reported
Church of all Nations	1000	1996	AU-ABN-82514156501	reported
Breakaway Camps Inc - Lalor	1150	1996	AU-ABN-83627348800	inferred
Anglicare Victoria	2100	1996	AU-ABN-97397067466	reported
Windermere Child and Family Services Inc	25000	1995	AU-ABN-63066828936	inferred
Vision Australia Foundation	150000	1995	AU-ABN-91007428284	reported
Queen's College	10000	1995	AU-ABN-58637295973	inferred
Old Colonists' Association of Victoria	25000	1995	AU-ABN-15660751609	inferred
Uniting (Victoria and Tasmania) Ltd	850	1995	AU-ABN-81098317125	inferred
The Smith Family	2500	1995	AU-ABN-28000030179	reported
St Luke's Anglicare	1000	1995	AU-ABN-99087209729	inferred
St Jude's Anglican Church - Carlton	1000	1995	AU-ABN-46023255617	inferred
Save The Children Australia	1200	1995	AU-ABN-99008610035	reported
National Trust of Australia (Victoria)	2500	1995	AU-ABN-61004356192	reported
Mambourin Enterprises Inc	2000	1995	AU-ABN-41725993025	inferred
Lowther Hall Anglican Grammar School	500	1995	AU-ABN-35006660984	reported
Lord Mayor's Charitable Fund	10000	1995	AU-ABN-63635798473	reported
Interchange Outer East	2500	1995	AU-ABN-65711736371	inferred
Interchange Outer East	1000	1995	AU-ABN-65711736371	inferred
Guide Dogs Victoria	1000	1995	AU-ABN-68004621461	reported
Eastwork Employment Inc	1850	1995	AU-ABN-39145056549	reported
Council for Christian Education in Schools	2000	1995	AU-ABN-59004240779	inferred
Australian Childhood Foundation	500	1995	AU-ABN-28057044514	reported
Odyssey House Victoria	100000	1995	AU-ABN-11005583960	reported
Housing Choices Australia	40000	1995	AU-ABN-23385731870	inferred
The Scout Association of Australia Victorian Branch Scouts Victoria	500	1995	AU-ABN-39662387026	inferred
University of Melbourne	5000	1995	AU-ABN-84002705224	reported
University of Melbourne	10000	1995	AU-ABN-84002705224	reported
University of Melbourne	120000	1995	AU-ABN-84002705224	reported
Samarinda Aged Services Inc	10000	1995	AU-ABN-48522054140	inferred
Monash University	40000	1995	AU-ABN-12377614012	reported
Monash University	21000	1995	AU-ABN-12377614012	reported
Marcus Oldham College	3194	1995	AU-ABN-50071444409	reported
La Trobe University	20000	1995	AU-ABN-39855783198	reported
Helen Schutt House Association Inc	25000	1995	AU-ABN-12552161101	inferred
Hanover Welfare Services	10000	1995	AU-ABN-89742307083	reported
Girl Guides Association of Victoria	10000	1995	AU-ABN-59533729847	reported
Ballarat Health Services	50000	1995	AU-GOV-294441	reported
Solve Disability Solutions	1000	1995	AU-ABN-16294381734	inferred
John Pierce Centre - Chadstone	562	1995	AU-ABN-55005611601	inferred
Central Bayside Community Health Services	2500	1995	AU-ABN-50362120798	inferred
Bone Marrow Donor Institute Limited	125000	1995	AU-ABN-45127505739	inferred
The Smith Family	1000	1994	AU-ABN-28000030179	reported
The Salvation Army (Victoria) Property Trust	2000	1994	AU-ABN-64472238844	inferred
St Jude's Anglican Church - Carlton	500	1994	AU-ABN-46023255617	inferred
Museum Victoria	2500	1994	AU-GOV-295636	inferred
Lord Somers Camp and Power House	1000	1994	AU-ABN-96004505373	reported
Lord Mayor's Charitable Fund	2500	1994	AU-ABN-63635798473	reported
Interchange Outer East	500	1994	AU-ABN-65711736371	inferred
Dame Pattie Menzies Centre Inc	1670	1994	AU-ABN-51724115911	reported
Council for Christian Education in Schools	1000	1994	AU-ABN-59004240779	inferred
Child Accident Prevention Foundation Of Australia	2250	1994	AU-ABN-26008545382	reported
Child & Family Services Ballarat Inc	3000	1994	AU-ABN-83786843940	reported
Anglican Diocese Of Melbourne	500	1994	AU-ABN-79866748591	reported
Odyssey House Victoria	100000	1994	AU-ABN-11005583960	reported
Monash University	100000	1994	AU-ABN-12377614012	reported
Vision Australia Limited	25000	1994	AU-ABN-67108391831	reported
The Royal Children's Hospital Foundation Limited	16530	1994	AU-ABN-15007143142	reported
Ormond College	10000	1994	AU-ABN-47603318314	inferred
Murdoch Children's Research Institute	75000	1994	AU-ABN-21006566972	reported
Housing Choices Australia	40000	1994	AU-ABN-23385731870	inferred
Deaf Children Australia	125000	1994	AU-ABN-57108025207	reported
Cancer Council Victoria	91000	1994	AU-ABN-61426486715	reported
Brighton Grammar School Foundation - Brighton	10000	1994	AU-ABN-81007141488	inferred
Wollangarra	1000	1994	AU-ABN-44395948159	inferred
The Salvation Army (Victoria) Property Trust	4650	1994	AU-ABN-64472238844	inferred
The Bendigo Trust	2500	1994	AU-ABN-39005014175	reported
Save The Children Australia	1000	1994	AU-ABN-99008610035	reported
Redkite	985	1994	AU-ABN-65104710787	reported
Mornington Peninsula Life Education Inc	1000	1994	AU-ABN-49846956074	inferred
Mallee Family Care Inc	5000	1994	AU-ABN-32085588656	inferred
Kids First Australia	1600	1994	AU-ABN-52303567862	inferred
Interchange Outer East	2000	1994	AU-ABN-65711736371	inferred
Horticultural Therapy Association Of Victoria Inc	1230	1994	AU-ABN-27369163101	reported
Haemophilia Foundation Australia	1000	1994	AU-ABN-89443537189	inferred
Guide Dogs Victoria	1000	1994	AU-ABN-68004621461	reported
Family Life	1583	1994	AU-ABN-37712782209	inferred
Child & Family Services Ballarat Inc	2662	1994	AU-ABN-83786843940	reported
Centre for Contemporary Photography	1799	1994	AU-ABN-14081414273	inferred
Buoyancy Foundation Of Victoria Inc	1000	1994	AU-ABN-37932479648	inferred
Anglicare Victoria	1000	1994	AU-ABN-97397067466	reported
Alzheimer's Australia Vic	2200	1994	AU-ABN-14671840186	inferred
State Library of Victoria	5000	1994	AU-GOV-278027	inferred
Monash University	40000	1994	AU-ABN-12377614012	reported
Monash University	55000	1994	AU-ABN-12377614012	reported
La Trobe University	20000	1994	AU-ABN-39855783198	reported
Bairnsdale Regional Health Service	100000	1994	AU-ABN-99640620478	inferred
Australian Centre for Contemporary Art	25000	1994	AU-ABN-53089604277	reported
The Scout Association of Australia Victorian Branch Scouts Victoria	500	1994	AU-ABN-39662387026	inferred
Bone Marrow Donor Institute Limited	125000	1994	AU-ABN-45127505739	inferred
The Scout Association of Australia Victorian Branch Scouts Victoria	500	1993	AU-ABN-39662387026	inferred
St Mark's Community Centre	4000	1993	AU-ABN-35967059134	inferred
St Luke's Anglicare	3500	1993	AU-ABN-99087209729	inferred
Lord Mayor's Charitable Fund	5000	1993	AU-ABN-63635798473	reported
Interchange Outer East	2500	1993	AU-ABN-65711736371	inferred
Interchange Outer East	2500	1993	AU-ABN-65711736371	inferred
Dandenong Ranges Music Council Inc	500	1993	AU-ABN-22320640265	inferred
Able Australia Services	2000	1993	AU-ABN-83024339234	reported
Vision Australia Limited	23500	1993	AU-ABN-67108391831	reported
The Lost Dogs Home	1000	1993	AU-ABN-84004789726	inferred
Royal Society for the Prevention of Cruelty to Animals	2000	1993	AU-ABN-71723781546	inferred
Mission to Seafarers Victoria Inc	1700	1993	AU-ABN-18630990996	inferred
TRY Australia Children's Services	2110	1993	AU-ABN-17157351722	reported
The Smith Family	5000	1993	AU-ABN-28000030179	reported
Solve Disability Solutions	2000	1993	AU-ABN-16294381734	inferred
National Trust of Australia (Victoria)	2000	1993	AU-ABN-61004356192	reported
Mercy Hospitals Victoria Ltd	2000	1993	AU-ABN-74762230429	inferred
Kids First Australia	1500	1993	AU-ABN-52303567862	inferred
Interchange Outer East	1766	1993	AU-ABN-65711736371	inferred
Haemophilia Foundation Australia	3000	1993	AU-ABN-89443537189	inferred
Guide Dogs Victoria	3150	1993	AU-ABN-68004621461	reported
Council to Homeless Persons (Victoria)	5000	1993	AU-ABN-20005475007	inferred
Child Accident Prevention Foundation Of Australia	500	1993	AU-ABN-26008545382	reported
Child & Family Services Ballarat Inc	2000	1993	AU-ABN-83786843940	reported
Buoyancy Foundation Of Victoria Inc	1000	1993	AU-ABN-37932479648	inferred
Anglicare Victoria	1000	1993	AU-ABN-97397067466	reported
Alzheimer's Australia Vic	3000	1993	AU-ABN-14671840186	inferred
Havilah Hostel Inc	25000	1993	AU-ABN-88982661608	reported
University of Melbourne	16480	1993	AU-ABN-84002705224	reported
The Royal Victorian Eye And Ear Hospital	100000	1993	AU-GOV-281989	inferred
St Vincent's Hospital (Melbourne) Limited	30000	1993	AU-ABN-22052110755	inferred
Royal Freemasons' Homes of Victoria	20000	1993	AU-ABN-97236076288	inferred
Portland District Health	50000	1993	AU-ABN-19736725377	reported
Moorabbin Community Extended Care Society Inc - East Bentleigh	25000	1993	AU-ABN-67328985514	inferred
East Grampians Health Service	5000	1993	AU-ABN-93473547006	reported
Deakin University	60000	1993	AU-ABN-56721584203	reported
Centre for Contemporary Photography	7500	1993	AU-ABN-14081414273	inferred
Vision Australia Limited	24200	1992	AU-ABN-67108391831	reported
The Lost Dogs Home	2000	1992	AU-ABN-84004789726	inferred
Royal Society for the Prevention of Cruelty to Animals	1020	1992	AU-ABN-71723781546	inferred
Mission to Seafarers Victoria Inc	2000	1992	AU-ABN-18630990996	inferred
Uniting (Victoria and Tasmania) Ltd	20000	1992	AU-ABN-81098317125	inferred
St Luke's Anglicare	1287	1992	AU-ABN-99087209729	inferred
Peter MacCallum Cancer Institute	500000	1992	AU-ABN-42100504883	inferred
Monash University	56000	1992	AU-ABN-12377614012	reported
Monash University	150000	1992	AU-ABN-12377614012	reported
Lord Mayor's Charitable Fund	25000	1992	AU-ABN-63635798473	reported
Baptcare Ltd	20000	1992	AU-ABN-12069130463	reported
Ballarat Health Services	50000	1992	AU-GOV-294441	reported
University of Melbourne	7770	1992	AU-ABN-84002705224	reported
University of Melbourne	29188	1992	AU-ABN-84002705224	reported
The Royal Children's Hospital Foundation Limited	13016	1992	AU-ABN-15007143142	reported
Northern Health	200000	1992	AU-GOV-280115	reported
Monash University	100000	1992	AU-ABN-12377614012	reported
Monash University	195000	1992	AU-ABN-12377614012	reported
Maryborough District Health Service	20000	1992	AU-ABN-81511515955	inferred
Fronditha Care Inc	25000	1992	AU-ABN-71424124816	inferred
Dame Pattie Menzies Centre Inc	16120	1992	AU-ABN-51724115911	reported
Vision Australia Foundation	30200	1992	AU-ABN-91007428284	reported
University of Melbourne	23759	1992	AU-ABN-84002705224	reported
Uniting (Victoria and Tasmania) Ltd	25312	1992	AU-ABN-81098317125	inferred
Travellers Aid Australia	1450	1992	AU-ABN-79004080862	reported
The Salvation Army (Victoria) Property Trust	5000	1992	AU-ABN-64472238844	inferred
Save The Children Australia	1895	1992	AU-ABN-99008610035	reported
Noah's Ark Inc	1530	1992	AU-ABN-53172346047	reported
Girl Guides Association of Victoria	3000	1992	AU-ABN-59533729847	reported
Eva Tilley Memorial Home Inc.	25000	1992	AU-ABN-43260282081	inferred
East Grampians Health Service	25000	1992	AU-ABN-93473547006	reported
Cottage by the Sea Queenscliff Inc	10000	1992	AU-ABN-21987748593	reported
Able Australia Services	1720	1992	AU-ABN-83024339234	reported
The Scout Association of Australia Victorian Branch Scouts Victoria	2500	1992	AU-ABN-39662387026	inferred
National Trust of Australia (Victoria)	2500	1992	AU-ABN-61004356192	reported
Janet Clarke Hall	13000	1992	AU-ABN-41004522589	reported
University of Melbourne	41200	1992	AU-ABN-84002705224	reported
University of Melbourne	30000	1992	AU-ABN-84002705224	reported
TRY Australia Children's Services	2500	1992	AU-ABN-17157351722	reported
Redkite	1000	1992	AU-ABN-65104710787	reported
National Trust of Australia (Victoria)	2500	1992	AU-ABN-61004356192	reported
Monash University	5000	1992	AU-ABN-12377614012	reported
Mercy Hospitals Victoria Ltd	38570	1992	AU-ABN-74762230429	inferred
University of Melbourne	20375	1992	AU-ABN-84002705224	reported
University of Melbourne	17400	1992	AU-ABN-84002705224	reported
The Royal Children's Hospital Foundation Limited	33398	1992	AU-ABN-15007143142	reported
State Library of Victoria	10000	1992	AU-GOV-278027	inferred
Nathalia & District Hostel for the Aged Association	15000	1992	AU-ABN-73508659357	inferred
Nagambie HealthCare	25000	1992	AU-ABN-94288195795	inferred
Monash University	19924	1992	AU-ABN-12377614012	reported
Menzies Inc	45000	1992	AU-ABN-55784349165	inferred
Eventide Homes (Stawell) Inc	10655	1992	AU-ABN-26648709275	reported
East Grampians Health Service	25000	1992	AU-ABN-93473547006	reported
Anglicare Victoria	136236	1992	AU-ABN-97397067466	reported
St Paul's Cathedral	2000	1992	AU-ABN-24056161515	inferred
Wintringham	50000	1991	AU-ABN-97007293478	inferred
Centre for Contemporary Photography	5000	1991	AU-ABN-14081414273	inferred
University of Melbourne	25000	1991	AU-ABN-84002705224	reported
University College	50000	1991	AU-ABN-91004224211	reported
Royal Freemasons' Homes of Victoria	20000	1991	AU-ABN-97236076288	inferred
Northern Health	20000	1991	AU-GOV-280115	reported
Melbourne City Mission	450000	1991	AU-ABN-56161846149	reported
Inglewood and Districts Health Service	50000	1991	AU-ABN-59289296574	reported
Deakin University	190000	1991	AU-ABN-56721584203	reported
Berry Street Victoria	25000	1991	AU-ABN-24719196762	inferred
The Lost Dogs Home	2000	1991	AU-ABN-84004789726	inferred
Royal Society for the Prevention of Cruelty to Animals	2000	1991	AU-ABN-71723781546	inferred
University of Melbourne	17455	1991	AU-ABN-84002705224	reported
University of Melbourne	20000	1991	AU-ABN-84002705224	reported
Rochester and Elmore District Health Service	20000	1991	AU-ABN-76670975935	inferred
Melbourne's Living Museum of the West - Maribyrnong	6500	1991	AU-ABN-41102245380	inferred
Vision Australia Limited	20000	1991	AU-ABN-67108391831	reported
The Royal Children's Hospital Foundation Limited	20000	1991	AU-ABN-15007143142	reported
Open House Christian Involvement Centres	15000	1991	AU-ABN-13005130272	reported
Lorne Community Hospital	20000	1991	AU-ABN-29191876319	reported
Uniting (Victoria and Tasmania) Ltd	15000	1991	AU-ABN-81098317125	inferred
The Salvation Army (Victoria) Property Trust	2000	1991	AU-ABN-64472238844	inferred
Save The Children Australia	2000	1991	AU-ABN-99008610035	reported
National Heart Foundation of Australia (Victorian Division)	2000	1991	AU-ABN-25004463334	reported
Mulleraterong Centre Inc	3000	1991	AU-ABN-84250151244	reported
Mission to Seafarers Victoria Inc	2000	1991	AU-ABN-18630990996	inferred
Melbourne Legacy	2000	1991	AU-ABN-78043769632	inferred
Melbourne City Mission	65000	1991	AU-ABN-56161846149	reported
Maryborough District Health Service	25000	1991	AU-ABN-81511515955	inferred
Helen Schutt House Association Inc	39325	1991	AU-ABN-12552161101	inferred
Girl Guides Association of Victoria	2000	1991	AU-ABN-59533729847	reported
Ballarat Health Services	200000	1991	AU-GOV-294441	reported
Wimmera Hearing Society Inc	550	1991	AU-ABN-27003529639	reported
University of Melbourne	12683	1991	AU-ABN-84002705224	reported
University of Melbourne	20000	1991	AU-ABN-84002705224	reported
Uniting (Victoria and Tasmania) Ltd	1000	1991	AU-ABN-81098317125	inferred
TRY Australia Children's Services	1000	1991	AU-ABN-17157351722	reported
The Salvation Army (Victoria) Property Trust	2500	1991	AU-ABN-64472238844	inferred
The Royal Melbourne Hospital	140000	1991	AU-GOV-717569	inferred
St John Ambulance Australia (Victoria) Inc	2000	1991	AU-ABN-69061844380	inferred
Solve Disability Solutions	500	1991	AU-ABN-16294381734	inferred
Royal Historical Society of Victoria Inc	1000	1991	AU-ABN-36520675471	reported
Riding for the Disabled Association of Victoria Inc	2793	1991	AU-ABN-20130814132	reported
Presbyterian and Scots' Church Joint Mission - St Kilda	1000	1991	AU-ABN-78971273244	inferred
National Trust of Australia (Victoria)	1000	1991	AU-ABN-61004356192	reported
Monash University	1200	1991	AU-ABN-12377614012	reported
Monash University	3000	1991	AU-ABN-12377614012	reported
Monash Institute of Medical Research	50000	1991	AU-ABN-48132025024	inferred
Lord Mayor's Charitable Fund	25000	1991	AU-ABN-63635798473	reported
Interchange Outer East	1500	1991	AU-ABN-65711736371	inferred
Eventide Homes (Stawell) Inc	30000	1991	AU-ABN-26648709275	reported
Council for Christian Education in Schools	2500	1991	AU-ABN-59004240779	inferred
Cottage by the Sea Queenscliff Inc	10000	1991	AU-ABN-21987748593	reported
Biala Peninsula Inc	2500	1991	AU-ABN-84595614257	inferred
Bellarine Community Health Inc	50000	1991	AU-ABN-96536879169	inferred
Autistic Citizen's Residential & Resources Society of Vic Inc	500	1991	AU-ABN-42203652492	inferred
Arts Centre Melbourne	2500	1991	AU-GOV-405359	reported
Anglicare Victoria	4500	1991	AU-ABN-97397067466	reported
Able Australia Services	1000	1991	AU-ABN-83024339234	reported
Family Life	500	1991	AU-ABN-37712782209	inferred
VincentCare	13080	1991	AU-ABN-53094807280	inferred
Trinity College	25000	1991	AU-ABN-39485211746	reported
The Royal Victorian Eye And Ear Hospital	100000	1991	AU-GOV-281989	inferred
Royal Freemasons' Homes of Victoria	20000	1991	AU-ABN-97236076288	inferred
Odyssey House Victoria	4000	1991	AU-ABN-11005583960	reported
Nathalia & District Hostel for the Aged Association	10000	1991	AU-ABN-73508659357	inferred
Berry Street Victoria	2000	1991	AU-ABN-24719196762	inferred
Vision Australia Foundation	15000	1991	AU-ABN-91007428284	reported
Victoria University	35000	1991	AU-ABN-83776954731	reported
State Library of Victoria	36000	1991	AU-GOV-278027	inferred
Northern Health	21000	1991	AU-GOV-280115	reported
Monash University	14905	1991	AU-ABN-12377614012	reported
Lewis Court Home for the Aged Inc	17200	1991	AU-ABN-78829615870	inferred
Vision Australia Limited	20000	1990	AU-ABN-67108391831	reported
University of Melbourne	10000	1990	AU-ABN-84002705224	reported
University of Melbourne	10702	1990	AU-ABN-84002705224	reported
University of Melbourne	6398	1990	AU-ABN-84002705224	reported
University of Melbourne	7500	1990	AU-ABN-84002705224	reported
Uniting (Victoria and Tasmania) Ltd	10000	1990	AU-ABN-81098317125	inferred
The Royal Melbourne Hospital	100000	1990	AU-GOV-717569	inferred
The Royal Children's Hospital Foundation Limited	10000	1990	AU-ABN-15007143142	reported
The Lost Dogs Home	5000	1990	AU-ABN-84004789726	inferred
Royal Society for the Prevention of Cruelty to Animals	2000	1990	AU-ABN-71723781546	inferred
Robinvale Committee for the Ageing Inc	20000	1990	AU-ABN-68923182548	inferred
Ormond College	54000	1990	AU-ABN-47603318314	inferred
Odyssey House Victoria	2300	1990	AU-ABN-11005583960	reported
Museum Victoria	4500	1990	AU-GOV-295636	inferred
Museum Victoria	34500	1990	AU-GOV-295636	inferred
MS Australia	20000	1990	AU-ABN-11633632872	inferred
Monash University	5000	1990	AU-ABN-12377614012	reported
Monash University	9700	1990	AU-ABN-12377614012	reported
Melbourne City Mission	28470	1990	AU-ABN-56161846149	reported
Melbourne Business School	200000	1990	AU-ABN-80007268233	inferred
Marcus Oldham College	25000	1990	AU-ABN-50071444409	reported
Mallee Family Care Inc	1000	1990	AU-ABN-32085588656	inferred
Guide Dogs Victoria	500	1990	AU-ABN-68004621461	reported
Gippsland Southern Health Service	10000	1990	AU-ABN-55344811591	reported
Eva Tilley Memorial Home Inc.	25000	1990	AU-ABN-43260282081	inferred
Cooinda Terang Inc	2000	1990	AU-ABN-76787282761	reported
Buoyancy Foundation Of Victoria Inc	500	1990	AU-ABN-37932479648	inferred
Brighton Grammar School Foundation - Brighton	2500	1990	AU-ABN-81007141488	inferred
Alzheimer's Australia Vic	2000	1990	AU-ABN-14671840186	inferred
Kids First Australia	500	1990	AU-ABN-52303567862	inferred
Gippsland Southern Health Service	10000	1990	AU-ABN-55344811591	reported
Drummond Street Services	1000	1990	AU-ABN-85690831425	inferred
Vision Australia Foundation	50000	1990	AU-ABN-91007428284	reported
Wintringham	50000	1990	AU-ABN-97007293478	inferred
Bayley House	1000	1990	AU-ABN-79262349071	reported
Lord Mayor's Charitable Fund	10000	1990	AU-ABN-63635798473	reported
The Royal Children's Hospital Foundation Limited	10000	1990	AU-ABN-15007143142	reported
Vision Australia Foundation	17064	1990	AU-ABN-91007428284	reported
Cottage by the Sea Queenscliff Inc	10000	1990	AU-ABN-21987748593	reported
Baker IDI Heart and Diabetes Institute	10000	1990	AU-ABN-98131762948	inferred
University of Melbourne	10000	1990	AU-ABN-84002705224	reported
Woodbine	10600	1989	AU-ABN-54139944572	inferred
Wollangarra	2000	1989	AU-ABN-44395948159	inferred
Vision Australia Limited	10000	1989	AU-ABN-67108391831	reported
University of Melbourne	5000	1989	AU-ABN-84002705224	reported
University of Melbourne	6562	1989	AU-ABN-84002705224	reported
University College	10000	1989	AU-ABN-91004224211	reported
Uniting (Victoria and Tasmania) Ltd	3000	1989	AU-ABN-81098317125	inferred
TRY Australia Children's Services	1000	1989	AU-ABN-17157351722	reported
Trinity College	40000	1989	AU-ABN-39485211746	reported
Trinity College	10000	1989	AU-ABN-39485211746	reported
Travellers Aid Australia	1000	1989	AU-ABN-79004080862	reported
The Royal Children's Hospital Foundation Limited	250000	1989	AU-ABN-15007143142	reported
The Royal Children's Hospital Foundation Limited	5000	1989	AU-ABN-15007143142	reported
The Lost Dogs Home	10000	1989	AU-ABN-84004789726	inferred
The Lost Dogs Home	5000	1989	AU-ABN-84004789726	inferred
State Library of Victoria	35000	1989	AU-GOV-278027	inferred
St Paul's Cathedral	10000	1989	AU-ABN-24056161515	inferred
St Mark's Community Centre	1000	1989	AU-ABN-35967059134	inferred
St John Ambulance Australia (Victoria) Inc	2500	1989	AU-ABN-69061844380	inferred
Royal Society for the Prevention of Cruelty to Animals	2500	1989	AU-ABN-71723781546	inferred
Royal Freemasons' Homes of Victoria	20000	1989	AU-ABN-97236076288	inferred
Ridley College	25000	1989	AU-ABN-14004087450	reported
Queen's College	10000	1989	AU-ABN-58637295973	inferred
Presbyterian and Scots' Church Joint Mission - St Kilda	2000	1989	AU-ABN-78971273244	inferred
National Trust of Australia (Victoria)	5000	1989	AU-ABN-61004356192	reported
Monash University	5000	1989	AU-ABN-12377614012	reported
Monash University	5000	1989	AU-ABN-12377614012	reported
Monash University	15000	1989	AU-ABN-12377614012	reported
Mission to Seafarers Victoria Inc	2100	1989	AU-ABN-18630990996	inferred
Melbourne Legacy	10000	1989	AU-ABN-78043769632	inferred
Melbourne City Mission	10000	1989	AU-ABN-56161846149	reported
Mallee Family Care Inc	10000	1989	AU-ABN-32085588656	inferred
Lady Gowrie Child Centre (Melbourne) Inc	1000	1989	AU-ABN-27625198252	inferred
Guide Dogs Victoria	5000	1989	AU-ABN-68004621461	reported
Girl Guides Association of Victoria	10000	1989	AU-ABN-59533729847	reported
Girl Guides Association of Victoria	2000	1989	AU-ABN-59533729847	reported
Don Bosco Brunswick Youth Foundation Inc	500	1989	AU-ABN-34446626051	inferred
Dame Pattie Menzies Centre Inc	10000	1989	AU-ABN-51724115911	reported
Crossley House Hostel	25000	1989	AU-ABN-77845676470	inferred
Church of all Nations	500	1989	AU-ABN-82514156501	reported
Cancer Council Victoria	250000	1989	AU-ABN-61426486715	reported
Berry Street Victoria	2000	1989	AU-ABN-24719196762	inferred
Bayley House	60000	1989	AU-ABN-79262349071	reported
Autistic Citizen's Residential & Resources Society of Vic Inc	2000	1989	AU-ABN-42203652492	inferred
Autistic Citizen's Residential & Resources Society of Vic Inc	2000	1989	AU-ABN-42203652492	inferred
Anglican Parish Of Christ Church - Beechworth	2000	1989	AU-ABN-69003741730	inferred
Baker IDI Heart and Diabetes Institute	10000	1989	AU-ABN-98131762948	inferred
The Royal Children's Hospital Foundation Limited	2500	1989	AU-ABN-15007143142	reported
Drummond Street Services	2000	1989	AU-ABN-85690831425	inferred
Mission to Seafarers Victoria Inc	10000	1989	AU-ABN-18630990996	inferred
Royal Society for the Prevention of Cruelty to Animals	10000	1989	AU-ABN-71723781546	inferred
BirdLife Australia	100000	1989	AU-ABN-75149124774	reported
Lord Mayor's Charitable Fund	5000	1989	AU-ABN-63635798473	reported
Wimmera Hearing Society Inc	500	1989	AU-ABN-27003529639	reported
The Royal Children's Hospital Foundation Limited	5000	1989	AU-ABN-15007143142	reported
Kids First Australia	500	1989	AU-ABN-52303567862	inferred
Ballarat Health Services	50000	1989	AU-GOV-294441	reported
Council for Christian Education in Schools	1000	1989	AU-ABN-59004240779	inferred
University of Melbourne	250000	1989	AU-ABN-84002705224	reported
The Royal Children's Hospital Foundation Limited	42991	1989	AU-ABN-15007143142	reported
Noah's Ark Inc	2000	1989	AU-ABN-53172346047	reported
Eventide Homes (Stawell) Inc	25000	1989	AU-ABN-26648709275	reported
Cottage by the Sea Queenscliff Inc	9500	1989	AU-ABN-21987748593	reported
Children Australia Inc	50000	1989	AU-ABN-90680959928	reported
Able Australia Services	2000	1989	AU-ABN-83024339234	reported
Melbourne City Mission	9300	1989	AU-ABN-56161846149	reported
Youth Projects Inc	500	1988	AU-ABN-68149618486	inferred
Yooralla	5000	1988	AU-ABN-14005304432	reported
Woodbine	1500	1988	AU-ABN-54139944572	inferred
Vision Australia Limited	25000	1988	AU-ABN-67108391831	reported
Vision Australia Foundation	50000	1988	AU-ABN-91007428284	reported
VincentCare	5000	1988	AU-ABN-53094807280	inferred
VincentCare	2500	1988	AU-ABN-53094807280	inferred
Victorian YMCA Youth & Community Services Inc	1500	1988	AU-ABN-42858439742	reported
Victoria University	10000	1988	AU-ABN-83776954731	reported
Uniting (Victoria and Tasmania) Ltd	2000	1988	AU-ABN-81098317125	inferred
Uniting (Victoria and Tasmania) Ltd	3000	1988	AU-ABN-81098317125	inferred
The Salvation Army (Victoria) Property Trust	10000	1988	AU-ABN-64472238844	inferred
St Mark's Community Centre	6000	1988	AU-ABN-35967059134	inferred
Solve Disability Solutions	500	1988	AU-ABN-16294381734	inferred
Royal Life Saving Society Australia - Victoria Branch	5000	1988	AU-ABN-92279975269	inferred
Royal Historical Society of Victoria Inc	5000	1988	AU-ABN-36520675471	reported
Preston Neighbourhood House	2000	1988	AU-ABN-66801857062	inferred
Open House Christian Involvement Centres	1000	1988	AU-ABN-13005130272	reported
Odyssey House Victoria	10000	1988	AU-ABN-11005583960	reported
MS Australia	25000	1988	AU-ABN-11633632872	inferred
Monash University	5000	1988	AU-ABN-12377614012	reported
Monash University	10000	1988	AU-ABN-12377614012	reported
Monash University	5000	1988	AU-ABN-12377614012	reported
Lord Somers Camp and Power House	2000	1988	AU-ABN-96004505373	reported
Lewis Court Home for the Aged Inc	5000	1988	AU-ABN-78829615870	inferred
La Trobe University	4805	1988	AU-ABN-39855783198	reported
Jewish Care (Victoria) Inc	1000	1988	AU-ABN-78345431247	reported
Guide Dogs Victoria	1000	1988	AU-ABN-68004621461	reported
Good Shepherd Australia New Zealand	5000	1988	AU-ABN-61354551576	reported
Family Life	2000	1988	AU-ABN-37712782209	inferred
Don Bosco Brunswick Youth Foundation Inc	1000	1988	AU-ABN-34446626051	inferred
Collingwood Children's Inner City Farm	2000	1988	AU-ABN-41355818979	inferred
City of Ballarat Fine Art Gallery	1000	1988	AU-ABN-28145246224	inferred
Child & Family Services Ballarat Inc	5000	1988	AU-ABN-83786843940	reported
Caulfield Grammar School	2500	1988	AU-ABN-79004170772	reported
Brotherhood of St Laurence	2000	1988	AU-ABN-24603467024	reported
Brite Services	500	1988	AU-ABN-47114989650	reported
Black Rock Life Saving Club Inc	1000	1988	AU-ABN-51903763953	reported
Berry Street Victoria	2000	1988	AU-ABN-24719196762	inferred
Bayley House	5000	1988	AU-ABN-79262349071	reported
Baker IDI Heart and Diabetes Institute	15000	1988	AU-ABN-98131762948	inferred
Autistic Citizen's Residential & Resources Society of Vic Inc	5000	1988	AU-ABN-42203652492	inferred
Australian Academy of Technological Sciences and Engineering	5000	1988	AU-ABN-58008520394	inferred
Arts Centre Melbourne	3000	1988	AU-GOV-405359	reported
Interchange Outer East	1000	1988	AU-ABN-65711736371	inferred
Council for Christian Education in Schools	1000	1988	AU-ABN-59004240779	inferred
The Australian Ballet	25000	1988	AU-ABN-57004849987	reported
Melbourne City Mission	10000	1988	AU-ABN-56161846149	reported
Children Australia Inc	10000	1988	AU-ABN-90680959928	reported
Trust For Nature (Victoria)	10000	1988	AU-ABN-60292993543	reported
The Royal Children's Hospital Foundation Limited	10000	1988	AU-ABN-15007143142	reported
Vision Australia Foundation	15000	1988	AU-ABN-91007428284	reported
Baker IDI Heart and Diabetes Institute	15000	1988	AU-ABN-98131762948	inferred
Kildonan UnitingCare	6500	1988	AU-ABN-11805856055	inferred
VincentCare	5000	1988	AU-ABN-53094807280	inferred
University of Melbourne	10000	1988	AU-ABN-84002705224	reported
Queen's College	10000	1988	AU-ABN-58637295973	inferred
Open House Christian Involvement Centres	5000	1988	AU-ABN-13005130272	reported
Mulleraterong Centre Inc	5000	1988	AU-ABN-84250151244	reported
Monash University	5000	1988	AU-ABN-12377614012	reported
Monash University	5000	1988	AU-ABN-12377614012	reported
Lord Mayor's Charitable Fund	10000	1988	AU-ABN-63635798473	reported
Eventide Homes (Stawell) Inc	10000	1988	AU-ABN-26648709275	reported
Cancer Council Victoria	5000	1988	AU-ABN-61426486715	reported
Kids First Australia	5000	1988	AU-ABN-52303567862	inferred
The Royal Melbourne Hospital	10000	1988	AU-GOV-717569	inferred
Monash University	5000	1988	AU-ABN-12377614012	reported
Solve Disability Solutions	5000	1987	AU-ABN-16294381734	inferred
Museum Victoria	25000	1987	AU-GOV-295636	inferred
Eltham College	4000	1987	AU-ABN-31004992750	reported
Monash University	2500	1987	AU-ABN-12377614012	reported
St Margaret's School	10000	1987	AU-ABN-49004260995	inferred
University of Melbourne	4350	1987	AU-ABN-84002705224	reported
The Scout Association of Australia Victorian Branch Scouts Victoria	1000	1987	AU-ABN-39662387026	inferred
State Library of Victoria	11500	1987	AU-GOV-278027	inferred
St John Ambulance Australia (Victoria) Inc	5000	1987	AU-ABN-69061844380	inferred
Open House Christian Involvement Centres	1000	1987	AU-ABN-13005130272	reported
Murdoch Children's Research Institute	250000	1987	AU-ABN-21006566972	reported
Melbourne City Mission	2000	1987	AU-ABN-56161846149	reported
Girl Guides Association of Victoria	10000	1987	AU-ABN-59533729847	reported
Brotherhood of St Laurence	1000	1987	AU-ABN-24603467024	reported
Biala Peninsula Inc	10000	1987	AU-ABN-84595614257	inferred
Autistic Citizen's Residential & Resources Society of Vic Inc	2000	1987	AU-ABN-42203652492	inferred
Australian Centre for Contemporary Art	20000	1987	AU-ABN-53089604277	reported
Able Australia Services	2000	1987	AU-ABN-83024339234	reported
Victorian Council of Social Service	5000	1987	AU-ABN-23005014988	reported
Northern Health	25000	1987	AU-GOV-280115	reported
Victorian YMCA Youth & Community Services Inc	1000	1986	AU-ABN-42858439742	reported
Very Special Kids	2000	1986	AU-ABN-86109832091	reported
Trust For Nature (Victoria)	25000	1986	AU-ABN-60292993543	reported
Monash University	18904	1986	AU-ABN-12377614012	reported
Mallee Family Care Inc	5000	1986	AU-ABN-32085588656	inferred
La Trobe University	5000	1986	AU-ABN-39855783198	reported
Kids First Australia	2000	1986	AU-ABN-52303567862	inferred
Jewish Care (Victoria) Inc	1000	1986	AU-ABN-78345431247	reported
Good Shepherd Australia New Zealand	5000	1986	AU-ABN-61354551576	reported
Children Australia Inc	2500	1986	AU-ABN-90680959928	reported
Caulfield Grammar School	10000	1986	AU-ABN-79004170772	reported
Cancer Council Victoria	5000	1986	AU-ABN-61426486715	reported
Ballarat Hospice Care Inc	5000	1986	AU-ABN-41839611725	inferred
Baker IDI Heart and Diabetes Institute	15000	1986	AU-ABN-98131762948	inferred
Uniting (Victoria and Tasmania) Ltd	2820	1986	AU-ABN-81098317125	inferred
Woodbine	1000	1986	AU-ABN-54139944572	inferred
VincentCare	2000	1986	AU-ABN-53094807280	inferred
University of Melbourne	2000	1986	AU-ABN-84002705224	reported
Mount Scopus Memorial College	500	1986	AU-ABN-58007240146	inferred
Lady Gowrie Child Centre (Melbourne) Inc	1000	1986	AU-ABN-27625198252	inferred
Ivanhoe Grammar School	10000	1986	AU-ABN-69004083247	inferred
Fronditha Care Inc	5000	1986	AU-ABN-71424124816	inferred
Don Bosco Brunswick Youth Foundation Inc	1000	1986	AU-ABN-34446626051	inferred
Brotherhood of St Laurence	5000	1986	AU-ABN-24603467024	reported
Berry Street Victoria	10000	1986	AU-ABN-24719196762	inferred
The Salvation Army (Victoria) Property Trust	10000	1986	AU-ABN-64472238844	inferred
Trust For Nature (Victoria)	8500	1986	AU-ABN-60292993543	reported
St Andrew's Hospital	10000	1986	AU-ABN-24589292505	inferred
The Royal Children's Hospital Foundation Limited	10000	1986	AU-ABN-15007143142	reported
St Kilda Community Group Ltd.	5000	1986	AU-ABN-20123193117	inferred
Portsea Surf Life Saving Club Limited	5000	1986	AU-ABN-69006114727	inferred
Museum of Chinese Australian History Inc	10000	1986	AU-ABN-75132318160	inferred
Monash University	10000	1986	AU-ABN-12377614012	reported
Melbourne Legacy	10000	1986	AU-ABN-78043769632	inferred
Lewis Court Home for the Aged Inc	5000	1986	AU-ABN-78829615870	inferred
Guide Dogs Victoria	10000	1986	AU-ABN-68004621461	reported
Good Shepherd Australia New Zealand	4500	1986	AU-ABN-61354551576	reported
Family Life	5000	1986	AU-ABN-37712782209	inferred
Buoyancy Foundation Of Victoria Inc	2500	1986	AU-ABN-37932479648	inferred
BirdLife Australia	10000	1986	AU-ABN-75149124774	reported
Wye River Surf Life Saving Club	5000	1986	AU-ABN-25294896448	inferred
The Smith Family	5000	1986	AU-ABN-28000030179	reported
St Patrick's College	5000	1986	AU-ABN-26002692748	reported
University of Melbourne	5000	1986	AU-ABN-84002705224	reported
St Martins Youth Arts Centre	2000	1986	AU-ABN-15005633750	inferred
Ridley College	15000	1986	AU-ABN-14004087450	reported
St Vincent's Institute of Medical Research	25000	1986	AU-ABN-52004705640	inferred
Uniting (Victoria and Tasmania) Ltd	5000	1986	AU-ABN-81098317125	inferred
Monash University	3000	1986	AU-ABN-12377614012	reported
Victorian Council on the Ageing	2500	1986	AU-ABN-81960500420	inferred
Trinity College	25000	1986	AU-ABN-39485211746	reported
St John Ambulance Australia (Victoria) Inc	7000	1986	AU-ABN-69061844380	inferred
Sacre Coeur	10000	1986	AU-ABN-75465146609	reported
Open House Christian Involvement Centres	5000	1986	AU-ABN-13005130272	reported
Noah's Ark Inc	5000	1986	AU-ABN-53172346047	reported
Eltham College	2000	1986	AU-ABN-31004992750	reported
Cottage by the Sea Queenscliff Inc	5000	1986	AU-ABN-21987748593	reported
Collingwood Children's Inner City Farm	2500	1986	AU-ABN-41355818979	inferred
Children Australia Inc	2500	1986	AU-ABN-90680959928	reported
Brotherhood of St Laurence	1000	1986	AU-ABN-24603467024	reported
Baptcare Ltd	5000	1986	AU-ABN-12069130463	reported
Action on Disability within Ethnic Communities	2500	1986	AU-ABN-32390500229	inferred
Children Australia Inc	5000	1986	AU-ABN-90680959928	reported
The Royal Melbourne Hospital	10000	1986	AU-GOV-717569	inferred
Northern Health	25000	1986	AU-GOV-280115	reported
Inner East Foster Care	5000	1986	AU-ABN-63059643880	inferred
Ballarat Health Services	5000	1985	AU-GOV-294441	reported
Vision Australia Foundation	20000	1985	AU-ABN-91007428284	reported
Walter and Eliza Hall Institute of Medical Research	10000	1985	AU-ABN-12004251423	inferred
Trust For Nature (Victoria)	5000	1985	AU-ABN-60292993543	reported
St Mark's Community Centre	5000	1985	AU-ABN-35967059134	inferred
Royal Freemasons' Homes of Victoria	20000	1985	AU-ABN-97236076288	inferred
Rossbourne School	10000	1985	AU-ABN-39004717300	reported
National Heart Foundation of Australia (Victorian Division)	5000	1985	AU-ABN-25004463334	reported
MS Australia	10000	1985	AU-ABN-11633632872	inferred
Mercy Hospitals Victoria Ltd	5000	1985	AU-ABN-74762230429	inferred
Lord Mayor's Charitable Fund	5000	1985	AU-ABN-63635798473	reported
Cancer Council Victoria	5000	1985	AU-ABN-61426486715	reported
Brotherhood of St Laurence	5000	1985	AU-ABN-24603467024	reported
Bellarine Peninsula Elderly Peoples Home	2000	1985	AU-ABN-64349701639	inferred
Uniting (Victoria and Tasmania) Ltd	1670	1985	AU-ABN-81098317125	inferred
Drummond Street Services	9000	1985	AU-ABN-85690831425	inferred
Castlemaine Art Gallery and Historical Museum	5000	1985	AU-ABN-84309124147	inferred
The Salvation Army (Victoria) Property Trust	5000	1985	AU-ABN-64472238844	inferred
Statewide Autistic Services Inc	500	1985	AU-ABN-43511367128	inferred
Eva Tilley Memorial Home Inc.	2000	1985	AU-ABN-43260282081	inferred
Barwon Health	5000	1985	AU-GOV-288160	reported
Woodbine	2500	1985	AU-ABN-54139944572	inferred
University College	5000	1985	AU-ABN-91004224211	reported
Monash University	2500	1985	AU-ABN-12377614012	reported
Interchange Outer East	2500	1985	AU-ABN-65711736371	inferred
Good Shepherd Australia New Zealand	3500	1985	AU-ABN-61354551576	reported
Don Bosco Brunswick Youth Foundation Inc	5000	1985	AU-ABN-34446626051	inferred
Buoyancy Foundation Of Victoria Inc	2500	1985	AU-ABN-37932479648	inferred
Uniting (Victoria and Tasmania) Ltd	6000	1985	AU-ABN-81098317125	inferred
Victorian YMCA Youth & Community Services Inc	2500	1985	AU-ABN-42858439742	reported
Sovereign Hill Museum Association	5000	1985	AU-ABN-87565053651	inferred
Royal Historical Society of Victoria Inc	10000	1985	AU-ABN-36520675471	reported
Old Colonists' Association of Victoria	10000	1985	AU-ABN-15660751609	inferred
Lord Mayor's Charitable Fund	10000	1985	AU-ABN-63635798473	reported
Lady Gowrie Child Centre (Melbourne) Inc	1000	1985	AU-ABN-27625198252	inferred
Girl Guides Association of Victoria	2500	1985	AU-ABN-59533729847	reported
Family Life	2500	1985	AU-ABN-37712782209	inferred
Child & Family Services Ballarat Inc	2500	1985	AU-ABN-83786843940	reported
Mount Scopus Memorial College	500	1985	AU-ABN-58007240146	inferred
Vision Australia Foundation	15000	1985	AU-ABN-91007428284	reported
Victorian Council of Social Service	5000	1985	AU-ABN-23005014988	reported
Zoos Victoria	10000	1985	AU-GOV-403321	reported
Victorian Council of Social Service	3000	1985	AU-ABN-23005014988	reported
Trust For Nature (Victoria)	2500	1985	AU-ABN-60292993543	reported
The Royal Children's Hospital Foundation Limited	10000	1985	AU-ABN-15007143142	reported
Royal Life Saving Society Australia - Victoria Branch	500	1985	AU-ABN-92279975269	inferred
Open House Christian Involvement Centres	500	1985	AU-ABN-13005130272	reported
Mittagundi Outdoor Education Centre - Omeo	660	1985	AU-ABN-41005502625	inferred
Eltham College	2000	1985	AU-ABN-31004992750	reported
Lorne Community Hospital	1000	1985	AU-ABN-29191876319	reported
The Scout Association of Australia Victorian Branch Scouts Victoria	5000	1985	AU-ABN-39662387026	inferred
Uniting (Victoria and Tasmania) Ltd	7760	1985	AU-ABN-81098317125	inferred
Rochester and Elmore District Health Service	5000	1985	AU-ABN-76670975935	inferred
Lorne Community Hospital	5000	1985	AU-ABN-29191876319	reported
Monash University	2500	1985	AU-ABN-12377614012	reported
Walter and Eliza Hall Institute of Medical Research	15000	1985	AU-ABN-12004251423	inferred
Vision Australia Limited	2500	1985	AU-ABN-67108391831	reported
The Royal Melbourne Hospital	10000	1985	AU-GOV-717569	inferred
Murdoch Children's Research Institute	50000	1985	AU-ABN-21006566972	reported
Interchange Outer East	2000	1985	AU-ABN-65711736371	inferred
Drummond Street Services	2000	1985	AU-ABN-85690831425	inferred
City of Melbourne	1000	1985	AU-ABN-55370219287	inferred
Bayley House	2000	1985	AU-ABN-79262349071	reported
Action on Disability within Ethnic Communities	2000	1985	AU-ABN-32390500229	inferred
Lady Gowrie Child Centre (Melbourne) Inc	2500	1985	AU-ABN-27625198252	inferred
Berry Street Victoria	4369	1984	AU-ABN-24719196762	inferred
Able Australia Services	5000	1984	AU-ABN-83024339234	reported
Caulfield Grammar School	25000	1984	AU-ABN-79004170772	reported
St Martins Youth Arts Centre	2000	1984	AU-ABN-15005633750	inferred
St Andrew's Hospital	10000	1984	AU-ABN-24589292505	inferred
Fairhaven Surf Life Saving Club	15000	1984	AU-ABN-46931223741	inferred
Eventide Homes (Stawell) Inc	5000	1984	AU-ABN-26648709275	reported
Rossbourne School	5000	1984	AU-ABN-39004717300	reported
Melbourne Business School	100000	1984	AU-ABN-80007268233	inferred
Eltham College	4000	1984	AU-ABN-31004992750	reported
VincentCare	5000	1984	AU-ABN-53094807280	inferred
Victorian Council of Social Service	5000	1984	AU-ABN-23005014988	reported
Trust For Nature (Victoria)	2500	1984	AU-ABN-60292993543	reported
Statewide Autistic Services Inc	1000	1984	AU-ABN-43511367128	inferred
City of Ballarat Fine Art Gallery	5000	1984	AU-ABN-28145246224	inferred
Carey Baptist Grammar School Foundation Limited	5000	1984	AU-ABN-83051576062	inferred
Brotherhood of St Laurence	5000	1984	AU-ABN-24603467024	reported
Ballarat Regional Industries Centre Inc	5000	1984	AU-ABN-79684755755	inferred
Woodbine	2000	1984	AU-ABN-54139944572	inferred
Preston Neighbourhood House	2000	1984	AU-ABN-66801857062	inferred
Lord Mayor's Charitable Fund	5000	1984	AU-ABN-63635798473	reported
International Social Service Australia	500	1984	AU-ABN-12004508641	reported
Guide Dogs Victoria	2500	1984	AU-ABN-68004621461	reported
Freemasons Hospital	10000	1984	AU-ABN-53074431708	reported
Family Life	2000	1984	AU-ABN-37712782209	inferred
Don Bosco Brunswick Youth Foundation Inc	2000	1984	AU-ABN-34446626051	inferred
Cottage by the Sea Queenscliff Inc	5000	1984	AU-ABN-21987748593	reported
Buoyancy Foundation Of Victoria Inc	1000	1984	AU-ABN-37932479648	inferred
Brotherhood of St Laurence	3500	1984	AU-ABN-24603467024	reported
Walter and Eliza Hall Institute of Medical Research	20000	1984	AU-ABN-12004251423	inferred
St John Ambulance Australia (Victoria) Inc	2200	1984	AU-ABN-69061844380	inferred
Mambourin Enterprises Inc	1000	1984	AU-ABN-41725993025	inferred
La Trobe University	5000	1984	AU-ABN-39855783198	reported
Solve Disability Solutions	5000	1984	AU-ABN-16294381734	inferred
Monash University	1000	1984	AU-ABN-12377614012	reported
Taskforce Community Agency Inc	5000	1984	AU-ABN-48909624457	reported
La Trobe University	1000	1984	AU-ABN-39855783198	reported
Children Australia Inc	500	1984	AU-ABN-90680959928	reported
University of Melbourne	5000	1983	AU-ABN-84002705224	reported
Trust For Nature (Victoria)	1000	1983	AU-ABN-60292993543	reported
Mercy Hospitals Victoria Ltd	10000	1983	AU-ABN-74762230429	inferred
Children Australia Inc	10000	1983	AU-ABN-90680959928	reported
Better Hearing Australia Incorporated	2500	1983	AU-ABN-86908024101	reported
Berry Street Victoria	1000	1983	AU-ABN-24719196762	inferred
Baptcare Ltd	1000	1983	AU-ABN-12069130463	reported
Bellarine Peninsula Elderly Peoples Home	2500	1983	AU-ABN-64349701639	inferred
The Scout Association of Australia Victorian Branch Scouts Victoria	2500	1983	AU-ABN-39662387026	inferred
Uniting (Victoria and Tasmania) Ltd	1000	1983	AU-ABN-81098317125	inferred
Victorian Aboriginal Health Service Co-operative Limited	10000	1983	AU-ABN-51825578859	inferred
University of Melbourne	5000	1983	AU-ABN-84002705224	reported
Drummond Street Services	2000	1983	AU-ABN-85690831425	inferred
Centre for Excellence in Child and Family Welfare	1000	1983	AU-ABN-24629376672	inferred
Cancer Council Victoria	1000	1983	AU-ABN-61426486715	reported
Brotherhood of St Laurence	1000	1983	AU-ABN-24603467024	reported
Zoos Victoria	5000	1983	AU-GOV-403321	reported
Victorian YMCA Youth & Community Services Inc	2500	1983	AU-ABN-42858439742	reported
Statewide Autistic Services Inc	2500	1983	AU-ABN-43511367128	inferred
Ridley College	10000	1983	AU-ABN-14004087450	reported
Odyssey House Victoria	10000	1983	AU-ABN-11005583960	reported
Mansfield District Hospital	2500	1983	AU-ABN-65866548895	reported
Carry On Victoria	500	1983	AU-ABN-67004508936	inferred
Deakin University	7000	1983	AU-ABN-56721584203	reported
Melbourne City Mission	1000	1983	AU-ABN-56161846149	reported
Lord Mayor's Charitable Fund	2500	1983	AU-ABN-63635798473	reported
Lady Gowrie Child Centre (Melbourne) Inc	2500	1983	AU-ABN-27625198252	inferred
Karingal Inc	2500	1983	AU-ABN-97468305401	reported
Interchange Outer East	2000	1983	AU-ABN-65711736371	inferred
Heathmont Inter Church Help Inc	250	1983	AU-ABN-75215221903	reported
Geelong Hospice Care Association	10000	1983	AU-ABN-25005964723	reported
Yea And District Memorial Hospital	5000	1983	AU-ABN-89549896178	inferred
The Royal Melbourne Hospital	10000	1983	AU-GOV-717569	inferred
MS Australia	5000	1983	AU-ABN-11633632872	inferred
Taskforce Community Agency Inc	5000	1983	AU-ABN-48909624457	reported
La Trobe University	5000	1983	AU-ABN-39855783198	reported
Yooralla	2000	1983	AU-ABN-14005304432	reported
Woodbine	2000	1983	AU-ABN-54139944572	inferred
Sunshine Christian School	500	1983	AU-ABN-70480364791	reported
St John Ambulance Australia (Victoria) Inc	1000	1983	AU-ABN-69061844380	inferred
Preston Neighbourhood House	5000	1983	AU-ABN-66801857062	inferred
International Social Service Australia	500	1983	AU-ABN-12004508641	reported
Hanover Welfare Services	1900	1983	AU-ABN-89742307083	reported
Family Life	2000	1983	AU-ABN-37712782209	inferred
Berry Street Victoria	2000	1983	AU-ABN-24719196762	inferred
Bayley House	2000	1983	AU-ABN-79262349071	reported
Able Australia Services	2000	1983	AU-ABN-83024339234	reported
St John Ambulance Australia (Victoria) Inc	2000	1983	AU-ABN-69061844380	inferred
Cottage by the Sea Queenscliff Inc	2000	1983	AU-ABN-21987748593	reported
Bellarine Peninsula Elderly Peoples Home	5000	1983	AU-ABN-64349701639	inferred
Freemasons Hospital	20000	1983	AU-ABN-53074431708	reported
BirdLife Australia	15000	1983	AU-ABN-75149124774	reported
Arts Centre Melbourne	10000	1983	AU-GOV-405359	reported
Vision Australia Foundation	5000	1983	AU-ABN-91007428284	reported
Royal Freemasons' Homes of Victoria	20000	1983	AU-ABN-97236076288	inferred
Noah's Ark Inc	2000	1983	AU-ABN-53172346047	reported
Deakin University	7000	1983	AU-ABN-56721584203	reported
Dame Pattie Menzies Centre Inc	2500	1983	AU-ABN-51724115911	reported
St Andrew's Hospital	5000	1983	AU-ABN-24589292505	inferred
Wye River Surf Life Saving Club	5000	1983	AU-ABN-25294896448	inferred
Collingwood Children's Inner City Farm	5000	1982	AU-ABN-41355818979	inferred
St Leonard's College - East Brighton	25000	1982	AU-ABN-52006106556	inferred
Statewide Autistic Services Inc	2000	1982	AU-ABN-43511367128	inferred
Children Australia Inc	10000	1982	AU-ABN-90680959928	reported
Walter and Eliza Hall Institute of Medical Research	28000	1982	AU-ABN-12004251423	inferred
Trust For Nature (Victoria)	5000	1982	AU-ABN-60292993543	reported
Mittagundi Outdoor Education Centre - Omeo	3000	1982	AU-ABN-41005502625	inferred
Embroiderers Guild of Victoria	10000	1982	AU-ABN-55784352006	inferred
Drummond Street Services	2000	1982	AU-ABN-85690831425	inferred
Cooinda Terang Inc	2500	1982	AU-ABN-76787282761	reported
Cancer Council Victoria	1000	1982	AU-ABN-61426486715	reported
Melbourne City Mission	10000	1982	AU-ABN-56161846149	reported
University of Melbourne	2000	1982	AU-ABN-84002705224	reported
Kildonan UnitingCare	75000	1982	AU-ABN-11805856055	inferred
Odyssey House Victoria	25000	1982	AU-ABN-11005583960	reported
Crossley House Hostel	2000	1982	AU-ABN-77845676470	inferred
Brotherhood of St Laurence	1000	1982	AU-ABN-24603467024	reported
Ballarat Health Services	5000	1982	AU-GOV-294441	reported
Epworth Foundation	5000	1982	AU-ABN-97420694950	reported
Children Australia Inc	1000	1982	AU-ABN-90680959928	reported
St Michael's Grammar School Appeal	2500	1982	AU-ABN-12006421861	inferred
University of Melbourne	5000	1982	AU-ABN-84002705224	reported
St Vincent's Hospital (Melbourne) Limited	2000	1982	AU-ABN-22052110755	inferred
Family Life	3000	1982	AU-ABN-37712782209	inferred
Don Bosco Brunswick Youth Foundation Inc	2000	1982	AU-ABN-34446626051	inferred
Buoyancy Foundation Of Victoria Inc	1000	1982	AU-ABN-37932479648	inferred
University of Melbourne	14925	1982	AU-ABN-84002705224	reported
John Pierce Centre	4025	1982	AU-ABN-55005611601	reported
Old Colonists' Association of Victoria	2500	1982	AU-ABN-15660751609	inferred
International Social Service Australia	500	1982	AU-ABN-12004508641	reported
Christian Community College Portland	1000	1982	AU-ABN-25005371344	inferred
Centre for Excellence in Child and Family Welfare	1000	1982	AU-ABN-24629376672	inferred
Black Rock Life Saving Club Inc	3000	1982	AU-ABN-51903763953	reported
St Martins Youth Arts Centre	5458	1982	AU-ABN-15005633750	inferred
Uniting (Victoria and Tasmania) Ltd	2000	1982	AU-ABN-81098317125	inferred
Woodbine	2000	1982	AU-ABN-54139944572	inferred
St John Ambulance Australia (Victoria) Inc	747	1982	AU-ABN-69061844380	inferred
St John Ambulance Australia (Victoria) Inc	2000	1982	AU-ABN-69061844380	inferred
Carry On Victoria	500	1982	AU-ABN-67004508936	inferred
Anglicare Victoria	2000	1982	AU-ABN-97397067466	reported
Interchange Outer East	2500	1982	AU-ABN-65711736371	inferred
Taskforce Community Agency Inc	3000	1982	AU-ABN-48909624457	reported
The Royal Melbourne Hospital	7000	1982	AU-GOV-717569	inferred
Melbourne Legacy	2000	1982	AU-ABN-78043769632	inferred
The Scout Association of Australia Victorian Branch Scouts Victoria	1000	1982	AU-ABN-39662387026	inferred
Uniting (Victoria and Tasmania) Ltd	500	1982	AU-ABN-81098317125	inferred
Noah's Ark Inc	2000	1982	AU-ABN-53172346047	reported
Cottage by the Sea Queenscliff Inc	2000	1982	AU-ABN-21987748593	reported
Solve Disability Solutions	5000	1982	AU-ABN-16294381734	inferred
Uniting (Victoria and Tasmania) Ltd	10000	1982	AU-ABN-81098317125	inferred
Victorian YMCA Youth & Community Services Inc	5000	1981	AU-ABN-42858439742	reported
Open House Christian Involvement Centres	5000	1981	AU-ABN-13005130272	reported
Baptcare Ltd	1000	1981	AU-ABN-12069130463	reported
Walter and Eliza Hall Institute of Medical Research	15546	1981	AU-ABN-12004251423	inferred
The Royal Children's Hospital Foundation Limited	20000	1981	AU-ABN-15007143142	reported
Peter MacCallum Cancer Institute	10000	1981	AU-ABN-42100504883	inferred
Cancer Council Victoria	5000	1981	AU-ABN-61426486715	reported
University of Melbourne	6910	1981	AU-ABN-84002705224	reported
Deakin University	8000	1981	AU-ABN-56721584203	reported
Children Australia Inc	10000	1981	AU-ABN-90680959928	reported
Taskforce Community Agency Inc	2000	1981	AU-ABN-48909624457	reported
The Salvation Army (Victoria) Property Trust	2500	1981	AU-ABN-64472238844	inferred
Trust For Nature (Victoria)	5000	1981	AU-ABN-60292993543	reported
Bayley House	10000	1981	AU-ABN-79262349071	reported
Victorian Council of Social Service	15000	1981	AU-ABN-23005014988	reported
Royal Freemasons' Homes of Victoria	20000	1981	AU-ABN-97236076288	inferred
Brotherhood of St Laurence	5000	1981	AU-ABN-24603467024	reported
Mercy Hospitals Victoria Ltd	5300	1981	AU-ABN-74762230429	inferred
Onemda Association Inc	10000	1981	AU-ABN-76721607868	inferred
Point Lonsdale Surf Life Saving Club	5000	1981	AU-ABN-90650713800	inferred
St Vincent's Hospital (Melbourne) Limited	7100	1981	AU-ABN-22052110755	inferred
St Andrew's Hospital	2100	1981	AU-ABN-24589292505	inferred
Statewide Autistic Services Inc	2500	1981	AU-ABN-43511367128	inferred
Royal Life Saving Society Australia - Victoria Branch	10000	1981	AU-ABN-92279975269	inferred
Odyssey House Victoria	25000	1981	AU-ABN-11005583960	reported
MS Australia	10000	1981	AU-ABN-11633632872	inferred
Melbourne City Mission	1670	1981	AU-ABN-56161846149	reported
Berry Street Victoria	2000	1981	AU-ABN-24719196762	inferred
The Salvation Army (Victoria) Property Trust	5000	1981	AU-ABN-64472238844	inferred
Zoos Victoria	5000	1981	AU-GOV-403321	reported
Victorian Council on the Ageing	10000	1981	AU-ABN-81960500420	inferred
Bayley House	2500	1981	AU-ABN-79262349071	reported
Lions Club of Apollo Bay Inc	2500	1981	AU-ABN-24103622034	inferred
Mittagundi Outdoor Education Centre - Omeo	5000	1981	AU-ABN-41005502625	inferred
Lions Club City of Melbourne	10000	1981	AU-ABN-67268303969	inferred
Presbyterian and Scots' Church Joint Mission - St Kilda	2500	1981	AU-ABN-78971273244	inferred
Methodist Ladies College - Kew	5000	1981	AU-ABN-52742627687	inferred
Mansfield District Hospital	5000	1981	AU-ABN-65866548895	reported
International Social Service Australia	500	1981	AU-ABN-12004508641	reported
Family Life	2815	1981	AU-ABN-37712782209	inferred
Dame Pattie Menzies Centre Inc	2500	1981	AU-ABN-51724115911	reported
Buoyancy Foundation Of Victoria Inc	1000	1981	AU-ABN-37932479648	inferred
Brotherhood of St Laurence	1000	1981	AU-ABN-24603467024	reported
Vision Australia Foundation	25000	1981	AU-ABN-91007428284	reported
TRY Australia Children's Services	2500	1981	AU-ABN-17157351722	reported
Odyssey House Victoria	3000	1981	AU-ABN-11005583960	reported
Rossbourne School	2000	1981	AU-ABN-39004717300	reported
Karingal Inc	10000	1981	AU-ABN-97468305401	reported
Child Accident Prevention Foundation Of Australia	10000	1981	AU-ABN-26008545382	reported
Centre for Excellence in Child and Family Welfare	1000	1981	AU-ABN-24629376672	inferred
Woodbine	2500	1981	AU-ABN-54139944572	inferred
Noah's Ark Inc	2000	1981	AU-ABN-53172346047	reported
Monash University	1000	1981	AU-ABN-12377614012	reported
ICA - The Institute Of Cultural Affairs	4000	1981	AU-ABN-41001286639	inferred
Cottage by the Sea Queenscliff Inc	5000	1981	AU-ABN-21987748593	reported
Lord Somers Camp and Power House	5000	1981	AU-ABN-96004505373	reported
Uniting (Victoria and Tasmania) Ltd	2000	1981	AU-ABN-81098317125	inferred
Anglicare Victoria	2000	1981	AU-ABN-97397067466	reported
Walter and Eliza Hall Institute of Medical Research	20000	1980	AU-ABN-12004251423	inferred
Royal Freemasons' Homes of Victoria	20000	1980	AU-ABN-97236076288	inferred
Monash University	10000	1980	AU-ABN-12377614012	reported
Melbourne Legacy	2000	1980	AU-ABN-78043769632	inferred
Melbourne Grammar School	2000	1980	AU-ABN-61004453829	reported
Drummond Street Services	1500	1980	AU-ABN-85690831425	inferred
City of Melbourne	7300	1980	AU-ABN-55370219287	inferred
University of Melbourne	1000	1980	AU-ABN-84002705224	reported
The Royal Victorian Eye And Ear Hospital	20000	1980	AU-GOV-281989	inferred
Statewide Autistic Services Inc	1000	1980	AU-ABN-43511367128	inferred
St Patrick's College	2500	1980	AU-ABN-26002692748	reported
Baptcare Ltd	5000	1980	AU-ABN-12069130463	reported
Save The Children Australia	1000	1980	AU-ABN-99008610035	reported
Taskforce Community Agency Inc	2500	1980	AU-ABN-48909624457	reported
The Salvation Army (Victoria) Property Trust	5000	1980	AU-ABN-64472238844	inferred
Children Australia Inc	10000	1980	AU-ABN-90680959928	reported
Lady Gowrie Child Centre (Melbourne) Inc	500	1980	AU-ABN-27625198252	inferred
Don Bosco Brunswick Youth Foundation Inc	2000	1980	AU-ABN-34446626051	inferred
Trust For Nature (Victoria)	1000	1980	AU-ABN-60292993543	reported
Eltham College	2000	1980	AU-ABN-31004992750	reported
Buoyancy Foundation Of Victoria Inc	1000	1980	AU-ABN-37932479648	inferred
Museum Victoria	1000	1980	AU-GOV-295636	inferred
Fronditha Care Inc	1000	1980	AU-ABN-71424124816	inferred
Heathmont Inter Church Help Inc	250	1980	AU-ABN-75215221903	reported
Carry On Victoria	500	1980	AU-ABN-67004508936	inferred
Berry Street Victoria	2000	1980	AU-ABN-24719196762	inferred
MS Australia	5000	1980	AU-ABN-11633632872	inferred
Lord Mayor's Charitable Fund	5000	1980	AU-ABN-63635798473	reported
Victorian YMCA Youth & Community Services Inc	500	1980	AU-ABN-42858439742	reported
Uniting (Victoria and Tasmania) Ltd	500	1980	AU-ABN-81098317125	inferred
Hanover Welfare Services	1000	1980	AU-ABN-89742307083	reported
Child & Family Services Ballarat Inc	5000	1980	AU-ABN-83786843940	reported
St Andrew's Hospital	1000	1980	AU-ABN-24589292505	inferred
St Michael's Grammar School Appeal	2500	1980	AU-ABN-12006421861	inferred
The Royal Children's Hospital Foundation Limited	10000	1980	AU-ABN-15007143142	reported
Vision Australia Limited	3500	1980	AU-ABN-67108391831	reported
The Royal Children's Hospital Foundation Limited	3500	1980	AU-ABN-15007143142	reported
The Lost Dogs Home	2000	1980	AU-ABN-84004789726	inferred
Royal Society for the Prevention of Cruelty to Animals	2000	1980	AU-ABN-71723781546	inferred
Mission to Seafarers Victoria Inc	3000	1980	AU-ABN-18630990996	inferred
Victorian YMCA Youth & Community Services Inc	1000	1980	AU-ABN-42858439742	reported
Marcus Oldham College	1000	1980	AU-ABN-50071444409	reported
International Social Service Australia	500	1980	AU-ABN-12004508641	reported
Drummond Street Services	500	1980	AU-ABN-85690831425	inferred
Brotherhood of St Laurence	1000	1980	AU-ABN-24603467024	reported
Travellers Aid Australia	500	1980	AU-ABN-79004080862	reported
Odyssey House Victoria	25000	1979	AU-ABN-11005583960	reported
Melbourne Legacy	5000	1979	AU-ABN-78043769632	inferred
Family Life	5000	1979	AU-ABN-37712782209	inferred
Victorian Council on the Ageing	500	1979	AU-ABN-81960500420	inferred
Mercy Hospitals Victoria Ltd	5000	1979	AU-ABN-74762230429	inferred
Doxa Youth Foundation	1000	1979	AU-ABN-28005056262	reported
Baptcare Ltd	1000	1979	AU-ABN-12069130463	reported
Lord Mayor's Charitable Fund	7500	1979	AU-ABN-63635798473	reported
The Salvation Army (Victoria) Property Trust	5000	1979	AU-ABN-64472238844	inferred
Ballarat Health Services	5000	1979	AU-GOV-294441	reported
Anglicare Victoria	1000	1979	AU-ABN-97397067466	reported
Sovereign Hill Museum Association	2000	1979	AU-ABN-87565053651	inferred
Buoyancy Foundation Of Victoria Inc	500	1979	AU-ABN-37932479648	inferred
Brighton Grammar School Foundation - Brighton	5000	1979	AU-ABN-81007141488	inferred
The Salvation Army (Victoria) Property Trust	5000	1979	AU-ABN-64472238844	inferred
Royal Humane Society of Australasia	10000	1979	AU-ABN-47160010994	inferred
Save The Children Australia	1000	1979	AU-ABN-99008610035	reported
Royal Freemasons' Homes of Victoria	20000	1979	AU-ABN-97236076288	inferred
Statewide Autistic Services Inc	1000	1979	AU-ABN-43511367128	inferred
MS Australia	5000	1979	AU-ABN-11633632872	inferred
Epworth Foundation	5000	1979	AU-ABN-97420694950	reported
Cottage by the Sea Queenscliff Inc	2000	1979	AU-ABN-21987748593	reported
Vision Australia Limited	2200	1979	AU-ABN-67108391831	reported
The Royal Children's Hospital Foundation Limited	2500	1979	AU-ABN-15007143142	reported
The Lost Dogs Home	1250	1979	AU-ABN-84004789726	inferred
Royal Society for the Prevention of Cruelty to Animals	1250	1979	AU-ABN-71723781546	inferred
Mission to Seafarers Victoria Inc	2500	1979	AU-ABN-18630990996	inferred
Deakin University	5000	1979	AU-ABN-56721584203	reported
Old Colonists' Association of Victoria	1000	1979	AU-ABN-15660751609	inferred
Family Life	1000	1979	AU-ABN-37712782209	inferred
St Andrew's Hospital	2500	1979	AU-ABN-24589292505	inferred
Monash University	10000	1979	AU-ABN-12377614012	reported
Victorian YMCA Youth & Community Services Inc	500	1979	AU-ABN-42858439742	reported
Centre for Excellence in Child and Family Welfare	1000	1979	AU-ABN-24629376672	inferred
Baptcare Ltd	500	1979	AU-ABN-12069130463	reported
Rossbourne School	2000	1979	AU-ABN-39004717300	reported
Lauriston Girls' School	2500	1979	AU-ABN-15004264402	reported
Brotherhood of St Laurence	1000	1979	AU-ABN-24603467024	reported
Victorian Council on the Ageing	500	1979	AU-ABN-81960500420	inferred
Queen's College	500	1979	AU-ABN-58637295973	inferred
National Trust of Australia (Victoria)	1000	1979	AU-ABN-61004356192	reported
Victorian YMCA Youth & Community Services Inc	500	1979	AU-ABN-42858439742	reported
Drummond Street Services	1000	1979	AU-ABN-85690831425	inferred
Uniting (Victoria and Tasmania) Ltd	500	1979	AU-ABN-81098317125	inferred
Walter and Eliza Hall Institute of Medical Research	10000	1978	AU-ABN-12004251423	inferred
Victorian YMCA Youth & Community Services Inc	1000	1978	AU-ABN-42858439742	reported
Trust For Nature (Victoria)	1000	1978	AU-ABN-60292993543	reported
West Gippsland Healthcare Group	1000	1978	AU-ABN-39261883406	inferred
Richmond Creche and Kindergarten	500	1978	AU-ABN-13716454021	inferred
National Heart Foundation of Australia (Victorian Division)	1000	1978	AU-ABN-25004463334	reported
The Salvation Army (Victoria) Property Trust	5000	1978	AU-ABN-64472238844	inferred
Freemasons Hospital	25000	1978	AU-ABN-53074431708	reported
The Salvation Army (Victoria) Property Trust	500	1978	AU-ABN-64472238844	inferred
St Michael's Grammar School Appeal	2500	1978	AU-ABN-12006421861	inferred
Heywood Rural health	1000	1978	AU-ABN-13439112909	reported
Girl Guides Association of Victoria	10000	1978	AU-ABN-59533729847	reported
Cottage by the Sea Queenscliff Inc	5000	1978	AU-ABN-21987748593	reported
Ballarat Health Services	1000	1978	AU-GOV-294441	reported
Yea And District Memorial Hospital	1000	1978	AU-ABN-89549896178	inferred
National Trust of Australia (Victoria)	2500	1978	AU-ABN-61004356192	reported
The Royal Children's Hospital Foundation Limited	1390	1978	AU-ABN-15007143142	reported
Doxa Youth Foundation	1000	1978	AU-ABN-28005056262	reported
Buoyancy Foundation Of Victoria Inc	500	1978	AU-ABN-37932479648	inferred
Christian Community College Portland	1000	1978	AU-ABN-25005371344	inferred
Save The Children Australia	1000	1978	AU-ABN-99008610035	reported
Anglicare Victoria	1000	1978	AU-ABN-97397067466	reported
Vision Australia Limited	2500	1978	AU-ABN-67108391831	reported
The Royal Children's Hospital Foundation Limited	2500	1978	AU-ABN-15007143142	reported
The Lost Dogs Home	500	1978	AU-ABN-84004789726	inferred
Royal Society for the Prevention of Cruelty to Animals	1000	1978	AU-ABN-71723781546	inferred
Mission to Seafarers Victoria Inc	500	1978	AU-ABN-18630990996	inferred
Victorian Council on the Ageing	500	1978	AU-ABN-81960500420	inferred
International Social Service Australia	500	1978	AU-ABN-12004508641	reported
Lord Mayor's Charitable Fund	10000	1978	AU-ABN-63635798473	reported
St John Ambulance Australia (Victoria) Inc	2000	1978	AU-ABN-69061844380	inferred
Mercy Diocesan College	500	1978	AU-ABN-48146301765	reported
Statewide Autistic Services Inc	1000	1978	AU-ABN-43511367128	inferred
Victorian YMCA Youth & Community Services Inc	500	1978	AU-ABN-42858439742	reported
St Andrew's Hospital	1000	1978	AU-ABN-24589292505	inferred
SPELD Victoria Inc	1200	1978	AU-ABN-51178974489	inferred
St Patrick's Cathedral Maintenance & Restoration Fund	2500	1977	AU-ABN-83460705615	inferred
Ivanhoe Grammar School	1000	1977	AU-ABN-69004083247	inferred
Child & Family Services Ballarat Inc	5000	1977	AU-ABN-83786843940	reported
Melbourne High School	10000	1977	AU-ABN-99980701814	reported
National Heart Foundation of Australia (Victorian Division)	1000	1977	AU-ABN-25004463334	reported
Drummond Street Services	1000	1977	AU-ABN-85690831425	inferred
Buoyancy Foundation Of Victoria Inc	500	1977	AU-ABN-37932479648	inferred
Brighton Grammar School Foundation - Brighton	5000	1977	AU-ABN-81007141488	inferred
Baptcare Ltd	500	1977	AU-ABN-12069130463	reported
Berry Street Victoria	5000	1977	AU-ABN-24719196762	inferred
The Salvation Army (Victoria) Property Trust	5000	1977	AU-ABN-64472238844	inferred
Uniting (Victoria and Tasmania) Ltd	500	1977	AU-ABN-81098317125	inferred
Warracknabeal Memorial Kindergarten	250	1977	AU-ABN-61378441209	inferred
Woodbine	2000	1977	AU-ABN-54139944572	inferred
Yea And District Memorial Hospital	1000	1977	AU-ABN-89549896178	inferred
Reach Out For Kids Foundation Inc	500	1977	AU-ABN-71559149494	inferred
Doxa Youth Foundation	1000	1977	AU-ABN-28005056262	reported
Melbourne Legacy	10000	1977	AU-ABN-78043769632	inferred
Victorian Council on the Ageing	500	1977	AU-ABN-81960500420	inferred
Kyabram and District Health Services	1000	1977	AU-ABN-40003759225	inferred
Adult Deaf Society of Victoria	500	1977	AU-ABN-56004058084	inferred
MS Australia	5000	1976	AU-ABN-11633632872	inferred
Walter and Eliza Hall Institute of Medical Research	17500	1976	AU-ABN-12004251423	inferred
Vision Australia Limited	2000	1976	AU-ABN-67108391831	reported
The Royal Children's Hospital Foundation Limited	5000	1976	AU-ABN-15007143142	reported
The Royal Children's Hospital Foundation Limited	2000	1976	AU-ABN-15007143142	reported
The Lost Dogs Home	1000	1976	AU-ABN-84004789726	inferred
Royal Society for the Prevention of Cruelty to Animals	1000	1976	AU-ABN-71723781546	inferred
Mission to Seafarers Victoria Inc	1000	1976	AU-ABN-18630990996	inferred
Statewide Autistic Services Inc	500	1976	AU-ABN-43511367128	inferred
National Heart Foundation of Australia (Victorian Division)	1000	1976	AU-ABN-25004463334	reported
Uniting (Victoria and Tasmania) Ltd	500	1976	AU-ABN-81098317125	inferred
Save The Children Australia	1000	1976	AU-ABN-99008610035	reported
The Salvation Army (Victoria) Property Trust	1000	1976	AU-ABN-64472238844	inferred
The Salvation Army (Victoria) Property Trust	1000	1976	AU-ABN-64472238844	inferred
Anglicare Victoria	1000	1976	AU-ABN-97397067466	reported
Camberwell Grammar School	1000	1976	AU-ABN-12004131159	inferred
Victorian YMCA Youth & Community Services Inc	500	1976	AU-ABN-42858439742	reported
Buoyancy Foundation Of Victoria Inc	500	1976	AU-ABN-37932479648	inferred
Vision Australia Limited	3500	1976	AU-ABN-67108391831	reported
The Royal Children's Hospital Foundation Limited	3000	1976	AU-ABN-15007143142	reported
The Lost Dogs Home	250	1976	AU-ABN-84004789726	inferred
Royal Society for the Prevention of Cruelty to Animals	600	1976	AU-ABN-71723781546	inferred
Mission to Seafarers Victoria Inc	250	1976	AU-ABN-18630990996	inferred
St Andrew's Hospital	2000	1976	AU-ABN-24589292505	inferred
Monash University	1000	1976	AU-ABN-12377614012	reported
International Social Service Australia	500	1976	AU-ABN-12004508641	reported
St Patrick's College	1000	1976	AU-ABN-26002692748	reported
Baptcare Ltd	500	1976	AU-ABN-12069130463	reported
Woodbine	1000	1975	AU-ABN-54139944572	inferred
Victorian Council on the Ageing	500	1975	AU-ABN-81960500420	inferred
University of Melbourne	100	1975	AU-ABN-84002705224	reported
The Salvation Army (Victoria) Property Trust	1000	1975	AU-ABN-64472238844	inferred
National Heart Foundation of Australia (Victorian Division)	1000	1975	AU-ABN-25004463334	reported
Melbourne High School	3000	1975	AU-ABN-99980701814	reported
Colac Area Health	1000	1975	AU-ABN-39087165191	reported
Scotch College Melbourne	10000	1975	AU-ABN-86852826445	inferred
Victorian YMCA Youth & Community Services Inc	500	1975	AU-ABN-42858439742	reported
The Hamilton and Alexandra College	500	1975	AU-ABN-87006456266	reported
Statewide Autistic Services Inc	1000	1975	AU-ABN-43511367128	inferred
Onemda Association Inc	500	1975	AU-ABN-76721607868	inferred
Anglicare Victoria	7500	1975	AU-ABN-97397067466	reported
St Andrew's Hospital	1000	1975	AU-ABN-24589292505	inferred
St Leonard's College - East Brighton	25000	1975	AU-ABN-52006106556	inferred
Anglicare Victoria	2500	1975	AU-ABN-97397067466	reported
Walter and Eliza Hall Institute of Medical Research	7500	1974	AU-ABN-12004251423	inferred
Vision Australia Limited	500	1974	AU-ABN-67108391831	reported
Vision Australia Limited	10000	1974	AU-ABN-67108391831	reported
Vision Australia Limited	2400	1974	AU-ABN-67108391831	reported
The Salvation Army (Victoria) Property Trust	1000	1974	AU-ABN-64472238844	inferred
The Royal Children's Hospital Foundation Limited	2500	1974	AU-ABN-15007143142	reported
The Lost Dogs Home	450	1974	AU-ABN-84004789726	inferred
Royal Society for the Prevention of Cruelty to Animals	1050	1974	AU-ABN-71723781546	inferred
National Heart Foundation of Australia (Victorian Division)	100	1974	AU-ABN-25004463334	reported
Mission to Seafarers Victoria Inc	450	1974	AU-ABN-18630990996	inferred
Melbourne Legacy	5000	1974	AU-ABN-78043769632	inferred
Family Life	500	1974	AU-ABN-37712782209	inferred
Bayley House	500	1974	AU-ABN-79262349071	reported
Barwon Health	1000	1974	AU-GOV-288160	reported
Ballarat Health Services	500	1974	AU-GOV-294441	reported
The Royal Melbourne Hospital	20000	1974	AU-GOV-717569	inferred
Statewide Autistic Services Inc	250	1974	AU-ABN-43511367128	inferred
MS Australia	2500	1974	AU-ABN-11633632872	inferred
Council of the Ageing (Victoria) Inc	250	1974	AU-ABN-81960500420	inferred
Child & Family Services Ballarat Inc	250	1974	AU-ABN-83786843940	reported
The Scout Association of Australia Victorian Branch Scouts Victoria	500	1974	AU-ABN-39662387026	inferred
Statewide Autistic Services Inc	1000	1974	AU-ABN-43511367128	inferred
Ballarat and Queen's Anglican Grammar School	500	1974	AU-ABN-93005091805	reported
Western District Health Service	1000	1973	AU-ABN-47616976917	inferred
University of Melbourne	500	1973	AU-ABN-84002705224	reported
Trinity College	500	1973	AU-ABN-39485211746	reported
The Salvation Army (Victoria) Property Trust	1000	1973	AU-ABN-64472238844	inferred
The Royal Children's Hospital Foundation Limited	892	1973	AU-ABN-15007143142	reported
Statewide Autistic Services Inc	500	1973	AU-ABN-43511367128	inferred
St Vincent's Hospital (Melbourne) Limited	1000	1973	AU-ABN-22052110755	inferred
St Vincent's Hospital (Melbourne) Limited	2000	1973	AU-ABN-22052110755	inferred
SPELD Victoria Inc	2500	1973	AU-ABN-51178974489	inferred
National Heart Foundation of Australia (Victorian Division)	500	1973	AU-ABN-25004463334	reported
MS Australia	500	1973	AU-ABN-11633632872	inferred
Melbourne Grammar School	20000	1973	AU-ABN-61004453829	reported
Lions Village Licola Inc	250	1973	AU-ABN-13915642767	reported
Freemasons Hospital	20000	1973	AU-ABN-53074431708	reported
Family Life	500	1973	AU-ABN-37712782209	inferred
Vision Australia Limited	450	1972	AU-ABN-67108391831	reported
The Salvation Army (Victoria) Property Trust	750	1972	AU-ABN-64472238844	inferred
The Royal Children's Hospital Foundation Limited	475	1972	AU-ABN-15007143142	reported
The Lost Dogs Home	100	1972	AU-ABN-84004789726	inferred
Statewide Autistic Services Inc	1000	1972	AU-ABN-43511367128	inferred
Royal Society for the Prevention of Cruelty to Animals	100	1972	AU-ABN-71723781546	inferred
National Heart Foundation of Australia (Victorian Division)	500	1972	AU-ABN-25004463334	reported
Mission to Seafarers Victoria Inc	200	1972	AU-ABN-18630990996	inferred
Family Life	500	1972	AU-ABN-37712782209	inferred
Adult Deaf Society of Victoria	500	1972	AU-ABN-56004058084	inferred
West Gippsland Healthcare Group	500	1972	AU-ABN-39261883406	inferred
Walter and Eliza Hall Institute of Medical Research	4000	1972	AU-ABN-12004251423	inferred
Vision Australia Limited	815	1972	AU-ABN-67108391831	reported
University of Melbourne	50	1972	AU-ABN-84002705224	reported
Torquay Surf Life Saving Club	500	1972	AU-ABN-95834027136	inferred
The Salvation Army (Victoria) Property Trust	250	1972	AU-ABN-64472238844	inferred
The Royal Children's Hospital Foundation Limited	1000	1972	AU-ABN-15007143142	reported
The Lost Dogs Home	165	1972	AU-ABN-84004789726	inferred
Royal Society for the Prevention of Cruelty to Animals	200	1972	AU-ABN-71723781546	inferred
National Heart Foundation of Australia (Victorian Division)	500	1972	AU-ABN-25004463334	reported
Mission to Seafarers Victoria Inc	200	1972	AU-ABN-18630990996	inferred
Melbourne Grammar School	5000	1972	AU-ABN-61004453829	reported
Family Life	500	1972	AU-ABN-37712782209	inferred
Calvary Health Care Bethlehem Limited	250	1972	AU-ABN-81105303704	reported
Brotherhood of St Laurence	100	1972	AU-ABN-24603467024	reported
Bayley House	500	1972	AU-ABN-79262349071	reported
Walter and Eliza Hall Institute of Medical Research	1000	1971	AU-ABN-12004251423	inferred
Vision Australia Limited	423	1971	AU-ABN-67108391831	reported
University of Melbourne	10000	1971	AU-ABN-84002705224	reported
Uniting (Victoria and Tasmania) Ltd	500	1971	AU-ABN-81098317125	inferred
The Royal Victorian Eye And Ear Hospital	500	1971	AU-GOV-281989	inferred
The Royal Children's Hospital Foundation Limited	423	1971	AU-ABN-15007143142	reported
The Lost Dogs Home	161	1971	AU-ABN-84004789726	inferred
St Vincent's Institute of Medical Research	500	1971	AU-ABN-52004705640	inferred
Royal Society for the Prevention of Cruelty to Animals	161	1971	AU-ABN-71723781546	inferred
Peninsula Health	250	1971	AU-GOV-282392	reported
Monash University	10000	1971	AU-ABN-12377614012	reported
Monash University	250	1971	AU-ABN-12377614012	reported
Mission to Seafarers Victoria Inc	163	1971	AU-ABN-18630990996	inferred
Cancer Council Victoria	500	1971	AU-ABN-61426486715	reported
St Margaret's School	250	1970	AU-ABN-49004260995	inferred
Vision Australia Limited	368	1969	AU-ABN-67108391831	reported
University of Melbourne	5000	1969	AU-ABN-84002705224	reported
The Royal Children's Hospital Foundation Limited	368	1969	AU-ABN-15007143142	reported
The Lost Dogs Home	109	1969	AU-ABN-84004789726	inferred
Royal Society for the Prevention of Cruelty to Animals	109	1969	AU-ABN-71723781546	inferred
Monash University	5000	1969	AU-ABN-12377614012	reported
Mission to Seafarers Victoria Inc	109	1969	AU-ABN-18630990996	inferred
Melbourne Legacy	200	1969	AU-ABN-78043769632	inferred
Vision Australia Limited	2000	1968	AU-ABN-67108391831	reported
University of Melbourne	5000	1968	AU-ABN-84002705224	reported
St Margaret's School	250	1968	AU-ABN-49004260995	inferred
Monash University	4000	1968	AU-ABN-12377614012	reported
Monash University	10000	1968	AU-ABN-12377614012	reported
Monash University	5000	1968	AU-ABN-12377614012	reported
Vision Australia Limited	350	1967	AU-ABN-67108391831	reported
The Royal Children's Hospital Foundation Limited	329	1967	AU-ABN-15007143142	reported
The Lost Dogs Home	160	1967	AU-ABN-84004789726	inferred
St Margaret's School	250	1967	AU-ABN-49004260995	inferred
Royal Society for the Prevention of Cruelty to Animals	160	1967	AU-ABN-71723781546	inferred
Mission to Seafarers Victoria Inc	125	1967	AU-ABN-18630990996	inferred
Mission to Seafarers Victoria Inc	35	1967	AU-ABN-18630990996	inferred
Vision Australia Limited	300	1966	AU-ABN-67108391831	reported
University of Melbourne	8000	1966	AU-ABN-84002705224	reported
The Royal Children's Hospital Foundation Limited	327	1966	AU-ABN-15007143142	reported
The Lost Dogs Home	150	1966	AU-ABN-84004789726	inferred
St Hilda's College	500	1966	AU-ABN-68426085488	reported
Royal Society for the Prevention of Cruelty to Animals	150	1966	AU-ABN-71723781546	inferred
Monash University	15000	1966	AU-ABN-12377614012	reported
Mission to Seafarers Victoria Inc	150	1966	AU-ABN-18630990996	inferred
Walter and Eliza Hall Institute of Medical Research	20000	1965	AU-ABN-12004251423	inferred
Vision Australia Limited	286	1965	AU-ABN-67108391831	reported
University of Melbourne	14605	1965	AU-ABN-84002705224	reported
The Royal Children's Hospital Foundation Limited	286	1965	AU-ABN-15007143142	reported
The Lost Dogs Home	142	1965	AU-ABN-84004789726	inferred
Royal Society for the Prevention of Cruelty to Animals	142	1965	AU-ABN-71723781546	inferred
Monash University	20000	1965	AU-ABN-12377614012	reported
Mission to Seafarers Victoria Inc	142	1965	AU-ABN-18630990996	inferred
Vision Australia Limited	222	1964	AU-ABN-67108391831	reported
The Royal Children's Hospital Foundation Limited	222	1964	AU-ABN-15007143142	reported
The Lost Dogs Home	62	1964	AU-ABN-84004789726	inferred
Royal Society for the Prevention of Cruelty to Animals	62	1964	AU-ABN-71723781546	inferred
Mission to Seafarers Victoria Inc	62	1964	AU-ABN-18630990996	inferred
Mercy Hospitals Victoria Ltd	1000	1964	AU-ABN-74762230429	inferred
Melbourne Legacy	200	1964	AU-ABN-78043769632	inferred
Vision Australia Limited	198	1962	AU-ABN-67108391831	reported
The Royal Children's Hospital Foundation Limited	198	1962	AU-ABN-15007143142	reported
The Lost Dogs Home	99	1962	AU-ABN-84004789726	inferred
Royal Society for the Prevention of Cruelty to Animals	99	1962	AU-ABN-71723781546	inferred
Mission to Seafarers Victoria Inc	99	1962	AU-ABN-18630990996	inferred
Vision Australia Limited	209	1961	AU-ABN-67108391831	reported
The Royal Children's Hospital Foundation Limited	209	1961	AU-ABN-15007143142	reported
The Lost Dogs Home	105	1961	AU-ABN-84004789726	inferred
Royal Society for the Prevention of Cruelty to Animals	105	1961	AU-ABN-71723781546	inferred
Mission to Seafarers Victoria Inc	105	1961	AU-ABN-18630990996	inferred
Vision Australia Limited	198	1956	AU-ABN-67108391831	reported
The Royal Children's Hospital Foundation Limited	198	1956	AU-ABN-15007143142	reported
The Lost Dogs Home	24	1956	AU-ABN-84004789726	inferred
Royal Society for the Prevention of Cruelty to Animals	24	1956	AU-ABN-71723781546	inferred
Mission to Seafarers Victoria Inc	24	1956	AU-ABN-18630990996	inferred
Melbourne Legacy	300	1956	AU-ABN-78043769632	inferred
Vision Australia Limited	1319	1955	AU-ABN-67108391831	reported
Victorian YMCA Youth & Community Services Inc	1802	1955	AU-ABN-42858439742	reported
Uniting (Victoria and Tasmania) Ltd	1802	1955	AU-ABN-81098317125	inferred
TRY Australia	1802	1955	AU-ABN-90151552331	reported
The Salvation Army (Victoria) Property Trust	1802	1955	AU-ABN-64472238844	inferred
The Royal Children's Hospital Foundation Limited	1319	1955	AU-ABN-15007143142	reported
The Lost Dogs Home	585	1955	AU-ABN-84004789726	inferred
Royal Society for the Prevention of Cruelty to Animals	585	1955	AU-ABN-71723781546	inferred
Mission to Seafarers Victoria Inc	585	1955	AU-ABN-18630990996	inferred
Menzies Inc	1802	1955	AU-ABN-55784349165	inferred
Melbourne Legacy	300	1955	AU-ABN-78043769632	inferred
Melbourne City Mission	1802	1955	AU-ABN-56161846149	reported
Cancer Council Victoria	1802	1955	AU-ABN-61426486715	reported
Brotherhood of St Laurence	1802	1955	AU-ABN-24603467024	reported
Berry Street Victoria	1802	1955	AU-ABN-24719196762	inferred
Anglicare Victoria	1802	1955	AU-ABN-97397067466	reported
Anglicare Victoria	1802	1955	AU-ABN-97397067466	reported
Anglicare Victoria	1802	1955	AU-ABN-97397067466	reported
